"task","rep","N","illume_s","lme4_s","glmmTMB_s","max_absdiff_lme4","max_absdiff_glmmTMB","nnet_s","max_absdiff_nnet"
"gaussian_mm",1,1000,0.328090906143188,0.0911750793457031,0.343713045120239,2.76589548758865e-06,2.03657325917317e-06,NA,NA
"gaussian_mm",2,1000,0.414573907852173,0.0312371253967285,0.260050058364868,7.34571062116496e-07,2.91736969254552e-06,NA,NA
"gaussian_mm",3,1000,0.240839004516602,0.0327720642089844,0.24491810798645,1.12197888590959e-07,1.56872501905214e-06,NA,NA
"gaussian_mm",4,1000,0.173931837081909,0.0300400257110596,0.238072872161865,6.0356258162475e-06,5.32972201222615e-06,NA,NA
"gaussian_mm",5,1000,0.19999885559082,0.0430970191955566,0.232836008071899,8.31643038545771e-07,4.4180031649188e-06,NA,NA
"gaussian_mm",6,1000,0.164951086044312,0.0275330543518066,0.236615896224976,2.29367035636807e-06,1.26789539801608e-05,NA,NA
"gaussian_mm",7,1000,0.157589912414551,0.0260441303253174,0.188637018203735,5.21666232211615e-07,6.28970103483395e-06,NA,NA
"gaussian_mm",8,1000,0.367748022079468,0.0348799228668213,0.282756090164185,9.67513578364887e-07,2.26201081269806e-05,NA,NA
"gaussian_mm",9,1000,0.199783086776733,0.0328230857849121,0.232524156570435,8.71128147839073e-07,2.62334030759481e-06,NA,NA
"gaussian_mm",10,1000,0.182951927185059,0.0377810001373291,0.204227924346924,2.72820833099874e-06,7.29780455166473e-06,NA,NA
"gaussian_mm",11,1000,0.23193097114563,0.0269150733947754,0.204073190689087,8.21125938771372e-07,5.05203018263956e-06,NA,NA
"gaussian_mm",12,1000,0.236042976379395,0.0600941181182861,0.330175876617432,2.2220962723335e-06,7.53764369389176e-06,NA,NA
"gaussian_mm",13,1000,0.209121942520142,0.0290601253509521,0.231816053390503,2.71780524285781e-06,1.96069637387053e-06,NA,NA
"gaussian_mm",14,1000,0.268357992172241,0.0506410598754883,0.30332088470459,3.54393739188108e-07,3.22151869522336e-06,NA,NA
"gaussian_mm",15,1000,0.192219018936157,0.0395340919494629,0.288116931915283,9.55136304270354e-07,2.14504477402677e-06,NA,NA
"gaussian_mm",16,1000,0.204516172409058,0.0313339233398438,0.244940996170044,1.5171897969346e-06,1.15420679472344e-05,NA,NA
"gaussian_mm",17,1000,0.209181785583496,0.0496327877044678,0.239296913146973,4.81350584946583e-08,2.53778775310964e-06,NA,NA
"gaussian_mm",18,1000,0.193161964416504,0.0355160236358643,0.240963935852051,1.503469023445e-06,1.54366977195286e-06,NA,NA
"gaussian_mm",19,1000,0.222975015640259,0.0493690967559814,0.276371955871582,1.77295791853327e-06,1.50201328061317e-06,NA,NA
"gaussian_mm",20,1000,0.207906007766724,0.0419180393218994,0.253759860992432,2.56151680200212e-07,1.99444353837785e-06,NA,NA
"gaussian_mm",21,1000,0.19340991973877,0.0260660648345947,0.293939828872681,2.94170779346903e-06,4.08121394623873e-06,NA,NA
"gaussian_mm",22,1000,0.172257900238037,0.0255839824676514,0.182477235794067,1.71369783460995e-06,4.63863394251085e-06,NA,NA
"gaussian_mm",23,1000,0.263655185699463,0.0266549587249756,0.276103019714355,2.78070137438302e-06,3.60974899593636e-06,NA,NA
"gaussian_mm",24,1000,0.30095911026001,0.0258481502532959,0.203122138977051,1.88288508301548e-06,1.12651392725205e-05,NA,NA
"gaussian_mm",25,1000,0.208333969116211,0.025892972946167,0.188849210739136,3.37868093058802e-07,1.16684833198488e-06,NA,NA
"gaussian_mm",26,1000,0.180261135101318,0.037161111831665,0.272228002548218,8.23275608158314e-07,1.81025044845851e-06,NA,NA
"gaussian_mm",27,1000,0.196249008178711,0.0256888866424561,0.193041086196899,5.77985772132195e-07,3.36611307116819e-06,NA,NA
"gaussian_mm",28,1000,0.172070980072021,0.0354321002960205,0.173571109771729,2.65104432067842e-06,2.12645846551784e-05,NA,NA
"gaussian_mm",29,1000,0.267580986022949,0.0260028839111328,0.189510107040405,2.55274516797188e-06,2.32792259152736e-06,NA,NA
"gaussian_mm",30,1000,0.171566963195801,0.0423309803009033,0.235231876373291,7.47237393017297e-07,2.25495013467247e-06,NA,NA
"gaussian_mm",31,1000,0.275470972061157,0.0257260799407959,0.192793846130371,2.1419066919548e-06,2.82103685067536e-06,NA,NA
"gaussian_mm",32,1000,0.166995048522949,0.0257868766784668,0.267475128173828,5.57456782068755e-07,1.0059075563118e-05,NA,NA
"gaussian_mm",33,1000,0.183398008346558,0.0273280143737793,0.241319894790649,6.92808485941443e-07,1.39421487777014e-06,NA,NA
"gaussian_mm",34,1000,0.20238208770752,0.035059928894043,0.211152076721191,1.68278338208427e-06,8.24783438180265e-06,NA,NA
"gaussian_mm",35,1000,0.230947971343994,0.0283958911895752,0.202049970626831,5.26613188667202e-07,1.3255209015961e-06,NA,NA
"gaussian_mm",36,1000,0.193991899490356,0.0256149768829346,0.211693048477173,4.72735468604046e-07,1.38715561352754e-05,NA,NA
"gaussian_mm",37,1000,0.228796005249023,0.0325460433959961,0.218228101730347,1.00866796703958e-06,6.48468046815509e-07,NA,NA
"gaussian_mm",38,1000,0.280310153961182,0.0482399463653564,0.244070053100586,4.24808564380985e-07,4.75505771091456e-06,NA,NA
"gaussian_mm",39,1000,0.245174884796143,0.0410728454589844,0.224991083145142,3.41183604285478e-06,1.35788418040295e-05,NA,NA
"gaussian_mm",40,1000,0.188391923904419,0.0335729122161865,0.225900888442993,1.36971160297206e-06,1.31363225980285e-06,NA,NA
"gaussian_mm",41,1000,0.354322195053101,0.0473551750183105,0.192141056060791,5.90156033597466e-07,2.49006034325205e-06,NA,NA
"gaussian_mm",42,1000,0.260134935379028,0.0502488613128662,0.249215126037598,1.15132019490316e-06,3.05634806241351e-06,NA,NA
"gaussian_mm",43,1000,0.185763120651245,0.0411429405212402,0.219505786895752,3.94254197355615e-06,3.96215369652397e-06,NA,NA
"gaussian_mm",44,1000,0.171332836151123,0.025346040725708,0.289665937423706,1.00690502230494e-06,7.34691590958958e-06,NA,NA
"gaussian_mm",45,1000,0.344741106033325,0.0262658596038818,0.196975946426392,2.525958051669e-06,2.78570164186087e-06,NA,NA
"gaussian_mm",46,1000,0.202315092086792,0.0398759841918945,0.202424049377441,9.75513956225083e-07,2.76870490978354e-07,NA,NA
"gaussian_mm",47,1000,0.205328941345215,0.0252211093902588,0.237366199493408,1.52897837676913e-06,6.71453588765858e-06,NA,NA
"gaussian_mm",48,1000,0.293320894241333,0.0269739627838135,0.229062080383301,1.75887909342753e-06,4.87269647492239e-06,NA,NA
"gaussian_mm",49,1000,0.163498163223267,0.0254318714141846,0.196073055267334,3.28909948094092e-06,6.77513315960887e-06,NA,NA
"gaussian_mm",50,1000,0.220986843109131,0.0315661430358887,0.228800058364868,9.76118850359864e-07,3.90962657997873e-06,NA,NA
"gaussian_mm",51,1000,0.172020196914673,0.0260190963745117,0.231916904449463,2.4137576798422e-07,1.41333010593714e-05,NA,NA
"gaussian_mm",52,1000,0.183768033981323,0.0254340171813965,0.180388927459717,3.22153997933672e-06,4.93054594363773e-06,NA,NA
"gaussian_mm",53,1000,0.18305516242981,0.0267949104309082,0.172340869903564,3.07040883357201e-06,4.81299521898348e-06,NA,NA
"gaussian_mm",54,1000,0.171601057052612,0.181098937988281,0.235221147537231,1.09486406463244e-06,1.87700125364176e-05,NA,NA
"gaussian_mm",55,1000,0.178350925445557,0.0325710773468018,0.224630117416382,1.85755586451508e-06,2.52500289231739e-05,NA,NA
"gaussian_mm",56,1000,0.207685947418213,0.0482041835784912,0.282557010650635,6.79081122639813e-07,9.7750648480055e-06,NA,NA
"gaussian_mm",57,1000,0.15745997428894,0.0252370834350586,0.28233003616333,4.5675209822682e-07,1.0631934377503e-05,NA,NA
"gaussian_mm",58,1000,0.205426931381226,0.0407369136810303,0.247234106063843,1.144999892011e-06,1.18431946903308e-05,NA,NA
"gaussian_mm",59,1000,0.17936110496521,0.0418601036071777,0.231978178024292,2.05915882345309e-07,2.96060655810559e-06,NA,NA
"gaussian_mm",60,1000,0.241813898086548,0.0278549194335938,0.239290952682495,8.90330648373183e-07,3.17640567992772e-06,NA,NA
"gaussian_mm",61,1000,0.289932012557983,0.0338950157165527,0.210509061813354,3.38684622736007e-07,1.19450247753061e-05,NA,NA
"gaussian_mm",62,1000,0.164683103561401,0.0396299362182617,0.214905977249146,3.38097623869826e-06,2.82355501046716e-06,NA,NA
"gaussian_mm",63,1000,0.255681037902832,0.0500280857086182,0.235018014907837,8.79032849815387e-07,4.85047903348024e-06,NA,NA
"gaussian_mm",64,1000,0.170653104782104,0.0270130634307861,0.219624996185303,1.96455040391008e-06,5.11643992573418e-06,NA,NA
"gaussian_mm",65,1000,0.166434049606323,0.029716968536377,0.224529027938843,9.40770273571978e-07,1.15524064443484e-05,NA,NA
"gaussian_mm",66,1000,0.242133855819702,0.0318689346313477,0.265040159225464,1.15424490515492e-06,1.61914252327922e-06,NA,NA
"gaussian_mm",67,1000,0.18779182434082,0.0361831188201904,0.232558012008667,6.18074676050906e-07,1.00102523540313e-05,NA,NA
"gaussian_mm",68,1000,0.223834991455078,0.0272030830383301,0.240283012390137,1.12394726520249e-06,1.98485657448844e-06,NA,NA
"gaussian_mm",69,1000,0.222263097763062,0.0271658897399902,0.20428204536438,1.90392929080851e-06,3.16265608166222e-06,NA,NA
"gaussian_mm",70,1000,0.273828983306885,0.0492658615112305,0.222455978393555,5.80856318765921e-07,3.13528865492074e-06,NA,NA
"gaussian_mm",71,1000,0.248898983001709,0.0451390743255615,0.269761085510254,1.70588103232117e-06,3.14272824358808e-06,NA,NA
"gaussian_mm",72,1000,0.210084915161133,0.031660795211792,0.256198883056641,5.08291856604615e-07,3.76425161882632e-06,NA,NA
"gaussian_mm",73,1000,0.302046060562134,0.0338568687438965,0.24183201789856,4.06898955362944e-07,1.11750289950585e-05,NA,NA
"gaussian_mm",74,1000,0.262414932250977,0.0484731197357178,0.250198841094971,1.00648756101718e-06,2.93852120036853e-06,NA,NA
"gaussian_mm",75,1000,0.184277057647705,0.0256597995758057,0.272490978240967,1.24447499405544e-06,2.20687394558716e-06,NA,NA
"gaussian_mm",76,1000,0.189436912536621,0.0395781993865967,0.22733998298645,3.85610671504999e-07,3.63568006128689e-06,NA,NA
"gaussian_mm",77,1000,0.182390928268433,0.0385630130767822,0.299175977706909,1.67188376898331e-06,5.6158098966641e-06,NA,NA
"gaussian_mm",78,1000,0.261996984481812,0.0463888645172119,0.239618062973022,7.67874869689322e-07,4.24519257369305e-06,NA,NA
"gaussian_mm",79,1000,0.180082082748413,0.0266728401184082,0.253684043884277,6.48937870106892e-07,1.252113758754e-05,NA,NA
"gaussian_mm",80,1000,0.236994028091431,0.0329959392547607,0.261370897293091,9.03576394650774e-07,4.52743469070427e-06,NA,NA
"gaussian_mm",81,1000,0.278487920761108,0.0502498149871826,0.233556985855103,5.67767649284345e-07,1.4060084753964e-05,NA,NA
"gaussian_mm",82,1000,0.243427038192749,0.0249950885772705,0.213076114654541,8.18259832613411e-07,1.11436899856709e-05,NA,NA
"gaussian_mm",83,1000,0.169371843338013,0.0253539085388184,0.204575061798096,3.02312857958231e-06,5.33293747295716e-06,NA,NA
"gaussian_mm",84,1000,0.210967063903809,0.025670051574707,0.199257850646973,2.40312686416999e-07,1.48225910736599e-05,NA,NA
"gaussian_mm",85,1000,0.167517185211182,0.0270857810974121,0.281445980072021,5.04522184952005e-06,5.86136500441148e-06,NA,NA
"gaussian_mm",86,1000,0.221646070480347,0.0267469882965088,0.323349952697754,2.17526969648052e-06,5.01382287027008e-06,NA,NA
"gaussian_mm",87,1000,0.272883176803589,0.03177809715271,0.236151218414307,5.34693349041326e-07,6.86158615059718e-06,NA,NA
"gaussian_mm",88,1000,0.240355968475342,0.0299768447875977,0.251394033432007,1.20461925839921e-06,5.35705660720254e-07,NA,NA
"gaussian_mm",89,1000,0.20945405960083,0.0262699127197266,0.235782146453857,2.8336150997392e-06,2.03495724573899e-06,NA,NA
"gaussian_mm",90,1000,0.207519054412842,0.0261621475219727,0.192710876464844,1.75874720004243e-06,7.4686338839558e-06,NA,NA
"gaussian_mm",91,1000,0.29888391494751,0.0256180763244629,0.244338989257812,1.40252537644825e-06,8.19508729299478e-06,NA,NA
"gaussian_mm",92,1000,0.221552848815918,0.0268490314483643,0.226724147796631,2.54194230070448e-06,1.29063072612512e-06,NA,NA
"gaussian_mm",93,1000,0.1836998462677,0.0258808135986328,0.232764959335327,1.62895073101132e-06,1.21909721956248e-06,NA,NA
"gaussian_mm",94,1000,0.214249134063721,0.0350420475006104,0.199547052383423,9.38656935567383e-07,1.24173057448607e-05,NA,NA
"gaussian_mm",95,1000,0.22575306892395,0.0252227783203125,0.178246021270752,2.10049230336962e-06,1.05682054918343e-05,NA,NA
"gaussian_mm",96,1000,0.147705793380737,0.0274288654327393,0.214433908462524,6.24902862067511e-07,1.43781774636365e-06,NA,NA
"gaussian_mm",97,1000,0.23816990852356,0.0333669185638428,0.230269908905029,6.61325033540772e-07,9.86458311297289e-06,NA,NA
"gaussian_mm",98,1000,0.308335065841675,0.0372629165649414,0.223464012145996,3.26951048068569e-07,9.3599186779536e-06,NA,NA
"gaussian_mm",99,1000,0.180945158004761,0.026209831237793,0.212955951690674,3.72169756179819e-07,1.17249643606931e-05,NA,NA
"gaussian_mm",100,1000,0.149152040481567,0.02535080909729,0.291640996932983,3.35543918750236e-06,5.93079331373536e-06,NA,NA
"gaussian_mm",101,1000,0.228688955307007,0.0261609554290771,0.259893894195557,8.03348214006849e-07,3.73966381911339e-06,NA,NA
"gaussian_mm",102,1000,0.167808055877686,0.0255410671234131,0.187704086303711,1.17316045050719e-06,7.37999487865348e-06,NA,NA
"gaussian_mm",103,1000,0.338630199432373,0.0547859668731689,0.240599155426025,4.3008959216273e-07,5.62716082364023e-06,NA,NA
"gaussian_mm",104,1000,0.265925884246826,0.0250949859619141,0.289098978042603,3.31575433942799e-07,2.14680161619851e-06,NA,NA
"gaussian_mm",105,1000,0.171348810195923,0.0259299278259277,0.201673030853271,6.91889363857445e-07,4.47508453405021e-07,NA,NA
"gaussian_mm",106,1000,0.322211980819702,0.0494828224182129,0.248374938964844,1.17419520534456e-06,1.93647360668958e-06,NA,NA
"gaussian_mm",107,1000,0.248536109924316,0.026033878326416,0.284006118774414,1.30875035825317e-06,3.16442885450741e-06,NA,NA
"gaussian_mm",108,1000,0.223542928695679,0.0260980129241943,0.194048881530762,4.23571689389668e-07,4.08461166501173e-06,NA,NA
"gaussian_mm",109,1000,0.189832925796509,0.0283629894256592,0.222419023513794,1.75456706213994e-06,3.26842197825861e-06,NA,NA
"gaussian_mm",110,1000,0.185188055038452,0.0275259017944336,0.309838056564331,4.74637604236383e-06,1.43360800251013e-05,NA,NA
"gaussian_mm",111,1000,0.221366167068481,0.0410470962524414,0.217633008956909,5.9906202865001e-07,8.37412426257789e-06,NA,NA
"gaussian_mm",112,1000,0.237519025802612,0.0332520008087158,0.34610390663147,8.15010869625876e-07,1.87337821383471e-06,NA,NA
"gaussian_mm",113,1000,0.267787218093872,0.0280120372772217,0.173145055770874,2.63178001336239e-07,1.46936732375313e-05,NA,NA
"gaussian_mm",114,1000,0.157693862915039,0.0263009071350098,0.170285940170288,1.18045809488487e-07,1.93305374204533e-05,NA,NA
"gaussian_mm",115,1000,0.25011682510376,0.0291910171508789,0.215852022171021,2.7602052269371e-06,5.43748862119608e-06,NA,NA
"gaussian_mm",116,1000,0.267166137695312,0.025501012802124,0.215052127838135,2.63458001248384e-06,2.42503451874931e-06,NA,NA
"gaussian_mm",117,1000,0.18503999710083,0.0304288864135742,0.240796089172363,1.69874013489224e-06,3.99858658822749e-06,NA,NA
"gaussian_mm",118,1000,0.317174196243286,0.0478830337524414,0.210085868835449,1.17122674192505e-06,5.98013585650925e-07,NA,NA
"gaussian_mm",119,1000,0.203180074691772,0.0253510475158691,0.201140880584717,5.35441286142468e-07,1.65855622576982e-05,NA,NA
"gaussian_mm",120,1000,0.300924777984619,0.0453481674194336,0.257226943969727,3.35034959830782e-07,7.05887322086096e-06,NA,NA
"gaussian_mm",121,1000,0.193894147872925,0.0262799263000488,0.226058006286621,1.15068947315056e-06,1.3381420140568e-06,NA,NA
"gaussian_mm",122,1000,0.177803993225098,0.04203200340271,0.305867910385132,1.71145619765056e-06,2.65473781502212e-06,NA,NA
"gaussian_mm",123,1000,0.281773805618286,0.0489737987518311,0.266523838043213,3.92674074700672e-07,4.8906375011426e-06,NA,NA
"gaussian_mm",124,1000,0.163566112518311,0.02799391746521,0.229681015014648,1.13705538307141e-06,1.35447191579874e-05,NA,NA
"gaussian_mm",125,1000,0.166124105453491,0.0376741886138916,0.282703876495361,1.44835717497127e-06,1.09998543965373e-05,NA,NA
"gaussian_mm",126,1000,0.332916021347046,0.0314040184020996,0.253890991210938,4.51070872264925e-07,1.55761332823467e-06,NA,NA
"gaussian_mm",127,1000,0.359209060668945,0.0296518802642822,0.289077043533325,1.23263620827041e-06,3.68456413796237e-07,NA,NA
"gaussian_mm",128,1000,0.22327995300293,0.0260379314422607,0.245288848876953,5.48627241303556e-07,9.14267550913839e-06,NA,NA
"gaussian_mm",129,1000,0.242722988128662,0.0264339447021484,0.255579948425293,1.0057883750858e-06,1.42501380163695e-05,NA,NA
"gaussian_mm",130,1000,0.297194004058838,0.0268299579620361,0.195035934448242,3.07896775275651e-06,1.04502483640467e-05,NA,NA
"gaussian_mm",131,1000,0.188512086868286,0.0609250068664551,0.18121600151062,8.31058968864262e-08,3.54497283983068e-06,NA,NA
"gaussian_mm",132,1000,0.21095085144043,0.0426309108734131,0.174062013626099,1.99218196111905e-06,5.39270900734579e-06,NA,NA
"gaussian_mm",133,1000,0.170603036880493,0.0252449512481689,0.240221977233887,1.3415448326809e-06,7.87602969010148e-07,NA,NA
"gaussian_mm",134,1000,0.340304851531982,0.0345859527587891,0.181968927383423,2.82294503772818e-07,4.4579108505749e-06,NA,NA
"gaussian_mm",135,1000,0.188781976699829,0.0257949829101562,0.191981077194214,1.36972989450701e-07,6.46294809286685e-06,NA,NA
"gaussian_mm",136,1000,0.215589761734009,0.0267689228057861,0.223425149917603,2.8121265196468e-06,5.5413063374532e-06,NA,NA
"gaussian_mm",137,1000,0.192116022109985,0.0259740352630615,0.214200973510742,3.69896039631445e-07,1.11953680713706e-05,NA,NA
"gaussian_mm",138,1000,0.257915019989014,0.0364148616790771,0.273878812789917,1.09984786061945e-06,3.85337145775155e-06,NA,NA
"gaussian_mm",139,1000,0.162075042724609,0.0339539051055908,0.175135850906372,1.50769226481273e-06,1.0704884100099e-05,NA,NA
"gaussian_mm",140,1000,0.184277057647705,0.0354928970336914,0.243732929229736,1.48195061108747e-06,5.42918830687134e-06,NA,NA
"gaussian_mm",141,1000,0.168605089187622,0.0466320514678955,0.229822874069214,9.10292052846984e-08,6.45879307897834e-06,NA,NA
"gaussian_mm",142,1000,0.180737018585205,0.0405678749084473,0.220376014709473,2.68200036346311e-07,4.50487374181741e-06,NA,NA
"gaussian_mm",143,1000,0.16901707649231,0.0260660648345947,0.199681997299194,6.78495429673465e-07,5.60277402528175e-07,NA,NA
"gaussian_mm",144,1000,0.26952600479126,0.0267119407653809,0.221427917480469,8.62340899521197e-07,1.27698735694071e-05,NA,NA
"gaussian_mm",145,1000,0.336360931396484,0.0496001243591309,0.334585905075073,5.35852661581737e-06,2.63500167982933e-05,NA,NA
"gaussian_mm",146,1000,0.212650060653687,0.0280711650848389,0.20944881439209,3.76274732871718e-07,1.9497572469912e-05,NA,NA
"gaussian_mm",147,1000,0.29013204574585,0.0491209030151367,0.245558977127075,2.38214118883362e-06,1.51398017617099e-06,NA,NA
"gaussian_mm",148,1000,0.233919143676758,0.0312430858612061,0.217446804046631,8.62886139818553e-07,7.46398779455371e-06,NA,NA
"gaussian_mm",149,1000,0.257633209228516,0.0266110897064209,0.23590087890625,3.03039434748978e-07,4.97699603441148e-06,NA,NA
"gaussian_mm",150,1000,0.167259931564331,0.0347549915313721,0.253803968429565,1.38186939976914e-06,4.77554635097688e-06,NA,NA
"gaussian_mm",151,1000,0.258663177490234,0.0418081283569336,0.336003065109253,2.85406481281836e-07,2.04965826178238e-06,NA,NA
"gaussian_mm",152,1000,0.199069023132324,0.0258100032806396,0.221637964248657,9.93850817310182e-07,5.3947887935224e-06,NA,NA
"gaussian_mm",153,1000,0.174073934555054,0.034386157989502,0.206382036209106,1.62272083187309e-06,8.65492724860806e-06,NA,NA
"gaussian_mm",154,1000,0.254150867462158,0.0320820808410645,0.216877937316895,2.64526702153933e-07,2.07389420170401e-06,NA,NA
"gaussian_mm",155,1000,0.180058002471924,0.0259289741516113,0.224671840667725,1.35812650914335e-06,1.477800972427e-06,NA,NA
"gaussian_mm",156,1000,0.241602897644043,0.0258228778839111,0.220932960510254,2.38387686929409e-06,5.74605391062688e-06,NA,NA
"gaussian_mm",157,1000,0.175457954406738,0.0262229442596436,0.175956010818481,6.64825671792268e-07,1.60302594148648e-05,NA,NA
"gaussian_mm",158,1000,0.222592830657959,0.035844087600708,0.188077926635742,1.08495703449174e-06,1.02935702362e-05,NA,NA
"gaussian_mm",159,1000,0.183734893798828,0.0497629642486572,0.205758094787598,2.1496580085989e-06,8.39002636993103e-06,NA,NA
"gaussian_mm",160,1000,0.204119920730591,0.0371799468994141,0.242958068847656,1.75988478917644e-06,1.74214077935941e-06,NA,NA
"poisson_mm",1,1000,0.204155921936035,0.466860055923462,0.263666868209839,2.43068087376064e-05,2.63677968348475e-15,NA,NA
"poisson_mm",2,1000,0.374969959259033,0.563837051391602,0.245934963226318,2.69448689630691e-05,1.07117103239629e-05,NA,NA
"poisson_mm",3,1000,0.275119066238403,0.567961931228638,0.285103797912598,1.42574545528018e-05,9.42489615796127e-06,NA,NA
"poisson_mm",4,1000,0.21800708770752,0.486557960510254,0.281223058700562,1.33430090868969e-05,3.83026943495679e-15,NA,NA
"poisson_mm",5,1000,0.229036092758179,0.621374130249023,0.377090930938721,9.86057859997391e-06,8.28637152006095e-07,NA,NA
"poisson_mm",6,1000,0.374557971954346,0.564958095550537,0.309773921966553,1.76233224439271e-05,1.43938220213413e-05,NA,NA
"poisson_mm",7,1000,0.331016778945923,0.537431955337524,0.354183197021484,1.34613557186136e-05,8.04911692853238e-16,NA,NA
"poisson_mm",8,1000,0.255758047103882,0.631839990615845,0.286286115646362,2.52990640122741e-05,1.51301885537025e-06,NA,NA
"poisson_mm",9,1000,0.366514205932617,0.522503137588501,0.243232011795044,1.68610288650839e-05,1.64409172609403e-06,NA,NA
"poisson_mm",10,1000,0.275413036346436,0.498690128326416,0.222913980484009,2.39425669676663e-05,7.78810977175581e-06,NA,NA
"poisson_mm",11,1000,0.344879150390625,0.704207181930542,0.317327976226807,2.0516004874932e-05,4.90163465372007e-13,NA,NA
"poisson_mm",12,1000,0.315881967544556,0.544281005859375,0.32058310508728,3.64705751290662e-05,2.94445457585391e-06,NA,NA
"poisson_mm",13,1000,0.28585410118103,0.506160020828247,0.241302967071533,6.7821654952116e-06,6.0681629049375e-06,NA,NA
"poisson_mm",14,1000,0.300234079360962,0.553776979446411,0.279159069061279,1.09735208523309e-05,9.20105639173885e-06,NA,NA
"poisson_mm",15,1000,0.195449113845825,0.493484973907471,0.253241062164307,1.42494044599317e-05,3.90243393155743e-14,NA,NA
"poisson_mm",16,1000,0.198375940322876,0.532467842102051,0.338265180587769,1.73767203041075e-05,5.67601521339611e-14,NA,NA
"poisson_mm",17,1000,0.233525991439819,0.506252765655518,0.258577108383179,1.54565073729462e-05,2.46548150195647e-06,NA,NA
"poisson_mm",18,1000,0.319190979003906,0.492233037948608,0.253132104873657,2.64020658353181e-05,5.17985177639346e-07,NA,NA
"poisson_mm",19,1000,0.279684066772461,0.57381010055542,0.287111043930054,2.25305365175177e-05,7.11644632112041e-12,NA,NA
"poisson_mm",20,1000,0.231339931488037,0.484368085861206,0.318818807601929,2.67970097559134e-05,1.88165822972985e-06,NA,NA
"poisson_mm",21,1000,0.222026109695435,0.567334890365601,0.401948928833008,1.51816834862706e-05,3.36568345882249e-06,NA,NA
"poisson_mm",22,1000,0.296420812606812,0.57085394859314,0.276779174804688,4.26407345026358e-05,1.65556405479217e-06,NA,NA
"poisson_mm",23,1000,0.397181987762451,0.557696104049683,0.215529918670654,2.41402204573249e-05,1.5561099895138e-06,NA,NA
"poisson_mm",24,1000,0.234200000762939,0.482239007949829,0.328478097915649,1.57435014169205e-05,1.00293156479747e-06,NA,NA
"poisson_mm",25,1000,0.202883958816528,0.591092109680176,0.269470930099487,1.89148519559867e-05,1.78190795452338e-14,NA,NA
"poisson_mm",26,1000,0.246807098388672,0.582056999206543,0.323754072189331,1.04559164594564e-05,5.10708142442695e-12,NA,NA
"poisson_mm",27,1000,0.371339082717896,0.5019211769104,0.288953065872192,2.11497532861538e-05,1.31969601913084e-10,NA,NA
"poisson_mm",28,1000,0.35502290725708,0.542305946350098,0.291727066040039,1.18092929515812e-05,6.61935707860217e-06,NA,NA
"poisson_mm",29,1000,0.31856894493103,0.55386209487915,0.259632110595703,9.438502356518e-06,9.83764001216691e-06,NA,NA
"poisson_mm",30,1000,0.301318883895874,0.632307052612305,0.355391025543213,1.99517993229592e-05,2.7607401689167e-06,NA,NA
"poisson_mm",31,1000,0.231014966964722,0.520995140075684,0.286581039428711,1.46399557167665e-05,7.29476768879245e-07,NA,NA
"poisson_mm",32,1000,0.297827005386353,0.52603816986084,0.234316110610962,1.57450089241506e-06,1.09506052570207e-06,NA,NA
"poisson_mm",33,1000,0.327935934066772,0.563724994659424,0.256709098815918,1.74458783382403e-05,2.28442189623146e-06,NA,NA
"poisson_mm",34,1000,0.318538904190063,0.507534027099609,0.27811598777771,1.49565879689062e-05,1.51930521780086e-06,NA,NA
"poisson_mm",35,1000,0.232494831085205,0.502531051635742,0.262629985809326,1.14005124789429e-05,4.8717394474096e-07,NA,NA
"poisson_mm",36,1000,0.210572957992554,0.596457958221436,0.293203115463257,2.53621475075905e-05,1.14575834589403e-05,NA,NA
"poisson_mm",37,1000,0.252624034881592,0.576639890670776,0.344830989837646,1.94759795551502e-05,2.65343302885412e-14,NA,NA
"poisson_mm",38,1000,0.204728841781616,0.520078897476196,0.352507829666138,1.41631245045848e-05,1.96509475358653e-14,NA,NA
"poisson_mm",39,1000,0.313516139984131,0.471500873565674,0.30080509185791,1.35156069155928e-05,5.26428900471387e-12,NA,NA
"poisson_mm",40,1000,0.203776121139526,0.454863786697388,0.251360893249512,2.53507279413534e-05,6.34083319517309e-07,NA,NA
"poisson_mm",41,1000,0.35660195350647,0.516243934631348,0.311203002929688,1.48462714103514e-05,5.91918375693334e-06,NA,NA
"poisson_mm",42,1000,0.258496046066284,0.521759033203125,0.246659994125366,1.94637416481291e-05,2.65920202652259e-06,NA,NA
"poisson_mm",43,1000,0.316267013549805,0.427533864974976,0.29385781288147,1.18361039351256e-05,1.22124532708767e-15,NA,NA
"poisson_mm",44,1000,0.244657039642334,0.474645853042603,0.323418855667114,3.26594034901206e-05,2.10375000978535e-05,NA,NA
"poisson_mm",45,1000,0.274103879928589,0.532867908477783,0.268105030059814,1.92792392551266e-05,4.44089209850063e-15,NA,NA
"poisson_mm",46,1000,0.318689823150635,0.477550983428955,0.306541919708252,2.00422459487593e-05,1.207655190405e-05,NA,NA
"poisson_mm",47,1000,0.214824914932251,0.548514842987061,0.260244846343994,2.20487338590536e-05,4.45404824134243e-12,NA,NA
"poisson_mm",48,1000,0.242112874984741,0.476140022277832,0.242398977279663,1.27456696198402e-05,5.81201753391269e-14,NA,NA
"poisson_mm",49,1000,0.23128080368042,0.635251998901367,0.256990909576416,1.79890941245375e-05,3.33066907387547e-16,NA,NA
"poisson_mm",50,1000,0.217144966125488,0.486746072769165,0.268501043319702,1.64592071508207e-05,7.95880144430217e-06,NA,NA
"poisson_mm",51,1000,0.330840110778809,0.464262008666992,0.250422954559326,2.41030984733381e-05,5.38276090367162e-11,NA,NA
"poisson_mm",52,1000,0.353119850158691,0.554523944854736,0.299195051193237,1.04857796245916e-05,4.42862748059603e-06,NA,NA
"poisson_mm",53,1000,0.206273078918457,0.48598313331604,0.346040010452271,1.71497428471112e-05,1.60114711217352e-06,NA,NA
"poisson_mm",54,1000,0.322894811630249,0.595699071884155,0.307293891906738,1.8033807663409e-05,1.37689098078653e-06,NA,NA
"poisson_mm",55,1000,0.338478803634644,0.559067010879517,0.24358081817627,1.63615844374354e-05,2.79124532059916e-06,NA,NA
"poisson_mm",56,1000,0.306454181671143,0.593817949295044,0.288496971130371,2.10400793589915e-05,2.0441934698856e-06,NA,NA
"poisson_mm",57,1000,0.327548980712891,0.58560585975647,0.286396980285645,1.88843761947943e-05,8.58168360468037e-06,NA,NA
"poisson_mm",58,1000,0.256427049636841,0.627614974975586,0.380613088607788,1.29562186850785e-05,2.27454903589663e-06,NA,NA
"poisson_mm",59,1000,0.207732915878296,0.472454071044922,0.300516128540039,1.03652914782981e-05,7.2763046155e-07,NA,NA
"poisson_mm",60,1000,0.375874996185303,0.55541205406189,0.244468927383423,9.16801039213544e-06,8.01069836414703e-06,NA,NA
"poisson_mm",61,1000,0.201755046844482,0.585263967514038,0.352566957473755,1.79008391193447e-05,1.86865521789592e-06,NA,NA
"poisson_mm",62,1000,0.304673194885254,0.541807889938354,0.307745933532715,2.65214721826279e-05,8.06148081011759e-07,NA,NA
"poisson_mm",63,1000,0.278253078460693,0.512159109115601,0.263502836227417,1.58610266567383e-05,3.78030939884866e-14,NA,NA
"poisson_mm",64,1000,0.335776805877686,0.573462009429932,0.27922511100769,1.49968745953855e-05,1.04175557069652e-11,NA,NA
"poisson_mm",65,1000,0.333709001541138,0.525382995605469,0.317707061767578,1.25824433146182e-05,1.47798322144843e-06,NA,NA
"poisson_mm",66,1000,0.389689922332764,0.562964916229248,0.276688098907471,1.52256321856448e-05,1.53074999272307e-05,NA,NA
"poisson_mm",67,1000,0.220518827438354,0.485435962677002,0.459720849990845,2.20216168518861e-05,6.66060423121229e-07,NA,NA
"poisson_mm",68,1000,0.298321008682251,0.54696798324585,0.280927896499634,1.97315641662921e-05,1.66533453693773e-16,NA,NA
"poisson_mm",69,1000,0.182132959365845,0.577045917510986,0.354869842529297,2.6199179317149e-05,5.27078380940793e-14,NA,NA
"poisson_mm",70,1000,0.286939859390259,0.543539047241211,0.282918930053711,1.28734466824376e-05,5.77951431479651e-06,NA,NA
"poisson_mm",71,1000,0.365100145339966,0.53430700302124,0.279007196426392,7.09052953162814e-06,4.724122912525e-06,NA,NA
"poisson_mm",72,1000,0.35113000869751,0.52268385887146,0.305116176605225,1.39911469052567e-05,5.57747557811128e-06,NA,NA
"poisson_mm",73,1000,0.226099014282227,0.514930009841919,0.270453929901123,8.8074501538582e-06,2.48301379457416e-13,NA,NA
"poisson_mm",74,1000,0.317301988601685,0.51142406463623,0.284528970718384,2.07918465183199e-05,7.43510556400206e-07,NA,NA
"poisson_mm",75,1000,0.20904803276062,0.540646076202393,0.278639078140259,1.27697155096196e-05,1.08801856413265e-14,NA,NA
"poisson_mm",76,1000,0.354984998703003,0.511324882507324,0.329252004623413,1.27362460323188e-05,7.56085548161978e-06,NA,NA
"poisson_mm",77,1000,0.276141881942749,0.517245054244995,0.285070896148682,2.21149574402557e-05,1.19939432410843e-05,NA,NA
"poisson_mm",78,1000,0.324733972549438,0.571864128112793,0.290527820587158,8.88374784174806e-06,1.0116941823457e-06,NA,NA
"poisson_mm",79,1000,0.275656938552856,0.602122068405151,0.362390041351318,1.26753288029469e-05,1.88737914186277e-15,NA,NA
"poisson_mm",80,1000,0.307360887527466,0.653695106506348,0.283838987350464,1.53504360333456e-05,1.16872919120325e-06,NA,NA
"poisson_mm",81,1000,0.232256174087524,0.581233024597168,0.290282964706421,1.47059587086718e-05,2.99402129089188e-06,NA,NA
"poisson_mm",82,1000,0.258057117462158,0.572607040405273,0.289180994033813,2.53506463697151e-05,4.11465306271452e-12,NA,NA
"poisson_mm",83,1000,0.263278961181641,0.664488792419434,0.270303964614868,1.27654450984838e-05,8.44235185393227e-06,NA,NA
"poisson_mm",84,1000,0.402674913406372,0.548825979232788,0.266757011413574,1.87039937075695e-05,9.627424931824e-06,NA,NA
"poisson_mm",85,1000,0.310626029968262,0.503449201583862,0.289487838745117,1.51050358464522e-05,9.24741505481386e-07,NA,NA
"poisson_mm",86,1000,0.273164987564087,0.470062017440796,0.295925855636597,2.22723201054875e-05,4.87693219142216e-13,NA,NA
"poisson_mm",87,1000,0.32986307144165,0.601047992706299,0.279141902923584,6.68912646895059e-06,9.26291240199717e-06,NA,NA
"poisson_mm",88,1000,0.341529130935669,0.491039991378784,0.237302780151367,1.93616035388811e-05,1.08960344108455e-05,NA,NA
"poisson_mm",89,1000,0.232416152954102,0.563531875610352,0.243212938308716,2.97537023505878e-05,1.80386118905917e-06,NA,NA
"poisson_mm",90,1000,0.210001945495605,0.607862234115601,0.331676006317139,1.32053556299305e-05,2.96429547574917e-14,NA,NA
"poisson_mm",91,1000,0.379894018173218,0.447535991668701,0.291482925415039,1.28664048358318e-05,8.19914237293329e-06,NA,NA
"poisson_mm",92,1000,0.36024808883667,0.58197283744812,0.359539031982422,2.72323740494462e-05,1.31063852440438e-06,NA,NA
"poisson_mm",93,1000,0.254782915115356,0.461679935455322,0.236582040786743,3.17411252416799e-05,1.38292193966882e-05,NA,NA
"poisson_mm",94,1000,0.24575400352478,0.550060987472534,0.263803958892822,1.81533440972714e-05,6.01743144867939e-07,NA,NA
"poisson_mm",95,1000,0.293212175369263,0.523163080215454,0.303226947784424,1.51817433138857e-05,8.18234053123756e-07,NA,NA
"poisson_mm",96,1000,0.220786094665527,0.586178064346313,0.289824962615967,2.13807739284366e-05,3.75921516138078e-13,NA,NA
"poisson_mm",97,1000,0.203072071075439,0.635322093963623,0.353238105773926,2.31955002750264e-05,7.75450743878414e-06,NA,NA
"poisson_mm",98,1000,0.240715980529785,0.469043970108032,0.26070499420166,1.33928268346573e-05,9.8282493254942e-14,NA,NA
"poisson_mm",99,1000,0.261132001876831,0.474696159362793,0.277467012405396,1.26576376286713e-05,2.46205169457392e-06,NA,NA
"poisson_mm",100,1000,0.248834133148193,0.493453979492188,0.246272087097168,1.97727738674991e-05,8.6166100587981e-07,NA,NA
"poisson_mm",101,1000,0.231053113937378,0.549023151397705,0.323925018310547,4.07008836373832e-05,3.25179144211596e-06,NA,NA
"poisson_mm",102,1000,0.321902990341187,0.492146968841553,0.405300855636597,1.87782622997346e-05,7.49702292701659e-06,NA,NA
"poisson_mm",103,1000,0.308336973190308,0.584429979324341,0.312812089920044,2.32015063725555e-05,4.62039828452721e-07,NA,NA
"poisson_mm",104,1000,0.343260049819946,0.578665971755981,0.308353900909424,2.22175233371424e-05,1.49389599135574e-07,NA,NA
"poisson_mm",105,1000,0.255827903747559,0.538296937942505,0.262069940567017,2.69553119363053e-05,5.40393283965379e-06,NA,NA
"poisson_mm",106,1000,0.251420021057129,0.625174999237061,0.335418939590454,9.83953600047771e-06,3.84198314801187e-06,NA,NA
"poisson_mm",107,1000,0.222208023071289,0.447311878204346,0.270437002182007,1.63394040204601e-05,2.22044604925031e-16,NA,NA
"poisson_mm",108,1000,0.316830158233643,0.494996070861816,0.292120933532715,1.92890637755738e-05,4.44089209850063e-16,NA,NA
"poisson_mm",109,1000,0.210813999176025,0.703250885009766,0.317838907241821,2.45079968312356e-05,5.47339951140202e-14,NA,NA
"poisson_mm",110,1000,0.221099138259888,0.503484964370728,0.319198131561279,2.807867558835e-05,6.88338275267597e-15,NA,NA
"poisson_mm",111,1000,0.218216896057129,0.518091917037964,0.274879932403564,1.05767249579392e-05,5.39669355509309e-06,NA,NA
"poisson_mm",112,1000,0.277458906173706,0.52334189414978,0.284540176391602,1.34552799583854e-05,8.80974986600114e-06,NA,NA
"poisson_mm",113,1000,0.259188890457153,0.52403712272644,0.221709966659546,1.64036670204371e-05,7.66222993653365e-06,NA,NA
"poisson_mm",114,1000,0.254199981689453,0.631283044815063,0.23380708694458,2.13742836912001e-05,1.39457556523892e-05,NA,NA
"poisson_mm",115,1000,0.340713977813721,0.603311061859131,0.332964181900024,2.01764697612683e-05,6.11012491810725e-06,NA,NA
"poisson_mm",116,1000,0.234678983688354,0.566748142242432,0.239557981491089,7.54799109181636e-06,3.44994907813811e-06,NA,NA
"poisson_mm",117,1000,0.352447032928467,0.718142032623291,0.279246807098389,1.30577642107332e-05,3.6327439322803e-06,NA,NA
"poisson_mm",118,1000,0.18461799621582,0.494172811508179,0.253509998321533,1.95467038552333e-05,4.36317648677687e-14,NA,NA
"poisson_mm",119,1000,0.256253957748413,0.508419990539551,0.274489879608154,1.85312355790446e-05,1.54896090970302e-06,NA,NA
"poisson_mm",120,1000,0.347504854202271,0.553332090377808,0.311191082000732,1.07107578972698e-05,2.85669935601307e-06,NA,NA
"poisson_mm",121,1000,0.227056980133057,0.46998405456543,0.250309944152832,8.63107385817852e-06,2.22044604925031e-14,NA,NA
"poisson_mm",122,1000,0.2496018409729,0.489768028259277,0.26301097869873,2.87810967618818e-05,6.67921464547749e-06,NA,NA
"poisson_mm",123,1000,0.222208976745605,0.693344116210938,0.254207134246826,2.53719499412886e-05,1.70814447221501e-06,NA,NA
"poisson_mm",124,1000,0.248805046081543,0.528308153152466,0.285923957824707,1.53070078883211e-05,3.57445222087804e-06,NA,NA
"poisson_mm",125,1000,0.215857982635498,0.544978141784668,0.298484086990356,1.27708114256997e-05,1.94289029309402e-15,NA,NA
"poisson_mm",126,1000,0.335176944732666,0.598460912704468,0.30544900894165,1.20561056080049e-05,1.73044346896134e-06,NA,NA
"poisson_mm",127,1000,0.28399395942688,0.537910223007202,0.307642936706543,2.86863438903051e-05,5.75461900353957e-12,NA,NA
"poisson_mm",128,1000,0.272687196731567,0.687016010284424,0.314998865127563,2.19819746863914e-05,2.72004641033163e-15,NA,NA
"poisson_mm",129,1000,0.372006893157959,0.585733890533447,0.368613004684448,1.56398430617433e-05,1.9575966699048e-06,NA,NA
"poisson_mm",130,1000,0.376279830932617,0.494765043258667,0.333233118057251,2.14629303715852e-05,1.06080202366132e-05,NA,NA
"poisson_mm",131,1000,0.287853956222534,0.476699113845825,0.256887912750244,1.51813779343257e-05,1.36777970044522e-06,NA,NA
"poisson_mm",132,1000,0.242038011550903,0.498122930526733,0.352421998977661,1.90735720085322e-05,7.49400541621981e-15,NA,NA
"poisson_mm",133,1000,0.198992967605591,0.509911775588989,0.236250162124634,4.84757244351222e-05,5.33431410210117e-07,NA,NA
"poisson_mm",134,1000,0.271044969558716,0.528967142105103,0.259660005569458,1.00716522465905e-05,1.38306033292679e-13,NA,NA
"poisson_mm",135,1000,0.320544004440308,0.514253854751587,0.329406976699829,1.39790065407097e-05,1.85307571691773e-05,NA,NA
"poisson_mm",136,1000,0.300109148025513,0.466907978057861,0.278045892715454,7.9343315694258e-06,1.08918951191583e-06,NA,NA
"poisson_mm",137,1000,0.299400091171265,0.463919162750244,0.305130004882812,1.64961927457963e-05,2.9467057557353e-06,NA,NA
"poisson_mm",138,1000,0.267223834991455,0.500315189361572,0.243703842163086,2.80982230987242e-05,4.89476491238872e-06,NA,NA
"poisson_mm",139,1000,0.302497863769531,0.524406909942627,0.281586885452271,2.95288476674926e-05,5.78347686297498e-07,NA,NA
"poisson_mm",140,1000,0.245215177536011,0.519570112228394,0.284237146377563,1.33094858518201e-05,5.32907051820075e-15,NA,NA
"poisson_mm",141,1000,0.302517890930176,0.663640975952148,0.291682004928589,1.55880730420832e-05,3.33834673016398e-07,NA,NA
"poisson_mm",142,1000,0.202289819717407,0.457682847976685,0.278956890106201,2.49498953783789e-05,1.28813982727682e-06,NA,NA
"poisson_mm",143,1000,0.235344886779785,0.641135931015015,0.25037693977356,2.23283548735909e-05,2.05946371067967e-14,NA,NA
"poisson_mm",144,1000,0.207165002822876,0.537463903427124,0.230319976806641,1.68584804828842e-05,5.5622758602103e-06,NA,NA
"poisson_mm",145,1000,0.262027025222778,0.523706912994385,0.341290950775146,1.08795197504841e-05,3.06993878249062e-06,NA,NA
"poisson_mm",146,1000,0.244726896286011,0.547011852264404,0.350941896438599,1.63516102141548e-05,1.63043501361093e-06,NA,NA
"poisson_mm",147,1000,0.274776220321655,0.46670389175415,0.319164991378784,1.26347816267192e-05,2.90142515535496e-06,NA,NA
"poisson_mm",148,1000,0.349998950958252,0.442312955856323,0.285070896148682,2.60427104576966e-05,3.69593244897715e-13,NA,NA
"poisson_mm",149,1000,0.340111970901489,0.568602085113525,0.384695053100586,2.35186207529769e-05,7.84241548082432e-06,NA,NA
"poisson_mm",150,1000,0.280318021774292,0.609349966049194,0.241382122039795,2.59631312642117e-05,1.37100694591608e-06,NA,NA
"poisson_mm",151,1000,0.261046171188354,0.513180017471313,0.343050956726074,1.628586431901e-05,5.1149587750321e-06,NA,NA
"poisson_mm",152,1000,0.256648063659668,0.498263835906982,0.331309080123901,1.46454100938276e-05,9.92549998696246e-06,NA,NA
"poisson_mm",153,1000,0.229898929595947,0.535633087158203,0.256796836853027,2.23220137643421e-05,1.94955163124177e-13,NA,NA
"poisson_mm",154,1000,0.295491933822632,0.670399904251099,0.30912709236145,1.46084185239093e-05,1.4486436937855e-05,NA,NA
"poisson_mm",155,1000,0.255620956420898,0.534301996231079,0.265732049942017,1.67282459154205e-05,4.44089209850063e-16,NA,NA
"poisson_mm",156,1000,0.308786153793335,0.585203886032104,0.316603899002075,2.60480915314221e-05,9.37028232783632e-14,NA,NA
"poisson_mm",157,1000,0.261523008346558,0.479552030563354,0.279465198516846,2.62300402071808e-05,1.72278138159676e-05,NA,NA
"poisson_mm",158,1000,0.283468961715698,0.488453149795532,0.247128009796143,2.35688805625411e-05,4.44087129702897e-06,NA,NA
"poisson_mm",159,1000,0.298020839691162,0.542951107025146,0.36540412902832,8.48408224246588e-06,1.86943818988872e-05,NA,NA
"poisson_mm",160,1000,0.265513896942139,0.513776063919067,0.267867803573608,2.00310776080626e-05,1.67643676718399e-14,NA,NA
"binomial_mm",1,1000,0.384172201156616,0.547350883483887,0.49803900718689,3.91739127403312e-05,6.45627419953998e-06,NA,NA
"binomial_mm",2,1000,0.348716974258423,0.548424005508423,0.605391979217529,2.97122455024112e-05,2.18713935851156e-14,NA,NA
"binomial_mm",3,1000,0.399212121963501,0.578522205352783,0.531538963317871,5.92089417937869e-05,2.90933943603022e-12,NA,NA
"binomial_mm",4,1000,0.411805152893066,0.544066905975342,0.521013975143433,6.74897877100955e-05,5.99520433297585e-14,NA,NA
"binomial_mm",5,1000,0.410907983779907,0.455712080001831,0.482810020446777,9.14439673604939e-06,2.90045765183322e-15,NA,NA
"binomial_mm",6,1000,0.379669904708862,0.708906173706055,0.650884866714478,6.7379916273369e-05,2.72556724352224e-05,NA,NA
"binomial_mm",7,1000,0.405615091323853,0.527508974075317,0.565093994140625,3.64640325358767e-05,7.98902610732455e-13,NA,NA
"binomial_mm",8,1000,0.439548015594482,0.629496097564697,0.533843994140625,3.12171914960135e-05,5.36315530863529e-06,NA,NA
"binomial_mm",9,1000,0.393131971359253,0.587738037109375,0.531247138977051,2.39762261272647e-05,1.11022302462516e-16,NA,NA
"binomial_mm",10,1000,0.450598001480103,0.561037063598633,0.463092088699341,1.40497951950369e-05,6.33929680420031e-06,NA,NA
"binomial_mm",11,1000,0.330319881439209,0.585523843765259,0.52689003944397,3.75184238297632e-05,5.09232933598724e-11,NA,NA
"binomial_mm",12,1000,0.414551019668579,0.554625988006592,0.505970001220703,7.30250138242239e-05,4.44003167565654e-12,NA,NA
"binomial_mm",13,1000,0.400431156158447,0.518903970718384,0.522382020950317,3.52237006611134e-05,1.4989495755735e-10,NA,NA
"binomial_mm",14,1000,0.374908924102783,0.552026033401489,0.523145198822021,5.10791649941389e-05,1.24560209637248e-05,NA,NA
"binomial_mm",15,1000,0.339901924133301,0.561590194702148,0.509910106658936,8.33558048590755e-05,7.82047070002623e-06,NA,NA
"binomial_mm",16,1000,0.429328918457031,0.685133934020996,0.54806113243103,2.46047301070695e-05,1.36002320516582e-15,NA,NA
"binomial_mm",17,1000,0.357689142227173,0.771430015563965,0.542752981185913,5.91166027030798e-05,1.6775942403624e-05,NA,NA
"binomial_mm",18,1000,0.338582038879395,0.65930700302124,0.536462068557739,1.22689251146335e-05,2.94209101525666e-15,NA,NA
"binomial_mm",19,1000,0.377153158187866,0.565223932266235,0.489038944244385,1.30369218844795e-05,1.08856288738579e-05,NA,NA
"binomial_mm",20,1000,0.438369035720825,0.694914102554321,0.577162027359009,1.10823352560963e-05,1.65978342181461e-14,NA,NA
"binomial_mm",21,1000,0.427320957183838,0.596662044525146,0.518702030181885,2.53026597071271e-05,4.55191440096314e-14,NA,NA
"binomial_mm",22,1000,0.41780686378479,0.509259939193726,0.492228031158447,3.85028870120152e-05,2.10584914753231e-05,NA,NA
"binomial_mm",23,1000,0.353981971740723,0.636914014816284,0.559314012527466,5.37211247003677e-05,2.65833727264297e-06,NA,NA
"binomial_mm",24,1000,0.31643009185791,0.520498037338257,0.50396203994751,3.3356271728513e-05,7.73719212221469e-06,NA,NA
"binomial_mm",25,1000,0.35404896736145,0.550032138824463,0.509020090103149,2.53051855262365e-05,2.70450328798688e-13,NA,NA
"binomial_mm",26,1000,0.382380962371826,0.55347204208374,0.483287811279297,3.93677735941456e-05,1.20244808363701e-05,NA,NA
"binomial_mm",27,1000,0.352799892425537,0.620684146881104,0.493060827255249,3.10901657696316e-05,4.31382602654462e-06,NA,NA
"binomial_mm",28,1000,0.40544581413269,0.632136821746826,0.530826091766357,3.51774892746182e-05,1.10082737322381e-05,NA,NA
"binomial_mm",29,1000,0.425418138504028,0.553225040435791,0.475367784500122,3.07062098706679e-05,8.48606217546122e-06,NA,NA
"binomial_mm",30,1000,0.35535717010498,0.548149824142456,0.53203296661377,1.94773779773616e-05,1.48453809704074e-05,NA,NA
"binomial_mm",31,1000,0.333261013031006,0.548079013824463,0.565135955810547,1.12181551709667e-05,1.94516406096246e-05,NA,NA
"binomial_mm",32,1000,0.411199808120728,0.605166912078857,0.525216102600098,4.45608026320432e-05,9.58177981402741e-13,NA,NA
"binomial_mm",33,1000,0.423468112945557,0.741141080856323,0.517412900924683,2.24760828244075e-05,6.07899904708775e-06,NA,NA
"binomial_mm",34,1000,0.387186050415039,0.625862836837769,0.545570850372314,5.0390825363289e-05,4.12447853648246e-14,NA,NA
"binomial_mm",35,1000,0.385607957839966,0.611976146697998,0.524574995040894,8.63391886399834e-05,9.52690514521848e-06,NA,NA
"binomial_mm",36,1000,0.380568027496338,0.588253021240234,0.478600025177002,4.23497111149418e-05,3.48306958508626e-06,NA,NA
"binomial_mm",37,1000,0.411917924880981,0.658931016921997,0.496446132659912,1.01743797452092e-05,2.22044604925031e-16,NA,NA
"binomial_mm",38,1000,0.362226963043213,0.698010921478271,0.494030952453613,3.05620848983224e-05,1.11022302462516e-16,NA,NA
"binomial_mm",39,1000,0.328317880630493,0.553797960281372,0.538808107376099,1.47447753285346e-05,7.7715611723761e-16,NA,NA
"binomial_mm",40,1000,0.357386112213135,0.53543496131897,0.524061918258667,1.60632038280761e-05,4.43738820399275e-06,NA,NA
"binomial_mm",41,1000,0.325129985809326,0.653049945831299,0.538264989852905,7.78181147942369e-06,1.72084568816899e-14,NA,NA
"binomial_mm",42,1000,0.357962846755981,0.666698932647705,0.523581027984619,2.88937017690616e-05,5.18950066091817e-06,NA,NA
"binomial_mm",43,1000,0.482946872711182,0.536715030670166,0.54223895072937,5.16768646219856e-05,1.594739804478e-05,NA,NA
"binomial_mm",44,1000,0.428513050079346,0.562696933746338,0.448838949203491,2.80374053765464e-05,9.00697016792407e-06,NA,NA
"binomial_mm",45,1000,0.419164896011353,0.600085020065308,0.531324863433838,6.70430243867592e-05,9.33389076485103e-06,NA,NA
"binomial_mm",46,1000,0.364678144454956,0.48868203163147,0.471653938293457,1.77262481749207e-05,8.89475755955216e-06,NA,NA
"binomial_mm",47,1000,0.359513998031616,0.654165029525757,0.466536998748779,1.93545143855611e-05,1.18582921260213e-12,NA,NA
"binomial_mm",48,1000,0.412367105484009,0.583786010742188,0.528106927871704,4.92674563467022e-05,2.14655231416394e-05,NA,NA
"binomial_mm",49,1000,0.45676589012146,0.650402069091797,0.517390966415405,4.16780923083726e-05,1.48817457482908e-05,NA,NA
"binomial_mm",50,1000,0.397727012634277,0.603858947753906,0.583813905715942,3.94058368166639e-05,9.91471768774232e-06,NA,NA
"binomial_mm",51,1000,0.398451089859009,0.54987907409668,0.468287229537964,1.13680218432888e-05,3.35327285327924e-06,NA,NA
"binomial_mm",52,1000,0.416684150695801,0.633990049362183,0.600061893463135,1.46332814847105e-05,5.78373289919498e-06,NA,NA
"binomial_mm",53,1000,0.381975173950195,0.711850881576538,0.511864185333252,2.8056183813574e-05,2.33146835171283e-15,NA,NA
"binomial_mm",54,1000,0.388470888137817,0.578681945800781,0.490177154541016,3.66585835188116e-05,1.82576176399607e-12,NA,NA
"binomial_mm",55,1000,0.345854043960571,0.535059928894043,0.551817893981934,4.4539963671153e-05,8.08242361927114e-13,NA,NA
"binomial_mm",56,1000,0.31171703338623,0.68669605255127,0.52801513671875,2.58136832201883e-05,1.94289029309402e-16,NA,NA
"binomial_mm",57,1000,0.404592037200928,0.54540491104126,0.506283044815063,2.57642776516631e-05,2.77555756156289e-16,NA,NA
"binomial_mm",58,1000,0.387326955795288,0.617309093475342,0.560771942138672,2.13723914762043e-05,1.42850158586505e-05,NA,NA
"binomial_mm",59,1000,0.482825040817261,0.587011814117432,0.527775049209595,2.58614145225433e-05,1.40883873584463e-05,NA,NA
"binomial_mm",60,1000,0.451471090316772,0.642860889434814,0.633721113204956,3.8324015917357e-05,2.92482704722374e-12,NA,NA
"binomial_mm",61,1000,0.39513111114502,0.512565851211548,0.594018936157227,2.73353046031932e-05,3.79474229816879e-13,NA,NA
"binomial_mm",62,1000,0.450961112976074,0.648781061172485,0.481311082839966,1.95000386328248e-05,1.08246744900953e-14,NA,NA
"binomial_mm",63,1000,0.451370000839233,0.60146689414978,0.479846954345703,1.95365231945854e-05,2.07954888348516e-05,NA,NA
"binomial_mm",64,1000,0.399388074874878,0.624384880065918,0.534524917602539,1.44846014741851e-05,1.52378110129803e-12,NA,NA
"binomial_mm",65,1000,0.392576932907104,0.595386028289795,0.490512132644653,5.23782767776204e-05,5.13311705541142e-06,NA,NA
"binomial_mm",66,1000,0.438297986984253,0.531949043273926,0.518460988998413,1.79489771033881e-05,3.92891622114089e-06,NA,NA
"binomial_mm",67,1000,0.397472143173218,0.564820051193237,0.572963953018188,5.23764520083403e-05,3.15895565888846e-06,NA,NA
"binomial_mm",68,1000,0.371974945068359,0.663289070129395,0.55770206451416,1.39958281351604e-05,8.81272876152028e-06,NA,NA
"binomial_mm",69,1000,0.405171155929565,0.658468961715698,0.44237494468689,1.97854748013038e-05,1.33810857614047e-05,NA,NA
"binomial_mm",70,1000,0.364728927612305,0.649729013442993,0.531162023544312,3.82106799866611e-05,1.39431898678322e-05,NA,NA
"binomial_mm",71,1000,0.34381103515625,0.598060131072998,0.531000137329102,2.06139024756524e-05,1.00636166067147e-12,NA,NA
"binomial_mm",72,1000,0.486233949661255,0.801753997802734,0.648926973342896,4.10581056494164e-05,2.39744729225166e-05,NA,NA
"binomial_mm",73,1000,0.414007902145386,0.593706130981445,0.526043891906738,3.78265785703769e-05,9.18243261699425e-06,NA,NA
"binomial_mm",74,1000,0.34907603263855,0.538382053375244,0.577008008956909,1.52495810770148e-05,7.7715611723761e-16,NA,NA
"binomial_mm",75,1000,0.46390700340271,0.648834943771362,0.589866876602173,0.000133869487381921,1.25641358300621e-05,NA,NA
"binomial_mm",76,1000,0.46533203125,0.605447053909302,0.472726106643677,1.9582033641552e-05,1.93567384343396e-13,NA,NA
"binomial_mm",77,1000,0.377945899963379,0.512576103210449,0.50123405456543,2.300063619326e-05,2.89438948885001e-05,NA,NA
"binomial_mm",78,1000,0.415471076965332,0.494131088256836,0.49528694152832,3.72304092486897e-05,8.1669114823657e-06,NA,NA
"binomial_mm",79,1000,0.408972978591919,0.560712099075317,0.588744878768921,4.01208057465574e-05,2.71442868182703e-11,NA,NA
"binomial_mm",80,1000,0.366167068481445,0.592283964157104,0.489444971084595,2.1010565907198e-05,8.17135298397664e-06,NA,NA
"binomial_mm",81,1000,0.372807025909424,0.576310873031616,0.554617881774902,2.34372055190057e-05,1.65846503197287e-13,NA,NA
"binomial_mm",82,1000,0.356369018554688,0.716678857803345,0.468845129013062,1.94910197952591e-05,1.11022302462516e-16,NA,NA
"binomial_mm",83,1000,0.380818128585815,0.600709915161133,0.552548885345459,8.12482843262075e-05,8.47308334606112e-14,NA,NA
"binomial_mm",84,1000,0.35688591003418,0.76481294631958,0.579810857772827,2.12619346229848e-05,2.16503703853732e-10,NA,NA
"binomial_mm",85,1000,0.370268106460571,0.563225030899048,0.53577995300293,1.63186001041482e-05,3.23900149740153e-06,NA,NA
"binomial_mm",86,1000,0.314456939697266,0.671434164047241,0.57587194442749,2.56561345592932e-05,1.2909118218829e-12,NA,NA
"binomial_mm",87,1000,0.361590147018433,0.507508039474487,0.517811059951782,2.04789080046064e-05,4.57273108267486e-14,NA,NA
"binomial_mm",88,1000,0.34621000289917,0.571921110153198,0.535408020019531,1.90079845731606e-05,1.19348975147204e-14,NA,NA
"binomial_mm",89,1000,0.361393928527832,0.531872034072876,0.603065013885498,1.48995785637651e-05,1.11022302462516e-16,NA,NA
"binomial_mm",90,1000,0.433946847915649,0.573395013809204,0.461985111236572,1.1248515680462e-05,2.54284929118165e-05,NA,NA
"binomial_mm",91,1000,0.345608949661255,0.536417961120605,0.488951921463013,2.32785784431977e-05,9.75818182702426e-06,NA,NA
"binomial_mm",92,1000,0.422518014907837,0.586215972900391,0.439184904098511,0.000119898664335372,1.41432525482266e-05,NA,NA
"binomial_mm",93,1000,0.383397102355957,0.701744079589844,0.458908796310425,3.99540068490856e-06,7.54951656745106e-15,NA,NA
"binomial_mm",94,1000,0.370137929916382,0.609550952911377,0.606301069259644,3.66795265929198e-05,3.4636269267696e-06,NA,NA
"binomial_mm",95,1000,0.388457059860229,0.547078847885132,0.507936000823975,4.74773055723077e-05,1.71945354593972e-05,NA,NA
"binomial_mm",96,1000,0.349756002426147,0.604300975799561,0.559622049331665,3.44567294133236e-05,3.49798412457858e-10,NA,NA
"binomial_mm",97,1000,0.406399011611938,0.666475057601929,0.465058088302612,8.86273608835531e-06,5.36885333102255e-06,NA,NA
"binomial_mm",98,1000,0.37940788269043,0.489240169525146,0.509001016616821,4.78251152812303e-05,1.23539341516654e-05,NA,NA
"binomial_mm",99,1000,0.386183023452759,0.534430027008057,0.571741104125977,1.38668944234532e-05,1.27675647831893e-15,NA,NA
"binomial_mm",100,1000,0.366023063659668,0.634897947311401,0.41606593132019,7.10428621407133e-05,1.53739859432567e-05,NA,NA
"binomial_mm",101,1000,0.33437705039978,0.575363874435425,0.481340885162354,2.56787649450252e-05,5.76760861292769e-14,NA,NA
"binomial_mm",102,1000,0.406324863433838,0.641739130020142,0.519528865814209,2.14849938143802e-05,3.90837362473917e-12,NA,NA
"binomial_mm",103,1000,0.398085117340088,0.624167919158936,0.549064159393311,7.14260586032189e-06,6.29244964522879e-06,NA,NA
"binomial_mm",104,1000,0.313931941986084,0.614566802978516,0.554283142089844,1.1527373587561e-05,4.31321645066873e-14,NA,NA
"binomial_mm",105,1000,0.363357067108154,0.543998956680298,0.471462965011597,5.05639247314615e-05,2.05661043750638e-11,NA,NA
"binomial_mm",106,1000,0.413662910461426,0.635657787322998,0.503408908843994,9.85756819832373e-06,1.09087514555961e-05,NA,NA
"binomial_mm",107,1000,0.375771045684814,0.560811042785645,0.604145050048828,3.95887756104996e-05,1.14559473018971e-11,NA,NA
"binomial_mm",108,1000,0.502290010452271,0.624210119247437,0.453376054763794,1.62745970560541e-05,1.62428380651169e-05,NA,NA
"binomial_mm",109,1000,0.308917999267578,0.51243782043457,0.584679126739502,1.39111929771119e-05,1.02140518265514e-14,NA,NA
"binomial_mm",110,1000,0.358454942703247,0.592370986938477,0.495303869247437,2.50945569362782e-05,4.66848781854878e-14,NA,NA
"binomial_mm",111,1000,0.386098861694336,0.64187216758728,0.559728860855103,2.4642438926803e-05,1.06858966120171e-13,NA,NA
"binomial_mm",112,1000,0.466732025146484,0.529821157455444,0.500930070877075,1.05419223844216e-05,2.35644836976689e-13,NA,NA
"binomial_mm",113,1000,0.337062120437622,0.625410795211792,0.510607004165649,3.29842514776302e-05,1.17766907337113e-13,NA,NA
"binomial_mm",114,1000,0.357023954391479,0.627624988555908,0.584070920944214,1.5700077873021e-05,3.29852125352526e-06,NA,NA
"binomial_mm",115,1000,0.360888004302979,0.610966920852661,0.492475986480713,5.44258661612229e-05,1.48576706493486e-11,NA,NA
"binomial_mm",116,1000,0.359487056732178,0.539899110794067,0.623325109481812,4.70591392112141e-05,1.60146895744617e-12,NA,NA
"binomial_mm",117,1000,0.457431077957153,0.573528051376343,0.521661996841431,6.84420034688937e-05,1.46814791538441e-05,NA,NA
"binomial_mm",118,1000,0.348979949951172,0.612504959106445,0.545615911483765,3.46206084713696e-05,1.73594498560081e-05,NA,NA
"binomial_mm",119,1000,0.346060991287231,0.53684401512146,0.547950029373169,3.27385718915107e-05,7.9658502016855e-14,NA,NA
"binomial_mm",120,1000,0.404327154159546,0.568865060806274,0.551333904266357,1.63141107966114e-05,1.80963577456339e-12,NA,NA
"binomial_mm",121,1000,0.363576889038086,0.68293309211731,0.628292083740234,3.44795435168188e-05,5.82347631206126e-06,NA,NA
"binomial_mm",122,1000,0.452611923217773,0.697910070419312,0.504638910293579,2.6136365103957e-05,3.88008806051499e-06,NA,NA
"binomial_mm",123,1000,0.366481065750122,0.584434032440186,0.571164131164551,1.34220120717177e-05,1.9595436384634e-14,NA,NA
"binomial_mm",124,1000,0.406631946563721,0.695952892303467,0.468342065811157,1.74697430880277e-05,1.29135591109275e-12,NA,NA
"binomial_mm",125,1000,0.3871169090271,0.619872808456421,0.519720077514648,1.67914016320214e-05,5.61614702809798e-06,NA,NA
"binomial_mm",126,1000,0.377786159515381,0.617034912109375,0.552671194076538,1.97557185613872e-05,1.00475183728577e-13,NA,NA
"binomial_mm",127,1000,0.487861156463623,0.511219024658203,0.568404912948608,4.60131043980017e-05,5.04494910841258e-06,NA,NA
"binomial_mm",128,1000,0.394473075866699,0.583374977111816,0.546776056289673,2.5333281292339e-05,3.7381209239129e-13,NA,NA
"binomial_mm",129,1000,0.42078709602356,0.57185697555542,0.45055103302002,2.41997342992351e-05,8.75580061288073e-06,NA,NA
"binomial_mm",130,1000,0.34800910949707,0.622178077697754,0.46769905090332,3.43775680756164e-05,7.43674316713849e-06,NA,NA
"binomial_mm",131,1000,0.328936815261841,0.51413106918335,0.563005924224854,2.74704895327771e-05,2.70339306496226e-14,NA,NA
"binomial_mm",132,1000,0.35273003578186,0.599304914474487,0.418496131896973,4.96357217494303e-06,4.66293670342566e-15,NA,NA
"binomial_mm",133,1000,0.438204050064087,0.588631153106689,0.519954919815063,3.62743498480977e-05,5.55111512312578e-16,NA,NA
"binomial_mm",134,1000,0.407923221588135,0.570826053619385,0.636230945587158,1.6757779141674e-05,7.31392613709247e-06,NA,NA
"binomial_mm",135,1000,0.353164911270142,0.550746917724609,0.539002895355225,3.57028037153428e-05,2.87676822452454e-06,NA,NA
"binomial_mm",136,1000,0.369832992553711,0.748350858688354,0.52062201499939,5.16279701774369e-05,2.1493917756743e-13,NA,NA
"binomial_mm",137,1000,0.463896036148071,0.686676025390625,0.590922117233276,5.74355178581953e-05,7.65368580968318e-06,NA,NA
"binomial_mm",138,1000,0.40463399887085,0.528314113616943,0.524193048477173,2.55263821093976e-05,4.88800666609279e-12,NA,NA
"binomial_mm",139,1000,0.418790102005005,0.62913990020752,0.58278489112854,3.12730242804093e-05,5.77410341762175e-12,NA,NA
"binomial_mm",140,1000,0.370190143585205,0.588717937469482,0.473275184631348,3.05831990866645e-05,3.91761821424974e-06,NA,NA
"binomial_mm",141,1000,0.430078029632568,0.589709043502808,0.53630805015564,1.42522244358512e-05,7.40629779727442e-13,NA,NA
"binomial_mm",142,1000,0.461351871490479,0.62848687171936,0.491692781448364,4.77323080393388e-05,1.42463578560181e-05,NA,NA
"binomial_mm",143,1000,0.414312124252319,0.542253971099854,0.537873029708862,3.2928461684123e-05,7.61367337653862e-06,NA,NA
"binomial_mm",144,1000,0.3767991065979,0.522980928421021,0.580366849899292,1.36476934752827e-05,1.19048976371938e-05,NA,NA
"binomial_mm",145,1000,0.413257122039795,0.529330015182495,0.584892988204956,8.96623204756919e-05,1.30218328475706e-05,NA,NA
"binomial_mm",146,1000,0.424078941345215,0.630359888076782,0.522702932357788,3.32298750768123e-05,7.91912356701285e-06,NA,NA
"binomial_mm",147,1000,0.389019012451172,0.552384853363037,0.533090829849243,0.000106554674567105,1.11022302462516e-16,NA,NA
"binomial_mm",148,1000,0.359049081802368,0.543972969055176,0.46660590171814,3.80965029813107e-05,2.83463807981832e-10,NA,NA
"binomial_mm",149,1000,0.338544845581055,0.627645015716553,0.479007959365845,1.17253543842621e-05,6.20086195704528e-06,NA,NA
"binomial_mm",150,1000,0.370452880859375,0.640857934951782,0.50984787940979,2.43532715529238e-05,1.44884104713583e-14,NA,NA
"binomial_mm",151,1000,0.423909187316895,0.674423933029175,0.545629978179932,1.86314634049167e-05,1.64436837212234e-05,NA,NA
"binomial_mm",152,1000,0.471015930175781,0.649050951004028,0.568099021911621,4.32888853282853e-05,2.17229932169272e-05,NA,NA
"binomial_mm",153,1000,0.353607892990112,0.730576992034912,0.466540098190308,2.06006116891255e-05,2.22044604925031e-15,NA,NA
"binomial_mm",154,1000,0.361776113510132,0.645004034042358,0.609238147735596,1.34921333057036e-05,1.74703282396216e-09,NA,NA
"binomial_mm",155,1000,0.383769989013672,0.595659017562866,0.647645235061646,1.66771572745472e-05,8.82039450705863e-06,NA,NA
"binomial_mm",156,1000,0.375197172164917,0.623126983642578,0.486068964004517,1.60166609259882e-05,5.55111512312578e-16,NA,NA
"binomial_mm",157,1000,0.435037851333618,0.561995983123779,0.621041059494019,1.86350164044224e-05,4.53153070623102e-11,NA,NA
"binomial_mm",158,1000,0.360156059265137,0.641134023666382,0.578690052032471,4.37028932626093e-05,9.32521802454733e-06,NA,NA
"binomial_mm",159,1000,0.406202077865601,0.683223009109497,0.551278829574585,1.22369476636131e-05,1.42970436370349e-05,NA,NA
"binomial_mm",160,1000,0.405719995498657,0.623188972473145,0.506677865982056,3.70600200667592e-05,2.65499561091787e-06,NA,NA
"multinom_fixed_J3",1,1000,0.231698036193848,NA,NA,NA,NA,0.0206000804901123,6.35807185310755e-05
"multinom_fixed_J3",2,1000,0.168330192565918,NA,NA,NA,NA,0.0178251266479492,4.5036256040909e-05
"multinom_fixed_J3",3,1000,0.166582107543945,NA,NA,NA,NA,0.0188891887664795,2.10134946105889e-05
"multinom_fixed_J3",4,1000,0.328191995620728,NA,NA,NA,NA,0.0198929309844971,2.41410929918695e-05
"multinom_fixed_J3",5,1000,0.171535015106201,NA,NA,NA,NA,0.0159080028533936,3.28892732093244e-05
"multinom_fixed_J3",6,1000,0.192747831344604,NA,NA,NA,NA,0.0189180374145508,0.000163073260416091
"multinom_fixed_J3",7,1000,0.16353178024292,NA,NA,NA,NA,0.0185201168060303,1.40195108477847e-05
"multinom_fixed_J3",8,1000,0.164544820785522,NA,NA,NA,NA,0.0175650119781494,4.90437068154659e-05
"multinom_fixed_J3",9,1000,0.170948028564453,NA,NA,NA,NA,0.0178720951080322,5.18470678257943e-05
"multinom_fixed_J3",10,1000,0.249207019805908,NA,NA,NA,NA,0.0173211097717285,3.72810721124273e-05
"multinom_fixed_J3",11,1000,0.233122110366821,NA,NA,NA,NA,0.0187489986419678,7.76480054534012e-05
"multinom_fixed_J3",12,1000,0.205170869827271,NA,NA,NA,NA,0.023439884185791,4.80860970745178e-05
"multinom_fixed_J3",13,1000,0.288320064544678,NA,NA,NA,NA,0.0174930095672607,5.42934030969833e-05
"multinom_fixed_J3",14,1000,0.196354150772095,NA,NA,NA,NA,0.0225520133972168,4.49983137478238e-05
"multinom_fixed_J3",15,1000,0.21153998374939,NA,NA,NA,NA,0.0225980281829834,3.05662680990526e-05
"multinom_fixed_J3",16,1000,0.180105924606323,NA,NA,NA,NA,0.0162639617919922,0.000226076989143897
"multinom_fixed_J3",17,1000,0.328415870666504,NA,NA,NA,NA,0.0253961086273193,0.000160718177274033
"multinom_fixed_J3",18,1000,0.160118818283081,NA,NA,NA,NA,0.0180399417877197,4.77309747712873e-05
"multinom_fixed_J3",19,1000,0.313503980636597,NA,NA,NA,NA,0.025468111038208,8.07255860284517e-05
"multinom_fixed_J3",20,1000,0.16817307472229,NA,NA,NA,NA,0.016185998916626,3.56852442164046e-05
"multinom_fixed_J3",21,1000,0.251871109008789,NA,NA,NA,NA,0.0188949108123779,9.60333697166416e-05
"multinom_fixed_J3",22,1000,0.16082501411438,NA,NA,NA,NA,0.0172960758209229,4.65783429265398e-05
"multinom_fixed_J3",23,1000,0.224056959152222,NA,NA,NA,NA,0.0241479873657227,5.23377590549989e-05
"multinom_fixed_J3",24,1000,0.192030906677246,NA,NA,NA,NA,0.0251491069793701,5.14254899202093e-05
"multinom_fixed_J3",25,1000,0.237959861755371,NA,NA,NA,NA,0.0196840763092041,2.16822892897678e-05
"multinom_fixed_J3",26,1000,0.266359090805054,NA,NA,NA,NA,0.0179300308227539,0.000163785471554601
"multinom_fixed_J3",27,1000,0.284101963043213,NA,NA,NA,NA,0.0236170291900635,0.00012953078726019
"multinom_fixed_J3",28,1000,0.231557130813599,NA,NA,NA,NA,0.0220859050750732,4.08802374007866e-06
"multinom_fixed_J3",29,1000,0.168703079223633,NA,NA,NA,NA,0.0235109329223633,3.25322634492364e-05
"multinom_fixed_J3",30,1000,0.206925868988037,NA,NA,NA,NA,0.0180017948150635,3.90175485325273e-05
"multinom_fixed_J3",31,1000,0.333575010299683,NA,NA,NA,NA,0.018887996673584,2.35994971783393e-05
"multinom_fixed_J3",32,1000,0.274001121520996,NA,NA,NA,NA,0.0239410400390625,1.49787832497972e-05
"multinom_fixed_J3",33,1000,0.194798946380615,NA,NA,NA,NA,0.0248289108276367,4.28754240113793e-05
"multinom_fixed_J3",34,1000,0.160279035568237,NA,NA,NA,NA,0.0173869132995605,7.40614904045644e-05
"multinom_fixed_J3",35,1000,0.18330717086792,NA,NA,NA,NA,0.0238618850708008,3.18691108536912e-05
"multinom_fixed_J3",36,1000,0.285118103027344,NA,NA,NA,NA,0.0236279964447021,5.27391332579563e-05
"multinom_fixed_J3",37,1000,0.309948921203613,NA,NA,NA,NA,0.0213019847869873,3.32136354364021e-05
"multinom_fixed_J3",38,1000,0.219344139099121,NA,NA,NA,NA,0.0184929370880127,3.05906669397782e-05
"multinom_fixed_J3",39,1000,0.159393072128296,NA,NA,NA,NA,0.017399787902832,2.29288413936546e-05
"multinom_fixed_J3",40,1000,0.206192970275879,NA,NA,NA,NA,0.0221400260925293,3.82755298461435e-05
"multinom_fixed_J3",41,1000,0.154911994934082,NA,NA,NA,NA,0.0185508728027344,0.000116596355518417
"multinom_fixed_J3",42,1000,0.158486843109131,NA,NA,NA,NA,0.0173730850219727,8.59329292468569e-06
"multinom_fixed_J3",43,1000,0.167927980422974,NA,NA,NA,NA,0.0217618942260742,1.69864693295718e-05
"multinom_fixed_J3",44,1000,0.222295999526978,NA,NA,NA,NA,0.0233969688415527,1.78252632708209e-05
"multinom_fixed_J3",45,1000,0.163772106170654,NA,NA,NA,NA,0.0172829627990723,1.94991372357567e-05
"multinom_fixed_J3",46,1000,0.158518075942993,NA,NA,NA,NA,0.0172359943389893,1.36054900332638e-05
"multinom_fixed_J3",47,1000,0.243650197982788,NA,NA,NA,NA,0.0185091495513916,8.58421737670589e-06
"multinom_fixed_J3",48,1000,0.168215990066528,NA,NA,NA,NA,0.0180139541625977,3.52013062485668e-05
"multinom_fixed_J3",49,1000,0.258476972579956,NA,NA,NA,NA,0.0243029594421387,4.44525683134245e-05
"multinom_fixed_J3",50,1000,0.196752071380615,NA,NA,NA,NA,0.0242249965667725,1.82380185936998e-05
"multinom_fixed_J3",51,1000,0.268840074539185,NA,NA,NA,NA,0.0181050300598145,8.10549816667727e-05
"multinom_fixed_J3",52,1000,0.162199974060059,NA,NA,NA,NA,0.0181639194488525,9.69761872030017e-05
"multinom_fixed_J3",53,1000,0.285122156143188,NA,NA,NA,NA,0.0181808471679688,7.69557264523879e-05
"multinom_fixed_J3",54,1000,0.200792789459229,NA,NA,NA,NA,0.0211169719696045,9.48049696405384e-05
"multinom_fixed_J3",55,1000,0.205949068069458,NA,NA,NA,NA,0.0184879302978516,5.28372761710028e-05
"multinom_fixed_J3",56,1000,0.156905174255371,NA,NA,NA,NA,0.018867015838623,1.39225233168894e-05
"multinom_fixed_J3",57,1000,0.188409090042114,NA,NA,NA,NA,0.0240879058837891,0.000114969589228131
"multinom_fixed_J3",58,1000,0.194959878921509,NA,NA,NA,NA,0.0184199810028076,5.46903337652616e-05
"multinom_fixed_J3",59,1000,0.226515054702759,NA,NA,NA,NA,0.0200221538543701,3.49190457320514e-05
"multinom_fixed_J3",60,1000,0.185998201370239,NA,NA,NA,NA,0.0205581188201904,1.22275897629365e-05
"multinom_fixed_J3",61,1000,0.314908027648926,NA,NA,NA,NA,0.0177979469299316,8.0022778444655e-05
"multinom_fixed_J3",62,1000,0.205988883972168,NA,NA,NA,NA,0.0180730819702148,2.70417560710445e-05
"multinom_fixed_J3",63,1000,0.159502029418945,NA,NA,NA,NA,0.0227069854736328,3.76937198618421e-05
"multinom_fixed_J3",64,1000,0.169151067733765,NA,NA,NA,NA,0.0235450267791748,2.08227318350129e-05
"multinom_fixed_J3",65,1000,0.224379062652588,NA,NA,NA,NA,0.0177319049835205,1.45358627468006e-05
"multinom_fixed_J3",66,1000,0.157015085220337,NA,NA,NA,NA,0.0174310207366943,1.22399344795188e-05
"multinom_fixed_J3",67,1000,0.291088104248047,NA,NA,NA,NA,0.017287015914917,0.000185292188526365
"multinom_fixed_J3",68,1000,0.30745005607605,NA,NA,NA,NA,0.0192720890045166,1.06047516948982e-05
"multinom_fixed_J3",69,1000,0.167623996734619,NA,NA,NA,NA,0.0183498859405518,0.000125145515315284
"multinom_fixed_J3",70,1000,0.17208194732666,NA,NA,NA,NA,0.0190210342407227,0.000138147480483186
"multinom_fixed_J3",71,1000,0.236643075942993,NA,NA,NA,NA,0.0179488658905029,0.000164174936830824
"multinom_fixed_J3",72,1000,0.210202932357788,NA,NA,NA,NA,0.0173380374908447,4.75167288633838e-05
"multinom_fixed_J3",73,1000,0.192413806915283,NA,NA,NA,NA,0.0171449184417725,1.29997361595358e-05
"multinom_fixed_J3",74,1000,0.232835054397583,NA,NA,NA,NA,0.0180389881134033,9.18651156556205e-06
"multinom_fixed_J3",75,1000,0.188723802566528,NA,NA,NA,NA,0.0198869705200195,4.70605509685917e-05
"multinom_fixed_J3",76,1000,0.24976110458374,NA,NA,NA,NA,0.0241639614105225,4.523813188273e-05
"multinom_fixed_J3",77,1000,0.197695970535278,NA,NA,NA,NA,0.0158941745758057,9.98539374508223e-06
"multinom_fixed_J3",78,1000,0.151844024658203,NA,NA,NA,NA,0.0173578262329102,2.29355368434048e-05
"multinom_fixed_J3",79,1000,0.229701042175293,NA,NA,NA,NA,0.0184810161590576,3.31622399041276e-05
"multinom_fixed_J3",80,1000,0.235238075256348,NA,NA,NA,NA,0.0244860649108887,3.92555614308482e-05
"multinom_fixed_J3",81,1000,0.26731014251709,NA,NA,NA,NA,0.0191431045532227,2.34767209004172e-05
"multinom_fixed_J3",82,1000,0.209614038467407,NA,NA,NA,NA,0.0237472057342529,2.582539369822e-05
"multinom_fixed_J3",83,1000,0.159558057785034,NA,NA,NA,NA,0.0182099342346191,7.80172414340807e-05
"multinom_fixed_J3",84,1000,0.295192956924438,NA,NA,NA,NA,0.0243179798126221,6.92897711631613e-05
"multinom_fixed_J3",85,1000,0.219514131546021,NA,NA,NA,NA,0.0200390815734863,0.000368085514718897
"multinom_fixed_J3",86,1000,0.245601892471313,NA,NA,NA,NA,0.0220470428466797,1.25622639353118e-05
"multinom_fixed_J3",87,1000,0.194784879684448,NA,NA,NA,NA,0.0174732208251953,2.62543233924273e-05
"multinom_fixed_J3",88,1000,0.249296903610229,NA,NA,NA,NA,0.0211949348449707,1.06536940689406e-05
"multinom_fixed_J3",89,1000,0.179634094238281,NA,NA,NA,NA,0.0187740325927734,4.38745551077369e-05
"multinom_fixed_J3",90,1000,0.155020952224731,NA,NA,NA,NA,0.0179169178009033,0.000102941999556738
"multinom_fixed_J3",91,1000,0.217859983444214,NA,NA,NA,NA,0.0179719924926758,2.56830241718298e-05
"multinom_fixed_J3",92,1000,0.161134958267212,NA,NA,NA,NA,0.0179688930511475,0.000170854152627964
"multinom_fixed_J3",93,1000,0.223040819168091,NA,NA,NA,NA,0.0172140598297119,5.54673183001952e-05
"multinom_fixed_J3",94,1000,0.168691873550415,NA,NA,NA,NA,0.017664909362793,2.26437644834654e-05
"multinom_fixed_J3",95,1000,0.232997894287109,NA,NA,NA,NA,0.0191121101379395,5.57364882336486e-06
"multinom_fixed_J3",96,1000,0.235156059265137,NA,NA,NA,NA,0.0189750194549561,3.26853065648613e-05
"multinom_fixed_J3",97,1000,0.224299192428589,NA,NA,NA,NA,0.0177071094512939,7.51554692302037e-06
"multinom_fixed_J3",98,1000,0.210859775543213,NA,NA,NA,NA,0.0189299583435059,0.000134349353065555
"multinom_fixed_J3",99,1000,0.201898097991943,NA,NA,NA,NA,0.022597074508667,5.62124253076224e-05
"multinom_fixed_J3",100,1000,0.370015144348145,NA,NA,NA,NA,0.0242938995361328,7.71901014890997e-05
"multinom_fixed_J3",101,1000,0.222377061843872,NA,NA,NA,NA,0.0248548984527588,0.000139623516908105
"multinom_fixed_J3",102,1000,0.173264026641846,NA,NA,NA,NA,0.0210750102996826,7.79376253046138e-06
"multinom_fixed_J3",103,1000,0.172658920288086,NA,NA,NA,NA,0.0230169296264648,9.76584274343661e-05
"multinom_fixed_J3",104,1000,0.222152948379517,NA,NA,NA,NA,0.0180468559265137,0.000133862475950597
"multinom_fixed_J3",105,1000,0.170011043548584,NA,NA,NA,NA,0.0176560878753662,3.45157286957831e-05
"multinom_fixed_J3",106,1000,0.199339866638184,NA,NA,NA,NA,0.0236101150512695,1.83521561760436e-05
"multinom_fixed_J3",107,1000,0.22629189491272,NA,NA,NA,NA,0.0218660831451416,0.000150327201227984
"multinom_fixed_J3",108,1000,0.183204174041748,NA,NA,NA,NA,0.0197489261627197,2.88970062878313e-05
"multinom_fixed_J3",109,1000,0.203794956207275,NA,NA,NA,NA,0.0208311080932617,7.85136462272407e-05
"multinom_fixed_J3",110,1000,0.167709827423096,NA,NA,NA,NA,0.017988920211792,2.23075178769072e-05
"multinom_fixed_J3",111,1000,0.168109893798828,NA,NA,NA,NA,0.0169579982757568,2.4570480073316e-05
"multinom_fixed_J3",112,1000,0.160155057907104,NA,NA,NA,NA,0.0178959369659424,5.8147777479034e-05
"multinom_fixed_J3",113,1000,0.195652008056641,NA,NA,NA,NA,0.025580883026123,9.66550431660274e-05
"multinom_fixed_J3",114,1000,0.20953106880188,NA,NA,NA,NA,0.0177681446075439,4.87745398574102e-05
"multinom_fixed_J3",115,1000,0.183826923370361,NA,NA,NA,NA,0.0193297863006592,2.08073144979393e-05
"multinom_fixed_J3",116,1000,0.202359914779663,NA,NA,NA,NA,0.0196549892425537,1.16063822694912e-05
"multinom_fixed_J3",117,1000,0.162055015563965,NA,NA,NA,NA,0.0200819969177246,7.38071989914157e-05
"multinom_fixed_J3",118,1000,0.231907844543457,NA,NA,NA,NA,0.0182180404663086,2.5905147495342e-05
"multinom_fixed_J3",119,1000,0.171474933624268,NA,NA,NA,NA,0.0195329189300537,5.66790261590788e-05
"multinom_fixed_J3",120,1000,0.173131942749023,NA,NA,NA,NA,0.0173399448394775,5.8211026655073e-05
"multinom_fixed_J3",121,1000,0.206128120422363,NA,NA,NA,NA,0.0195231437683105,1.9701747452805e-05
"multinom_fixed_J3",122,1000,0.262807130813599,NA,NA,NA,NA,0.0227921009063721,0.00108064943453803
"multinom_fixed_J3",123,1000,0.343388080596924,NA,NA,NA,NA,0.0179998874664307,8.52755111946379e-06
"multinom_fixed_J3",124,1000,0.219313144683838,NA,NA,NA,NA,0.0185129642486572,1.09147410584098e-05
"multinom_fixed_J3",125,1000,0.254556179046631,NA,NA,NA,NA,0.0181889533996582,0.000277636139532911
"multinom_fixed_J3",126,1000,0.16065502166748,NA,NA,NA,NA,0.0163388252258301,0.000183643313135029
"multinom_fixed_J3",127,1000,0.230033874511719,NA,NA,NA,NA,0.0160830020904541,3.3700263142894e-05
"multinom_fixed_J3",128,1000,0.273370027542114,NA,NA,NA,NA,0.0241320133209229,1.05665842994318e-05
"multinom_fixed_J3",129,1000,0.289532899856567,NA,NA,NA,NA,0.0189609527587891,4.91788813350436e-05
"multinom_fixed_J3",130,1000,0.186346054077148,NA,NA,NA,NA,0.0197069644927979,1.88396724018144e-05
"multinom_fixed_J3",131,1000,0.196400165557861,NA,NA,NA,NA,0.0177600383758545,0.000173625607518657
"multinom_fixed_J3",132,1000,0.17235803604126,NA,NA,NA,NA,0.0163488388061523,2.53217557579788e-05
"multinom_fixed_J3",133,1000,0.232548952102661,NA,NA,NA,NA,0.0271048545837402,9.83751642025243e-06
"multinom_fixed_J3",134,1000,0.181012153625488,NA,NA,NA,NA,0.0171618461608887,0.000189491042580037
"multinom_fixed_J3",135,1000,0.173095941543579,NA,NA,NA,NA,0.0183680057525635,5.23309240807457e-05
"multinom_fixed_J3",136,1000,0.15834903717041,NA,NA,NA,NA,0.0180509090423584,1.67180364950559e-05
"multinom_fixed_J3",137,1000,0.161519050598145,NA,NA,NA,NA,0.0181689262390137,8.3144673246327e-06
"multinom_fixed_J3",138,1000,0.196434020996094,NA,NA,NA,NA,0.0193109512329102,2.81775443633503e-06
"multinom_fixed_J3",139,1000,0.163398027420044,NA,NA,NA,NA,0.0173430442810059,2.01831811890152e-05
"multinom_fixed_J3",140,1000,0.267734050750732,NA,NA,NA,NA,0.0245809555053711,2.32994574855816e-05
"multinom_fixed_J3",141,1000,0.165518045425415,NA,NA,NA,NA,0.0181789398193359,2.35214353113689e-05
"multinom_fixed_J3",142,1000,0.255743026733398,NA,NA,NA,NA,0.0238759517669678,1.97669310992854e-05
"multinom_fixed_J3",143,1000,0.242050170898438,NA,NA,NA,NA,0.023892879486084,0.000126523581784443
"multinom_fixed_J3",144,1000,0.274587154388428,NA,NA,NA,NA,0.024345874786377,1.90706011788944e-05
"multinom_fixed_J3",145,1000,0.269253015518188,NA,NA,NA,NA,0.0190629959106445,0.000125914899843649
"multinom_fixed_J3",146,1000,0.227893114089966,NA,NA,NA,NA,0.0235679149627686,1.74929446655758e-05
"multinom_fixed_J3",147,1000,0.230013132095337,NA,NA,NA,NA,0.0171008110046387,2.24553129226646e-05
"multinom_fixed_J3",148,1000,0.253921985626221,NA,NA,NA,NA,0.0243089199066162,6.05774553497085e-06
"multinom_fixed_J3",149,1000,0.161208868026733,NA,NA,NA,NA,0.0183200836181641,0.000140094214233444
"multinom_fixed_J3",150,1000,0.180085182189941,NA,NA,NA,NA,0.019521951675415,2.30374475584938e-05
"multinom_fixed_J3",151,1000,0.165642976760864,NA,NA,NA,NA,0.0175409317016602,1.81127103453527e-05
"multinom_fixed_J3",152,1000,0.305902004241943,NA,NA,NA,NA,0.017570972442627,2.97866537923852e-05
"multinom_fixed_J3",153,1000,0.264272928237915,NA,NA,NA,NA,0.019157886505127,0.000163815024582126
"multinom_fixed_J3",154,1000,0.165760040283203,NA,NA,NA,NA,0.0204379558563232,4.22767328966955e-06
"multinom_fixed_J3",155,1000,0.173559904098511,NA,NA,NA,NA,0.016340970993042,1.89734998596869e-05
"multinom_fixed_J3",156,1000,0.159763097763062,NA,NA,NA,NA,0.0170540809631348,1.45801386670641e-05
"multinom_fixed_J3",157,1000,0.201855897903442,NA,NA,NA,NA,0.020313024520874,0.000228607194413644
"multinom_fixed_J3",158,1000,0.159714221954346,NA,NA,NA,NA,0.0242741107940674,4.17096400985306e-05
"multinom_fixed_J3",159,1000,0.277688026428223,NA,NA,NA,NA,0.0202121734619141,0.000128446639415636
"multinom_fixed_J3",160,1000,0.229411840438843,NA,NA,NA,NA,0.02451491355896,2.46546611617493e-05
"multinom_fixed_J5",1,1000,0.266710996627808,NA,NA,NA,NA,0.0464589595794678,3.2435520369245e-05
"multinom_fixed_J5",2,1000,0.290294885635376,NA,NA,NA,NA,0.0379180908203125,1.23513982810963e-05
"multinom_fixed_J5",3,1000,0.222140073776245,NA,NA,NA,NA,0.0396521091461182,6.88000828830138e-06
"multinom_fixed_J5",4,1000,0.265053033828735,NA,NA,NA,NA,0.05208420753479,5.07360863249984e-05
"multinom_fixed_J5",5,1000,0.351485967636108,NA,NA,NA,NA,0.0373330116271973,2.43837287916548e-05
"multinom_fixed_J5",6,1000,0.344233989715576,NA,NA,NA,NA,0.0458109378814697,1.26451362649771e-05
"multinom_fixed_J5",7,1000,0.359174966812134,NA,NA,NA,NA,0.0404529571533203,3.9431857086214e-05
"multinom_fixed_J5",8,1000,0.34595513343811,NA,NA,NA,NA,0.0471131801605225,4.60908424628759e-05
"multinom_fixed_J5",9,1000,0.320590972900391,NA,NA,NA,NA,0.0402698516845703,7.97302736021965e-06
"multinom_fixed_J5",10,1000,0.376214981079102,NA,NA,NA,NA,0.0397739410400391,1.48783824443499e-05
"multinom_fixed_J5",11,1000,0.375952005386353,NA,NA,NA,NA,0.0377769470214844,2.77383560789435e-05
"multinom_fixed_J5",12,1000,0.28863000869751,NA,NA,NA,NA,0.0386490821838379,6.95046384725506e-05
"multinom_fixed_J5",13,1000,0.305710077285767,NA,NA,NA,NA,0.040215015411377,5.80578972278478e-05
"multinom_fixed_J5",14,1000,0.353116035461426,NA,NA,NA,NA,0.0456399917602539,2.26775375393728e-05
"multinom_fixed_J5",15,1000,0.226825952529907,NA,NA,NA,NA,0.0409591197967529,1.57500158557422e-05
"multinom_fixed_J5",16,1000,0.262513160705566,NA,NA,NA,NA,0.045989990234375,6.10025595482178e-06
"multinom_fixed_J5",17,1000,0.29065990447998,NA,NA,NA,NA,0.0375139713287354,1.45980973108306e-05
"multinom_fixed_J5",18,1000,0.254185914993286,NA,NA,NA,NA,0.0395040512084961,3.23387364083993e-05
"multinom_fixed_J5",19,1000,0.302197933197021,NA,NA,NA,NA,0.0363190174102783,3.72620381012823e-05
"multinom_fixed_J5",20,1000,0.267561197280884,NA,NA,NA,NA,0.0401711463928223,0.000101046416978168
"multinom_fixed_J5",21,1000,0.308268070220947,NA,NA,NA,NA,0.0475749969482422,1.26731451908779e-05
"multinom_fixed_J5",22,1000,0.363144159317017,NA,NA,NA,NA,0.0374858379364014,5.62969452197332e-05
"multinom_fixed_J5",23,1000,0.271764039993286,NA,NA,NA,NA,0.0385088920593262,9.18192974863619e-06
"multinom_fixed_J5",24,1000,0.272359132766724,NA,NA,NA,NA,0.0534601211547852,1.26207262686195e-05
"multinom_fixed_J5",25,1000,0.401585102081299,NA,NA,NA,NA,0.037153959274292,2.86660052445376e-05
"multinom_fixed_J5",26,1000,0.222212076187134,NA,NA,NA,NA,0.0391609668731689,1.59434806203604e-05
"multinom_fixed_J5",27,1000,0.295945882797241,NA,NA,NA,NA,0.0491881370544434,1.24770155687237e-05
"multinom_fixed_J5",28,1000,0.346928119659424,NA,NA,NA,NA,0.0417790412902832,1.03752887573583e-05
"multinom_fixed_J5",29,1000,0.321115970611572,NA,NA,NA,NA,0.0531671047210693,2.87760131496007e-05
"multinom_fixed_J5",30,1000,0.397384881973267,NA,NA,NA,NA,0.0483410358428955,8.22809967571114e-06
"multinom_fixed_J5",31,1000,0.304390907287598,NA,NA,NA,NA,0.051767110824585,2.05713840909505e-05
"multinom_fixed_J5",32,1000,0.390925884246826,NA,NA,NA,NA,0.0392208099365234,6.35600679156356e-05
"multinom_fixed_J5",33,1000,0.312421798706055,NA,NA,NA,NA,0.0534050464630127,2.51962796538052e-05
"multinom_fixed_J5",34,1000,0.280739068984985,NA,NA,NA,NA,0.0412049293518066,4.03825533499824e-05
"multinom_fixed_J5",35,1000,0.259154796600342,NA,NA,NA,NA,0.0406451225280762,2.15825449811913e-05
"multinom_fixed_J5",36,1000,0.349040985107422,NA,NA,NA,NA,0.0452449321746826,0.000122066814272737
"multinom_fixed_J5",37,1000,0.312166213989258,NA,NA,NA,NA,0.0381228923797607,1.79079839720125e-05
"multinom_fixed_J5",38,1000,0.295850038528442,NA,NA,NA,NA,0.0422639846801758,9.73766650891328e-06
"multinom_fixed_J5",39,1000,0.284447908401489,NA,NA,NA,NA,0.0388610363006592,1.99398594733502e-05
"multinom_fixed_J5",40,1000,0.296204090118408,NA,NA,NA,NA,0.0394589900970459,1.4093498685086e-05
"multinom_fixed_J5",41,1000,0.303117990493774,NA,NA,NA,NA,0.0386910438537598,7.31234360278332e-05
"multinom_fixed_J5",42,1000,0.259644985198975,NA,NA,NA,NA,0.0397040843963623,3.01480577657995e-05
"multinom_fixed_J5",43,1000,0.22903299331665,NA,NA,NA,NA,0.0379841327667236,2.05573299019157e-05
"multinom_fixed_J5",44,1000,0.286003112792969,NA,NA,NA,NA,0.0387909412384033,1.35378932362706e-05
"multinom_fixed_J5",45,1000,0.330025911331177,NA,NA,NA,NA,0.0385730266571045,3.04173975295696e-05
"multinom_fixed_J5",46,1000,0.247560977935791,NA,NA,NA,NA,0.0377819538116455,1.7219835913157e-05
"multinom_fixed_J5",47,1000,0.30691385269165,NA,NA,NA,NA,0.038567066192627,2.46462192305952e-05
"multinom_fixed_J5",48,1000,0.353456974029541,NA,NA,NA,NA,0.0562248229980469,4.20299214582975e-05
"multinom_fixed_J5",49,1000,0.375970125198364,NA,NA,NA,NA,0.0494818687438965,1.4257882447466e-05
"multinom_fixed_J5",50,1000,0.277934074401855,NA,NA,NA,NA,0.0390980243682861,1.97640859087578e-05
"multinom_fixed_J5",51,1000,0.436454057693481,NA,NA,NA,NA,0.0405759811401367,8.66763878887289e-06
"multinom_fixed_J5",52,1000,0.406332015991211,NA,NA,NA,NA,0.0401039123535156,5.07769970414795e-05
"multinom_fixed_J5",53,1000,0.249102115631104,NA,NA,NA,NA,0.0385458469390869,2.11743959174227e-05
"multinom_fixed_J5",54,1000,0.33804988861084,NA,NA,NA,NA,0.0512740612030029,1.0402173233004e-05
"multinom_fixed_J5",55,1000,0.3056640625,NA,NA,NA,NA,0.0387639999389648,8.30946359303697e-06
"multinom_fixed_J5",56,1000,0.228162050247192,NA,NA,NA,NA,0.0412437915802002,2.77117159993567e-05
"multinom_fixed_J5",57,1000,0.250137090682983,NA,NA,NA,NA,0.0474839210510254,2.28536329334172e-05
"multinom_fixed_J5",58,1000,0.376585960388184,NA,NA,NA,NA,0.0387580394744873,3.67130375571456e-05
"multinom_fixed_J5",59,1000,0.280014038085938,NA,NA,NA,NA,0.0445339679718018,2.12986543989546e-05
"multinom_fixed_J5",60,1000,0.263823986053467,NA,NA,NA,NA,0.0492088794708252,3.78226650128433e-05
"multinom_fixed_J5",61,1000,0.353456974029541,NA,NA,NA,NA,0.0453767776489258,3.65071496048752e-05
"multinom_fixed_J5",62,1000,0.50400185585022,NA,NA,NA,NA,0.040971040725708,1.34793313462112e-05
"multinom_fixed_J5",63,1000,0.305987119674683,NA,NA,NA,NA,0.0537049770355225,5.79239969972223e-05
"multinom_fixed_J5",64,1000,0.244969844818115,NA,NA,NA,NA,0.0401139259338379,2.34198558201337e-05
"multinom_fixed_J5",65,1000,0.289015054702759,NA,NA,NA,NA,0.0495479106903076,1.53435814867209e-05
"multinom_fixed_J5",66,1000,0.25592303276062,NA,NA,NA,NA,0.0460798740386963,8.7474943404886e-06
"multinom_fixed_J5",67,1000,0.49550199508667,NA,NA,NA,NA,0.0411350727081299,8.27584996150321e-05
"multinom_fixed_J5",68,1000,0.366179943084717,NA,NA,NA,NA,0.0416738986968994,5.55073043180809e-05
"multinom_fixed_J5",69,1000,0.327814817428589,NA,NA,NA,NA,0.0366780757904053,1.339021226196e-05
"multinom_fixed_J5",70,1000,0.253899097442627,NA,NA,NA,NA,0.0513091087341309,1.15304771806102e-05
"multinom_fixed_J5",71,1000,0.274548053741455,NA,NA,NA,NA,0.0517590045928955,2.81023927695134e-05
"multinom_fixed_J5",72,1000,0.39714503288269,NA,NA,NA,NA,0.0384068489074707,1.78377068877911e-05
"multinom_fixed_J5",73,1000,0.355904817581177,NA,NA,NA,NA,0.0511021614074707,1.04005621768266e-05
"multinom_fixed_J5",74,1000,0.285741090774536,NA,NA,NA,NA,0.0418069362640381,1.19036732431077e-05
"multinom_fixed_J5",75,1000,0.367315769195557,NA,NA,NA,NA,0.0424971580505371,0.000142464759977423
"multinom_fixed_J5",76,1000,0.311881065368652,NA,NA,NA,NA,0.0485401153564453,1.48660833251268e-05
"multinom_fixed_J5",77,1000,0.277942895889282,NA,NA,NA,NA,0.0423388481140137,1.64491922608478e-05
"multinom_fixed_J5",78,1000,0.307358980178833,NA,NA,NA,NA,0.048321008682251,2.43640075503482e-05
"multinom_fixed_J5",79,1000,0.254642963409424,NA,NA,NA,NA,0.0383069515228271,1.12236169694767e-05
"multinom_fixed_J5",80,1000,0.315767049789429,NA,NA,NA,NA,0.0410759449005127,4.2221508941731e-05
"multinom_fixed_J5",81,1000,0.360026836395264,NA,NA,NA,NA,0.0394678115844727,3.10555949277758e-05
"multinom_fixed_J5",82,1000,0.229952812194824,NA,NA,NA,NA,0.0415899753570557,1.41195058460108e-05
"multinom_fixed_J5",83,1000,0.356691122055054,NA,NA,NA,NA,0.0517818927764893,1.35933502312113e-05
"multinom_fixed_J5",84,1000,0.245649814605713,NA,NA,NA,NA,0.0395810604095459,1.75442632124045e-05
"multinom_fixed_J5",85,1000,0.326328992843628,NA,NA,NA,NA,0.0430128574371338,4.05853300866621e-05
"multinom_fixed_J5",86,1000,0.32766580581665,NA,NA,NA,NA,0.038524866104126,1.61959089686192e-05
"multinom_fixed_J5",87,1000,0.258468151092529,NA,NA,NA,NA,0.0465221405029297,1.16051931849798e-05
"multinom_fixed_J5",88,1000,0.330782175064087,NA,NA,NA,NA,0.0450611114501953,1.42965324345101e-05
"multinom_fixed_J5",89,1000,0.300168991088867,NA,NA,NA,NA,0.0376529693603516,1.36618052825055e-05
"multinom_fixed_J5",90,1000,0.305662870407104,NA,NA,NA,NA,0.0431020259857178,4.05444855908765e-05
"multinom_fixed_J5",91,1000,0.328321933746338,NA,NA,NA,NA,0.0516738891601562,2.87845593796021e-05
"multinom_fixed_J5",92,1000,0.309828996658325,NA,NA,NA,NA,0.0414350032806396,1.95026292915124e-05
"multinom_fixed_J5",93,1000,0.322448968887329,NA,NA,NA,NA,0.0544240474700928,2.58279811146678e-05
"multinom_fixed_J5",94,1000,0.307543992996216,NA,NA,NA,NA,0.0450799465179443,2.5329485333847e-05
"multinom_fixed_J5",95,1000,0.222419023513794,NA,NA,NA,NA,0.0417170524597168,7.47552852651268e-05
"multinom_fixed_J5",96,1000,0.31502103805542,NA,NA,NA,NA,0.0511040687561035,1.73293929133234e-05
"multinom_fixed_J5",97,1000,0.261981964111328,NA,NA,NA,NA,0.0374760627746582,1.88883014016206e-05
"multinom_fixed_J5",98,1000,0.244462013244629,NA,NA,NA,NA,0.0378551483154297,6.64916090938883e-05
"multinom_fixed_J5",99,1000,0.331702947616577,NA,NA,NA,NA,0.0402979850769043,2.42520314963635e-05
"multinom_fixed_J5",100,1000,0.400967121124268,NA,NA,NA,NA,0.0457789897918701,3.100513166443e-05
"multinom_fixed_J5",101,1000,0.263176918029785,NA,NA,NA,NA,0.0514318943023682,1.80320709547398e-05
"multinom_fixed_J5",102,1000,0.333042860031128,NA,NA,NA,NA,0.0397169589996338,3.45028591896002e-05
"multinom_fixed_J5",103,1000,0.363830089569092,NA,NA,NA,NA,0.0468490123748779,1.49641138524892e-05
"multinom_fixed_J5",104,1000,0.362770080566406,NA,NA,NA,NA,0.0498249530792236,2.90044225290664e-05
"multinom_fixed_J5",105,1000,0.265166997909546,NA,NA,NA,NA,0.0387170314788818,2.14150164016269e-05
"multinom_fixed_J5",106,1000,0.280234098434448,NA,NA,NA,NA,0.0414659976959229,9.95978297635425e-06
"multinom_fixed_J5",107,1000,0.259574890136719,NA,NA,NA,NA,0.0397138595581055,2.16831709159565e-05
"multinom_fixed_J5",108,1000,0.268059968948364,NA,NA,NA,NA,0.0511250495910645,1.75315882828819e-05
"multinom_fixed_J5",109,1000,0.369853019714355,NA,NA,NA,NA,0.0507678985595703,1.01963265854987e-05
"multinom_fixed_J5",110,1000,0.244383096694946,NA,NA,NA,NA,0.0502369403839111,2.03521963323405e-05
"multinom_fixed_J5",111,1000,0.319337129592896,NA,NA,NA,NA,0.0402488708496094,5.83871762608323e-05
"multinom_fixed_J5",112,1000,0.25048303604126,NA,NA,NA,NA,0.0454239845275879,4.47546573715263e-05
"multinom_fixed_J5",113,1000,0.275470972061157,NA,NA,NA,NA,0.0502231121063232,4.0593008663159e-05
"multinom_fixed_J5",114,1000,0.243582010269165,NA,NA,NA,NA,0.0488991737365723,1.57249467297171e-05
"multinom_fixed_J5",115,1000,0.225809812545776,NA,NA,NA,NA,0.0403292179107666,2.87929088923222e-05
"multinom_fixed_J5",116,1000,0.234040975570679,NA,NA,NA,NA,0.0492539405822754,2.59280309756749e-05
"multinom_fixed_J5",117,1000,0.377968072891235,NA,NA,NA,NA,0.0445089340209961,1.59196289972741e-05
"multinom_fixed_J5",118,1000,0.327873945236206,NA,NA,NA,NA,0.0396561622619629,1.62281444675005e-05
"multinom_fixed_J5",119,1000,0.29171895980835,NA,NA,NA,NA,0.0390071868896484,1.70248316907484e-05
"multinom_fixed_J5",120,1000,0.269114017486572,NA,NA,NA,NA,0.042327880859375,2.14067602832824e-05
"multinom_fixed_J5",121,1000,0.3364098072052,NA,NA,NA,NA,0.0395910739898682,2.62482245140389e-05
"multinom_fixed_J5",122,1000,0.340286016464233,NA,NA,NA,NA,0.0389499664306641,8.63610194113962e-05
"multinom_fixed_J5",123,1000,0.27109694480896,NA,NA,NA,NA,0.0395269393920898,1.95826055630066e-05
"multinom_fixed_J5",124,1000,0.237695932388306,NA,NA,NA,NA,0.0392448902130127,2.40984092216845e-05
"multinom_fixed_J5",125,1000,0.228102922439575,NA,NA,NA,NA,0.0395681858062744,3.55228804251873e-05
"multinom_fixed_J5",126,1000,0.379751205444336,NA,NA,NA,NA,0.0370380878448486,2.02464125848567e-05
"multinom_fixed_J5",127,1000,0.267641067504883,NA,NA,NA,NA,0.0384089946746826,3.23968237418981e-05
"multinom_fixed_J5",128,1000,0.264356136322021,NA,NA,NA,NA,0.0393540859222412,2.55799692214231e-05
"multinom_fixed_J5",129,1000,0.285319089889526,NA,NA,NA,NA,0.0407328605651855,2.31572947327896e-05
"multinom_fixed_J5",130,1000,0.420582056045532,NA,NA,NA,NA,0.0456209182739258,2.17665853033955e-05
"multinom_fixed_J5",131,1000,0.303370952606201,NA,NA,NA,NA,0.0524189472198486,2.91608582978983e-05
"multinom_fixed_J5",132,1000,0.231194972991943,NA,NA,NA,NA,0.0385770797729492,5.75317620299387e-06
"multinom_fixed_J5",133,1000,0.31488299369812,NA,NA,NA,NA,0.0453779697418213,1.26574082096112e-05
"multinom_fixed_J5",134,1000,0.304033994674683,NA,NA,NA,NA,0.0465450286865234,8.16190027685959e-06
"multinom_fixed_J5",135,1000,0.240660905838013,NA,NA,NA,NA,0.041107177734375,3.70420350704476e-05
"multinom_fixed_J5",136,1000,0.289763927459717,NA,NA,NA,NA,0.0414860248565674,3.79518085089625e-05
"multinom_fixed_J5",137,1000,0.277643918991089,NA,NA,NA,NA,0.0413520336151123,2.9040324113383e-05
"multinom_fixed_J5",138,1000,0.292591094970703,NA,NA,NA,NA,0.0354299545288086,2.51473069163843e-05
"multinom_fixed_J5",139,1000,0.414974927902222,NA,NA,NA,NA,0.055819034576416,4.36706611867121e-05
"multinom_fixed_J5",140,1000,0.304006099700928,NA,NA,NA,NA,0.0398409366607666,4.94886948201323e-05
"multinom_fixed_J5",141,1000,0.261307954788208,NA,NA,NA,NA,0.0397880077362061,1.38889065526282e-05
"multinom_fixed_J5",142,1000,0.268805980682373,NA,NA,NA,NA,0.0387609004974365,9.93553747633685e-06
"multinom_fixed_J5",143,1000,0.289118051528931,NA,NA,NA,NA,0.0499179363250732,1.98616288863418e-05
"multinom_fixed_J5",144,1000,0.218139171600342,NA,NA,NA,NA,0.0396609306335449,3.22871254762047e-05
"multinom_fixed_J5",145,1000,0.303898096084595,NA,NA,NA,NA,0.0451419353485107,9.29437361707475e-06
"multinom_fixed_J5",146,1000,0.293680906295776,NA,NA,NA,NA,0.0394258499145508,6.41485580925583e-05
"multinom_fixed_J5",147,1000,0.221407890319824,NA,NA,NA,NA,0.036876916885376,1.45758493623749e-05
"multinom_fixed_J5",148,1000,0.221437931060791,NA,NA,NA,NA,0.0430479049682617,2.60275337977678e-05
"multinom_fixed_J5",149,1000,0.291308879852295,NA,NA,NA,NA,0.039945125579834,6.155048798695e-06
"multinom_fixed_J5",150,1000,0.232159852981567,NA,NA,NA,NA,0.0367639064788818,1.51758510419653e-05
"multinom_fixed_J5",151,1000,0.22671914100647,NA,NA,NA,NA,0.042151927947998,1.58446264220125e-05
"multinom_fixed_J5",152,1000,0.227476119995117,NA,NA,NA,NA,0.0537841320037842,1.87898955392729e-05
"multinom_fixed_J5",153,1000,0.381217002868652,NA,NA,NA,NA,0.0390441417694092,1.09559934547976e-05
"multinom_fixed_J5",154,1000,0.291846990585327,NA,NA,NA,NA,0.0374109745025635,6.8275700413456e-05
"multinom_fixed_J5",155,1000,0.274384021759033,NA,NA,NA,NA,0.0389819145202637,1.17594838142665e-05
"multinom_fixed_J5",156,1000,0.228291988372803,NA,NA,NA,NA,0.0456221103668213,3.35977151013633e-05
"multinom_fixed_J5",157,1000,0.456161022186279,NA,NA,NA,NA,0.0487079620361328,7.83015859501246e-06
"multinom_fixed_J5",158,1000,0.334196090698242,NA,NA,NA,NA,0.037808895111084,1.46783508700454e-05
"multinom_fixed_J5",159,1000,0.288991928100586,NA,NA,NA,NA,0.0411100387573242,9.43423061505744e-06
"multinom_fixed_J5",160,1000,0.36936092376709,NA,NA,NA,NA,0.0530688762664795,0.000102352412456444
"multinom_mixed_J3",1,1000,0.729662179946899,NA,NA,NA,NA,NA,NA
"multinom_mixed_J3",2,1000,0.595290899276733,NA,NA,NA,NA,NA,NA
"multinom_mixed_J3",3,1000,0.827033042907715,NA,NA,NA,NA,NA,NA
"multinom_mixed_J3",4,1000,0.776669979095459,NA,NA,NA,NA,NA,NA
"multinom_mixed_J3",5,1000,0.821512937545776,NA,NA,NA,NA,NA,NA
"multinom_mixed_J3",6,1000,0.646975040435791,NA,NA,NA,NA,NA,NA
"multinom_mixed_J3",7,1000,0.705580949783325,NA,NA,NA,NA,NA,NA
"multinom_mixed_J3",8,1000,0.790801048278809,NA,NA,NA,NA,NA,NA
"multinom_mixed_J3",9,1000,0.793658971786499,NA,NA,NA,NA,NA,NA
"multinom_mixed_J3",10,1000,0.85769510269165,NA,NA,NA,NA,NA,NA
"multinom_mixed_J3",11,1000,0.712985038757324,NA,NA,NA,NA,NA,NA
"multinom_mixed_J3",12,1000,0.617008924484253,NA,NA,NA,NA,NA,NA
"multinom_mixed_J3",13,1000,0.648436069488525,NA,NA,NA,NA,NA,NA
"multinom_mixed_J3",14,1000,0.737673997879028,NA,NA,NA,NA,NA,NA
"multinom_mixed_J3",15,1000,0.809659957885742,NA,NA,NA,NA,NA,NA
"multinom_mixed_J3",16,1000,0.754406929016113,NA,NA,NA,NA,NA,NA
"multinom_mixed_J3",17,1000,0.691508054733276,NA,NA,NA,NA,NA,NA
"multinom_mixed_J3",18,1000,0.879580020904541,NA,NA,NA,NA,NA,NA
"multinom_mixed_J3",19,1000,0.903934001922607,NA,NA,NA,NA,NA,NA
"multinom_mixed_J3",20,1000,0.645164012908936,NA,NA,NA,NA,NA,NA
"multinom_mixed_J3",21,1000,0.809875011444092,NA,NA,NA,NA,NA,NA
"multinom_mixed_J3",22,1000,0.76293683052063,NA,NA,NA,NA,NA,NA
"multinom_mixed_J3",23,1000,0.710747957229614,NA,NA,NA,NA,NA,NA
"multinom_mixed_J3",24,1000,0.603156089782715,NA,NA,NA,NA,NA,NA
"multinom_mixed_J3",25,1000,0.8837890625,NA,NA,NA,NA,NA,NA
"multinom_mixed_J3",26,1000,0.814198970794678,NA,NA,NA,NA,NA,NA
"multinom_mixed_J3",27,1000,0.990471124649048,NA,NA,NA,NA,NA,NA
"multinom_mixed_J3",28,1000,0.810290813446045,NA,NA,NA,NA,NA,NA
"multinom_mixed_J3",29,1000,0.56961989402771,NA,NA,NA,NA,NA,NA
"multinom_mixed_J3",30,1000,0.596307992935181,NA,NA,NA,NA,NA,NA
"multinom_mixed_J3",31,1000,0.787452936172485,NA,NA,NA,NA,NA,NA
"multinom_mixed_J3",32,1000,0.641258001327515,NA,NA,NA,NA,NA,NA
"multinom_mixed_J3",33,1000,0.757663011550903,NA,NA,NA,NA,NA,NA
"multinom_mixed_J3",34,1000,0.681105852127075,NA,NA,NA,NA,NA,NA
"multinom_mixed_J3",35,1000,0.582316160202026,NA,NA,NA,NA,NA,NA
"multinom_mixed_J3",36,1000,0.819628000259399,NA,NA,NA,NA,NA,NA
"multinom_mixed_J3",37,1000,0.793474197387695,NA,NA,NA,NA,NA,NA
"multinom_mixed_J3",38,1000,0.7659010887146,NA,NA,NA,NA,NA,NA
"multinom_mixed_J3",39,1000,0.631158113479614,NA,NA,NA,NA,NA,NA
"multinom_mixed_J3",40,1000,0.66999888420105,NA,NA,NA,NA,NA,NA
"multinom_mixed_J3",41,1000,0.630920171737671,NA,NA,NA,NA,NA,NA
"multinom_mixed_J3",42,1000,0.683250188827515,NA,NA,NA,NA,NA,NA
"multinom_mixed_J3",43,1000,0.712347030639648,NA,NA,NA,NA,NA,NA
"multinom_mixed_J3",44,1000,0.904469013214111,NA,NA,NA,NA,NA,NA
"multinom_mixed_J3",45,1000,0.815855979919434,NA,NA,NA,NA,NA,NA
"multinom_mixed_J3",46,1000,0.642714023590088,NA,NA,NA,NA,NA,NA
"multinom_mixed_J3",47,1000,0.762712001800537,NA,NA,NA,NA,NA,NA
"multinom_mixed_J3",48,1000,0.654999971389771,NA,NA,NA,NA,NA,NA
"multinom_mixed_J3",49,1000,0.624329805374146,NA,NA,NA,NA,NA,NA
"multinom_mixed_J3",50,1000,0.615488052368164,NA,NA,NA,NA,NA,NA
"multinom_mixed_J3",51,1000,0.824579000473022,NA,NA,NA,NA,NA,NA
"multinom_mixed_J3",52,1000,0.94636082649231,NA,NA,NA,NA,NA,NA
"multinom_mixed_J3",53,1000,0.873118877410889,NA,NA,NA,NA,NA,NA
"multinom_mixed_J3",54,1000,0.731693029403687,NA,NA,NA,NA,NA,NA
"multinom_mixed_J3",55,1000,0.79582405090332,NA,NA,NA,NA,NA,NA
"multinom_mixed_J3",56,1000,0.635812997817993,NA,NA,NA,NA,NA,NA
"multinom_mixed_J3",57,1000,0.743421792984009,NA,NA,NA,NA,NA,NA
"multinom_mixed_J3",58,1000,0.793688058853149,NA,NA,NA,NA,NA,NA
"multinom_mixed_J3",59,1000,0.683265924453735,NA,NA,NA,NA,NA,NA
"multinom_mixed_J3",60,1000,0.796192169189453,NA,NA,NA,NA,NA,NA
"multinom_mixed_J3",61,1000,0.642655849456787,NA,NA,NA,NA,NA,NA
"multinom_mixed_J3",62,1000,0.879594087600708,NA,NA,NA,NA,NA,NA
"multinom_mixed_J3",63,1000,0.880949020385742,NA,NA,NA,NA,NA,NA
"multinom_mixed_J3",64,1000,0.788834095001221,NA,NA,NA,NA,NA,NA
"multinom_mixed_J3",65,1000,0.774080038070679,NA,NA,NA,NA,NA,NA
"multinom_mixed_J3",66,1000,0.855638027191162,NA,NA,NA,NA,NA,NA
"multinom_mixed_J3",67,1000,1.00374221801758,NA,NA,NA,NA,NA,NA
"multinom_mixed_J3",68,1000,0.909303903579712,NA,NA,NA,NA,NA,NA
"multinom_mixed_J3",69,1000,0.645505905151367,NA,NA,NA,NA,NA,NA
"multinom_mixed_J3",70,1000,0.968374013900757,NA,NA,NA,NA,NA,NA
"multinom_mixed_J3",71,1000,0.836997032165527,NA,NA,NA,NA,NA,NA
"multinom_mixed_J3",72,1000,0.626926183700562,NA,NA,NA,NA,NA,NA
"multinom_mixed_J3",73,1000,0.805833101272583,NA,NA,NA,NA,NA,NA
"multinom_mixed_J3",74,1000,0.69563889503479,NA,NA,NA,NA,NA,NA
"multinom_mixed_J3",75,1000,0.908865928649902,NA,NA,NA,NA,NA,NA
"multinom_mixed_J3",76,1000,0.81837010383606,NA,NA,NA,NA,NA,NA
"multinom_mixed_J3",77,1000,0.8696129322052,NA,NA,NA,NA,NA,NA
"multinom_mixed_J3",78,1000,0.649212121963501,NA,NA,NA,NA,NA,NA
"multinom_mixed_J3",79,1000,0.925284147262573,NA,NA,NA,NA,NA,NA
"multinom_mixed_J3",80,1000,0.75405216217041,NA,NA,NA,NA,NA,NA
"multinom_mixed_J3",81,1000,0.960206031799316,NA,NA,NA,NA,NA,NA
"multinom_mixed_J3",82,1000,0.742844820022583,NA,NA,NA,NA,NA,NA
"multinom_mixed_J3",83,1000,0.778844118118286,NA,NA,NA,NA,NA,NA
"multinom_mixed_J3",84,1000,0.63103199005127,NA,NA,NA,NA,NA,NA
"multinom_mixed_J3",85,1000,0.847304105758667,NA,NA,NA,NA,NA,NA
"multinom_mixed_J3",86,1000,0.575879812240601,NA,NA,NA,NA,NA,NA
"multinom_mixed_J3",87,1000,0.72396993637085,NA,NA,NA,NA,NA,NA
"multinom_mixed_J3",88,1000,0.811981916427612,NA,NA,NA,NA,NA,NA
"multinom_mixed_J3",89,1000,0.731616020202637,NA,NA,NA,NA,NA,NA
"multinom_mixed_J3",90,1000,0.797641038894653,NA,NA,NA,NA,NA,NA
"multinom_mixed_J3",91,1000,0.7831130027771,NA,NA,NA,NA,NA,NA
"multinom_mixed_J3",92,1000,1.03614616394043,NA,NA,NA,NA,NA,NA
"multinom_mixed_J3",93,1000,0.680392980575562,NA,NA,NA,NA,NA,NA
"multinom_mixed_J3",94,1000,0.611613988876343,NA,NA,NA,NA,NA,NA
"multinom_mixed_J3",95,1000,0.72089409828186,NA,NA,NA,NA,NA,NA
"multinom_mixed_J3",96,1000,0.672690868377686,NA,NA,NA,NA,NA,NA
"multinom_mixed_J3",97,1000,0.674398899078369,NA,NA,NA,NA,NA,NA
"multinom_mixed_J3",98,1000,0.638824939727783,NA,NA,NA,NA,NA,NA
"multinom_mixed_J3",99,1000,0.6807701587677,NA,NA,NA,NA,NA,NA
"multinom_mixed_J3",100,1000,0.674849987030029,NA,NA,NA,NA,NA,NA
"multinom_mixed_J3",101,1000,0.839689970016479,NA,NA,NA,NA,NA,NA
"multinom_mixed_J3",102,1000,0.917949914932251,NA,NA,NA,NA,NA,NA
"multinom_mixed_J3",103,1000,0.632724046707153,NA,NA,NA,NA,NA,NA
"multinom_mixed_J3",104,1000,0.920018911361694,NA,NA,NA,NA,NA,NA
"multinom_mixed_J3",105,1000,0.738723993301392,NA,NA,NA,NA,NA,NA
"multinom_mixed_J3",106,1000,1.00988912582397,NA,NA,NA,NA,NA,NA
"multinom_mixed_J3",107,1000,0.845633983612061,NA,NA,NA,NA,NA,NA
"multinom_mixed_J3",108,1000,0.864243030548096,NA,NA,NA,NA,NA,NA
"multinom_mixed_J3",109,1000,0.687148094177246,NA,NA,NA,NA,NA,NA
"multinom_mixed_J3",110,1000,0.773658037185669,NA,NA,NA,NA,NA,NA
"multinom_mixed_J3",111,1000,0.912748098373413,NA,NA,NA,NA,NA,NA
"multinom_mixed_J3",112,1000,0.671395063400269,NA,NA,NA,NA,NA,NA
"multinom_mixed_J3",113,1000,0.977107048034668,NA,NA,NA,NA,NA,NA
"multinom_mixed_J3",114,1000,0.736099004745483,NA,NA,NA,NA,NA,NA
"multinom_mixed_J3",115,1000,0.745633840560913,NA,NA,NA,NA,NA,NA
"multinom_mixed_J3",116,1000,0.611891984939575,NA,NA,NA,NA,NA,NA
"multinom_mixed_J3",117,1000,0.697113037109375,NA,NA,NA,NA,NA,NA
"multinom_mixed_J3",118,1000,0.678941011428833,NA,NA,NA,NA,NA,NA
"multinom_mixed_J3",119,1000,0.850409030914307,NA,NA,NA,NA,NA,NA
"multinom_mixed_J3",120,1000,0.799699068069458,NA,NA,NA,NA,NA,NA
"multinom_mixed_J3",121,1000,0.872081995010376,NA,NA,NA,NA,NA,NA
"multinom_mixed_J3",122,1000,0.896690845489502,NA,NA,NA,NA,NA,NA
"multinom_mixed_J3",123,1000,0.75320291519165,NA,NA,NA,NA,NA,NA
"multinom_mixed_J3",124,1000,0.801601886749268,NA,NA,NA,NA,NA,NA
"multinom_mixed_J3",125,1000,0.686050891876221,NA,NA,NA,NA,NA,NA
"multinom_mixed_J3",126,1000,0.714361906051636,NA,NA,NA,NA,NA,NA
"multinom_mixed_J3",127,1000,0.886752843856812,NA,NA,NA,NA,NA,NA
"multinom_mixed_J3",128,1000,0.843935966491699,NA,NA,NA,NA,NA,NA
"multinom_mixed_J3",129,1000,0.651895999908447,NA,NA,NA,NA,NA,NA
"multinom_mixed_J3",130,1000,0.653557062149048,NA,NA,NA,NA,NA,NA
"multinom_mixed_J3",131,1000,1.06413006782532,NA,NA,NA,NA,NA,NA
"multinom_mixed_J3",132,1000,0.803967952728271,NA,NA,NA,NA,NA,NA
"multinom_mixed_J3",133,1000,0.738131046295166,NA,NA,NA,NA,NA,NA
"multinom_mixed_J3",134,1000,0.618381977081299,NA,NA,NA,NA,NA,NA
"multinom_mixed_J3",135,1000,0.745877981185913,NA,NA,NA,NA,NA,NA
"multinom_mixed_J3",136,1000,0.674885988235474,NA,NA,NA,NA,NA,NA
"multinom_mixed_J3",137,1000,0.643059968948364,NA,NA,NA,NA,NA,NA
"multinom_mixed_J3",138,1000,0.678411960601807,NA,NA,NA,NA,NA,NA
"multinom_mixed_J3",139,1000,0.801064014434814,NA,NA,NA,NA,NA,NA
"multinom_mixed_J3",140,1000,0.682951927185059,NA,NA,NA,NA,NA,NA
"multinom_mixed_J3",141,1000,0.715466022491455,NA,NA,NA,NA,NA,NA
"multinom_mixed_J3",142,1000,0.930497169494629,NA,NA,NA,NA,NA,NA
"multinom_mixed_J3",143,1000,0.943541049957275,NA,NA,NA,NA,NA,NA
"multinom_mixed_J3",144,1000,0.644629001617432,NA,NA,NA,NA,NA,NA
"multinom_mixed_J3",145,1000,0.742255926132202,NA,NA,NA,NA,NA,NA
"multinom_mixed_J3",146,1000,0.605005025863647,NA,NA,NA,NA,NA,NA
"multinom_mixed_J3",147,1000,0.783203125,NA,NA,NA,NA,NA,NA
"multinom_mixed_J3",148,1000,0.805149078369141,NA,NA,NA,NA,NA,NA
"multinom_mixed_J3",149,1000,0.621203899383545,NA,NA,NA,NA,NA,NA
"multinom_mixed_J3",150,1000,0.593052864074707,NA,NA,NA,NA,NA,NA
"multinom_mixed_J3",151,1000,0.78501296043396,NA,NA,NA,NA,NA,NA
"multinom_mixed_J3",152,1000,0.819522142410278,NA,NA,NA,NA,NA,NA
"multinom_mixed_J3",153,1000,0.69309401512146,NA,NA,NA,NA,NA,NA
"multinom_mixed_J3",154,1000,0.83828592300415,NA,NA,NA,NA,NA,NA
"multinom_mixed_J3",155,1000,0.799649953842163,NA,NA,NA,NA,NA,NA
"multinom_mixed_J3",156,1000,0.81644606590271,NA,NA,NA,NA,NA,NA
"multinom_mixed_J3",157,1000,0.673630952835083,NA,NA,NA,NA,NA,NA
"multinom_mixed_J3",158,1000,0.756237983703613,NA,NA,NA,NA,NA,NA
"multinom_mixed_J3",159,1000,0.674152135848999,NA,NA,NA,NA,NA,NA
"multinom_mixed_J3",160,1000,0.686444044113159,NA,NA,NA,NA,NA,NA
"multinom_mixed_J5",1,1000,1.81201505661011,NA,NA,NA,NA,NA,NA
"multinom_mixed_J5",2,1000,1.82585310935974,NA,NA,NA,NA,NA,NA
"multinom_mixed_J5",3,1000,1.69557404518127,NA,NA,NA,NA,NA,NA
"multinom_mixed_J5",4,1000,1.63617396354675,NA,NA,NA,NA,NA,NA
"multinom_mixed_J5",5,1000,1.88048696517944,NA,NA,NA,NA,NA,NA
"multinom_mixed_J5",6,1000,1.51939511299133,NA,NA,NA,NA,NA,NA
"multinom_mixed_J5",7,1000,1.60236501693726,NA,NA,NA,NA,NA,NA
"multinom_mixed_J5",8,1000,3.43902921676636,NA,NA,NA,NA,NA,NA
"multinom_mixed_J5",9,1000,2.60978984832764,NA,NA,NA,NA,NA,NA
"multinom_mixed_J5",10,1000,1.79599213600159,NA,NA,NA,NA,NA,NA
"multinom_mixed_J5",11,1000,1.90124201774597,NA,NA,NA,NA,NA,NA
"multinom_mixed_J5",12,1000,1.82327890396118,NA,NA,NA,NA,NA,NA
"multinom_mixed_J5",13,1000,1.6286609172821,NA,NA,NA,NA,NA,NA
"multinom_mixed_J5",14,1000,3.17598986625671,NA,NA,NA,NA,NA,NA
"multinom_mixed_J5",15,1000,2.19143390655518,NA,NA,NA,NA,NA,NA
"multinom_mixed_J5",16,1000,1.90079998970032,NA,NA,NA,NA,NA,NA
"multinom_mixed_J5",17,1000,1.73417401313782,NA,NA,NA,NA,NA,NA
"multinom_mixed_J5",18,1000,1.94979310035706,NA,NA,NA,NA,NA,NA
"multinom_mixed_J5",19,1000,2.0565128326416,NA,NA,NA,NA,NA,NA
"multinom_mixed_J5",20,1000,1.76853919029236,NA,NA,NA,NA,NA,NA
"multinom_mixed_J5",21,1000,2.09579110145569,NA,NA,NA,NA,NA,NA
"multinom_mixed_J5",22,1000,1.83897995948792,NA,NA,NA,NA,NA,NA
"multinom_mixed_J5",23,1000,3.3953230381012,NA,NA,NA,NA,NA,NA
"multinom_mixed_J5",24,1000,1.8676609992981,NA,NA,NA,NA,NA,NA
"multinom_mixed_J5",25,1000,3.40653085708618,NA,NA,NA,NA,NA,NA
"multinom_mixed_J5",26,1000,3.01341915130615,NA,NA,NA,NA,NA,NA
"multinom_mixed_J5",27,1000,1.88553404808044,NA,NA,NA,NA,NA,NA
"multinom_mixed_J5",28,1000,2.30424499511719,NA,NA,NA,NA,NA,NA
"multinom_mixed_J5",29,1000,1.81766295433044,NA,NA,NA,NA,NA,NA
"multinom_mixed_J5",30,1000,1.74989986419678,NA,NA,NA,NA,NA,NA
"multinom_mixed_J5",31,1000,1.67045903205872,NA,NA,NA,NA,NA,NA
"multinom_mixed_J5",32,1000,2.05610299110413,NA,NA,NA,NA,NA,NA
"multinom_mixed_J5",33,1000,3.27678990364075,NA,NA,NA,NA,NA,NA
"multinom_mixed_J5",34,1000,2.11383509635925,NA,NA,NA,NA,NA,NA
"multinom_mixed_J5",35,1000,1.55722498893738,NA,NA,NA,NA,NA,NA
"multinom_mixed_J5",36,1000,1.97565507888794,NA,NA,NA,NA,NA,NA
"multinom_mixed_J5",37,1000,2.06830501556396,NA,NA,NA,NA,NA,NA
"multinom_mixed_J5",38,1000,1.84317398071289,NA,NA,NA,NA,NA,NA
"multinom_mixed_J5",39,1000,1.75137114524841,NA,NA,NA,NA,NA,NA
"multinom_mixed_J5",40,1000,1.84667110443115,NA,NA,NA,NA,NA,NA
"multinom_mixed_J5",41,1000,1.80804681777954,NA,NA,NA,NA,NA,NA
"multinom_mixed_J5",42,1000,1.977215051651,NA,NA,NA,NA,NA,NA
"multinom_mixed_J5",43,1000,1.58667087554932,NA,NA,NA,NA,NA,NA
"multinom_mixed_J5",44,1000,2.42774391174316,NA,NA,NA,NA,NA,NA
"multinom_mixed_J5",45,1000,1.75749206542969,NA,NA,NA,NA,NA,NA
"multinom_mixed_J5",46,1000,2.53254413604736,NA,NA,NA,NA,NA,NA
"multinom_mixed_J5",47,1000,1.66924405097961,NA,NA,NA,NA,NA,NA
"multinom_mixed_J5",48,1000,2.09065008163452,NA,NA,NA,NA,NA,NA
"multinom_mixed_J5",49,1000,1.75182795524597,NA,NA,NA,NA,NA,NA
"multinom_mixed_J5",50,1000,1.86179804801941,NA,NA,NA,NA,NA,NA
"multinom_mixed_J5",51,1000,1.65462899208069,NA,NA,NA,NA,NA,NA
"multinom_mixed_J5",52,1000,2.30304002761841,NA,NA,NA,NA,NA,NA
"multinom_mixed_J5",53,1000,2.23044514656067,NA,NA,NA,NA,NA,NA
"multinom_mixed_J5",54,1000,1.83228516578674,NA,NA,NA,NA,NA,NA
"multinom_mixed_J5",55,1000,3.49211096763611,NA,NA,NA,NA,NA,NA
"multinom_mixed_J5",56,1000,1.96170496940613,NA,NA,NA,NA,NA,NA
"multinom_mixed_J5",57,1000,1.82071399688721,NA,NA,NA,NA,NA,NA
"multinom_mixed_J5",58,1000,1.39619207382202,NA,NA,NA,NA,NA,NA
"multinom_mixed_J5",59,1000,1.77211403846741,NA,NA,NA,NA,NA,NA
"multinom_mixed_J5",60,1000,1.70800995826721,NA,NA,NA,NA,NA,NA
"multinom_mixed_J5",61,1000,2.00125789642334,NA,NA,NA,NA,NA,NA
"multinom_mixed_J5",62,1000,1.72237992286682,NA,NA,NA,NA,NA,NA
"multinom_mixed_J5",63,1000,1.96202898025513,NA,NA,NA,NA,NA,NA
"multinom_mixed_J5",64,1000,1.8306770324707,NA,NA,NA,NA,NA,NA
"multinom_mixed_J5",65,1000,1.95313310623169,NA,NA,NA,NA,NA,NA
"multinom_mixed_J5",66,1000,3.44940900802612,NA,NA,NA,NA,NA,NA
"multinom_mixed_J5",67,1000,1.97621893882751,NA,NA,NA,NA,NA,NA
"multinom_mixed_J5",68,1000,1.76424503326416,NA,NA,NA,NA,NA,NA
"multinom_mixed_J5",69,1000,1.63417601585388,NA,NA,NA,NA,NA,NA
"multinom_mixed_J5",70,1000,1.46410799026489,NA,NA,NA,NA,NA,NA
"multinom_mixed_J5",71,1000,1.83743596076965,NA,NA,NA,NA,NA,NA
"multinom_mixed_J5",72,1000,2.41288590431213,NA,NA,NA,NA,NA,NA
"multinom_mixed_J5",73,1000,2.03091096878052,NA,NA,NA,NA,NA,NA
"multinom_mixed_J5",74,1000,2.09034490585327,NA,NA,NA,NA,NA,NA
"multinom_mixed_J5",75,1000,2.08907413482666,NA,NA,NA,NA,NA,NA
"multinom_mixed_J5",76,1000,1.73929405212402,NA,NA,NA,NA,NA,NA
"multinom_mixed_J5",77,1000,1.94690608978271,NA,NA,NA,NA,NA,NA
"multinom_mixed_J5",78,1000,2.12529802322388,NA,NA,NA,NA,NA,NA
"multinom_mixed_J5",79,1000,2.14314913749695,NA,NA,NA,NA,NA,NA
"multinom_mixed_J5",80,1000,1.9134259223938,NA,NA,NA,NA,NA,NA
"multinom_mixed_J5",81,1000,2.26296901702881,NA,NA,NA,NA,NA,NA
"multinom_mixed_J5",82,1000,3.13112187385559,NA,NA,NA,NA,NA,NA
"multinom_mixed_J5",83,1000,1.92252492904663,NA,NA,NA,NA,NA,NA
"multinom_mixed_J5",84,1000,1.98337602615356,NA,NA,NA,NA,NA,NA
"multinom_mixed_J5",85,1000,2.33225011825562,NA,NA,NA,NA,NA,NA
"multinom_mixed_J5",86,1000,1.83988404273987,NA,NA,NA,NA,NA,NA
"multinom_mixed_J5",87,1000,2.28785395622253,NA,NA,NA,NA,NA,NA
"multinom_mixed_J5",88,1000,1.92110300064087,NA,NA,NA,NA,NA,NA
"multinom_mixed_J5",89,1000,2.00962996482849,NA,NA,NA,NA,NA,NA
"multinom_mixed_J5",90,1000,2.04515314102173,NA,NA,NA,NA,NA,NA
"multinom_mixed_J5",91,1000,1.74732303619385,NA,NA,NA,NA,NA,NA
"multinom_mixed_J5",92,1000,3.24088191986084,NA,NA,NA,NA,NA,NA
"multinom_mixed_J5",93,1000,1.98770189285278,NA,NA,NA,NA,NA,NA
"multinom_mixed_J5",94,1000,2.11090898513794,NA,NA,NA,NA,NA,NA
"multinom_mixed_J5",95,1000,1.97608995437622,NA,NA,NA,NA,NA,NA
"multinom_mixed_J5",96,1000,1.75661993026733,NA,NA,NA,NA,NA,NA
"multinom_mixed_J5",97,1000,2.01487016677856,NA,NA,NA,NA,NA,NA
"multinom_mixed_J5",98,1000,1.83579993247986,NA,NA,NA,NA,NA,NA
"multinom_mixed_J5",99,1000,2.21475195884705,NA,NA,NA,NA,NA,NA
"multinom_mixed_J5",100,1000,3.42654299736023,NA,NA,NA,NA,NA,NA
"multinom_mixed_J5",101,1000,2.0271852016449,NA,NA,NA,NA,NA,NA
"multinom_mixed_J5",102,1000,1.85741209983826,NA,NA,NA,NA,NA,NA
"multinom_mixed_J5",103,1000,1.88376188278198,NA,NA,NA,NA,NA,NA
"multinom_mixed_J5",104,1000,1.81496381759644,NA,NA,NA,NA,NA,NA
"multinom_mixed_J5",105,1000,1.93851613998413,NA,NA,NA,NA,NA,NA
"multinom_mixed_J5",106,1000,3.69708585739136,NA,NA,NA,NA,NA,NA
"multinom_mixed_J5",107,1000,1.58840084075928,NA,NA,NA,NA,NA,NA
"multinom_mixed_J5",108,1000,1.71408009529114,NA,NA,NA,NA,NA,NA
"multinom_mixed_J5",109,1000,1.554927110672,NA,NA,NA,NA,NA,NA
"multinom_mixed_J5",110,1000,1.61119294166565,NA,NA,NA,NA,NA,NA
"multinom_mixed_J5",111,1000,1.89033007621765,NA,NA,NA,NA,NA,NA
"multinom_mixed_J5",112,1000,2.03268194198608,NA,NA,NA,NA,NA,NA
"multinom_mixed_J5",113,1000,1.73139810562134,NA,NA,NA,NA,NA,NA
"multinom_mixed_J5",114,1000,1.97189593315125,NA,NA,NA,NA,NA,NA
"multinom_mixed_J5",115,1000,3.42445492744446,NA,NA,NA,NA,NA,NA
"multinom_mixed_J5",116,1000,1.73713397979736,NA,NA,NA,NA,NA,NA
"multinom_mixed_J5",117,1000,1.73843216896057,NA,NA,NA,NA,NA,NA
"multinom_mixed_J5",118,1000,1.85891485214233,NA,NA,NA,NA,NA,NA
"multinom_mixed_J5",119,1000,2.43757605552673,NA,NA,NA,NA,NA,NA
"multinom_mixed_J5",120,1000,2.29175400733948,NA,NA,NA,NA,NA,NA
"multinom_mixed_J5",121,1000,2.11824989318848,NA,NA,NA,NA,NA,NA
"multinom_mixed_J5",122,1000,1.96531009674072,NA,NA,NA,NA,NA,NA
"multinom_mixed_J5",123,1000,1.63682389259338,NA,NA,NA,NA,NA,NA
"multinom_mixed_J5",124,1000,2.13646602630615,NA,NA,NA,NA,NA,NA
"multinom_mixed_J5",125,1000,1.95412683486938,NA,NA,NA,NA,NA,NA
"multinom_mixed_J5",126,1000,3.5807249546051,NA,NA,NA,NA,NA,NA
"multinom_mixed_J5",127,1000,2.28896808624268,NA,NA,NA,NA,NA,NA
"multinom_mixed_J5",128,1000,2.22169399261475,NA,NA,NA,NA,NA,NA
"multinom_mixed_J5",129,1000,3.78298807144165,NA,NA,NA,NA,NA,NA
"multinom_mixed_J5",130,1000,1.90435886383057,NA,NA,NA,NA,NA,NA
"multinom_mixed_J5",131,1000,2.11539697647095,NA,NA,NA,NA,NA,NA
"multinom_mixed_J5",132,1000,2.016282081604,NA,NA,NA,NA,NA,NA
"multinom_mixed_J5",133,1000,1.79597902297974,NA,NA,NA,NA,NA,NA
"multinom_mixed_J5",134,1000,1.93352603912354,NA,NA,NA,NA,NA,NA
"multinom_mixed_J5",135,1000,2.25096201896667,NA,NA,NA,NA,NA,NA
"multinom_mixed_J5",136,1000,1.62419199943542,NA,NA,NA,NA,NA,NA
"multinom_mixed_J5",137,1000,1.94148182868958,NA,NA,NA,NA,NA,NA
"multinom_mixed_J5",138,1000,2.00517106056213,NA,NA,NA,NA,NA,NA
"multinom_mixed_J5",139,1000,2.25969505310059,NA,NA,NA,NA,NA,NA
"multinom_mixed_J5",140,1000,2.15587306022644,NA,NA,NA,NA,NA,NA
"multinom_mixed_J5",141,1000,1.7727689743042,NA,NA,NA,NA,NA,NA
"multinom_mixed_J5",142,1000,1.82719397544861,NA,NA,NA,NA,NA,NA
"multinom_mixed_J5",143,1000,1.59190011024475,NA,NA,NA,NA,NA,NA
"multinom_mixed_J5",144,1000,2.18260812759399,NA,NA,NA,NA,NA,NA
"multinom_mixed_J5",145,1000,1.7627911567688,NA,NA,NA,NA,NA,NA
"multinom_mixed_J5",146,1000,3.80501890182495,NA,NA,NA,NA,NA,NA
"multinom_mixed_J5",147,1000,2.27865409851074,NA,NA,NA,NA,NA,NA
"multinom_mixed_J5",148,1000,1.76433515548706,NA,NA,NA,NA,NA,NA
"multinom_mixed_J5",149,1000,1.89279794692993,NA,NA,NA,NA,NA,NA
"multinom_mixed_J5",150,1000,1.798583984375,NA,NA,NA,NA,NA,NA
"multinom_mixed_J5",151,1000,2.13155102729797,NA,NA,NA,NA,NA,NA
"multinom_mixed_J5",152,1000,2.1203670501709,NA,NA,NA,NA,NA,NA
"multinom_mixed_J5",153,1000,1.97833704948425,NA,NA,NA,NA,NA,NA
"multinom_mixed_J5",154,1000,1.56341910362244,NA,NA,NA,NA,NA,NA
"multinom_mixed_J5",155,1000,1.9436399936676,NA,NA,NA,NA,NA,NA
"multinom_mixed_J5",156,1000,2.18107295036316,NA,NA,NA,NA,NA,NA
"multinom_mixed_J5",157,1000,1.83224201202393,NA,NA,NA,NA,NA,NA
"multinom_mixed_J5",158,1000,1.71112704277039,NA,NA,NA,NA,NA,NA
"multinom_mixed_J5",159,1000,2.02529788017273,NA,NA,NA,NA,NA,NA
"multinom_mixed_J5",160,1000,1.94407486915588,NA,NA,NA,NA,NA,NA
"scaling_J3",20,500,0.472036838531494,NA,NA,NA,NA,NA,NA
"scaling_J3",40,1000,0.761895895004272,NA,NA,NA,NA,NA,NA
"scaling_J3",80,2000,1.51562404632568,NA,NA,NA,NA,NA,NA
"scaling_J3",160,4000,2.64949202537537,NA,NA,NA,NA,NA,NA
