"task","rep","N","illume_s","lme4_s","glmmTMB_s","max_absdiff_lme4","max_absdiff_glmmTMB","nnet_s","max_absdiff_nnet"
"gaussian_mm",1,1000,0.343218088150024,0.060136079788208,0.25852108001709,2.76589548758865e-06,2.03657325917317e-06,NA,NA
"gaussian_mm",2,1000,0.319733142852783,0.0243220329284668,0.178560018539429,7.34571062116496e-07,2.91736969254552e-06,NA,NA
"gaussian_mm",3,1000,0.197874069213867,0.0247671604156494,0.191740036010742,1.12197888590959e-07,1.56872501905214e-06,NA,NA
"gaussian_mm",4,1000,0.215242862701416,0.0311758518218994,0.273662090301514,6.0356258162475e-06,5.32972201222615e-06,NA,NA
"gaussian_mm",5,1000,0.24821400642395,0.0308167934417725,0.197540044784546,8.31643038545771e-07,4.4180031649188e-06,NA,NA
"gaussian_mm",6,1000,0.216952085494995,0.0453190803527832,0.254784107208252,2.29367035636807e-06,1.26789539801608e-05,NA,NA
"gaussian_mm",7,1000,0.171692132949829,0.0257229804992676,0.170277833938599,5.21666232211615e-07,6.28970103483395e-06,NA,NA
"gaussian_mm",8,1000,0.177886009216309,0.0296320915222168,0.186599969863892,9.67513578364887e-07,2.26201081269806e-05,NA,NA
"gaussian_mm",9,1000,0.155699014663696,0.0242459774017334,0.219835996627808,8.71128147839073e-07,2.62334030759481e-06,NA,NA
"gaussian_mm",10,1000,0.148345947265625,0.0244691371917725,0.178952932357788,2.72820833099874e-06,7.29780455166473e-06,NA,NA
"gaussian_mm",11,1000,0.17123818397522,0.0424661636352539,0.24750804901123,8.21125938771372e-07,5.05203018263956e-06,NA,NA
"gaussian_mm",12,1000,0.152173042297363,0.032872200012207,0.208671092987061,2.2220962723335e-06,7.53764369389176e-06,NA,NA
"gaussian_mm",13,1000,0.157779932022095,0.0331721305847168,0.293519020080566,2.71780524285781e-06,1.96069637387053e-06,NA,NA
"gaussian_mm",14,1000,0.229257106781006,0.0248591899871826,0.184873819351196,3.54393739188108e-07,3.22151869522336e-06,NA,NA
"gaussian_mm",15,1000,0.171241044998169,0.0261249542236328,0.206099033355713,9.55136304270354e-07,2.14504477402677e-06,NA,NA
"gaussian_mm",16,1000,0.173523902893066,0.0246469974517822,0.16779899597168,1.5171897969346e-06,1.15420679472344e-05,NA,NA
"gaussian_mm",17,1000,0.148933887481689,0.0258240699768066,0.195013046264648,4.81350584946583e-08,2.53778775310964e-06,NA,NA
"gaussian_mm",18,1000,0.14826488494873,0.0256118774414062,0.193084955215454,1.503469023445e-06,1.54366977195286e-06,NA,NA
"gaussian_mm",19,1000,0.176426887512207,0.0273008346557617,0.220494985580444,1.77295791853327e-06,1.50201328061317e-06,NA,NA
"gaussian_mm",20,1000,0.163211107254028,0.0266690254211426,0.183149814605713,2.56151680200212e-07,1.99444353837785e-06,NA,NA
"gaussian_mm",21,1000,0.233733892440796,0.0335688591003418,0.21527099609375,2.94170779346903e-06,4.08121394623873e-06,NA,NA
"gaussian_mm",22,1000,0.18973183631897,0.0258607864379883,0.194962978363037,1.71369783460995e-06,4.63863394251085e-06,NA,NA
"gaussian_mm",23,1000,0.195858955383301,0.0246310234069824,0.236319065093994,2.78070137438302e-06,3.60974899593636e-06,NA,NA
"gaussian_mm",24,1000,0.191681861877441,0.0293610095977783,0.195991992950439,1.88288508301548e-06,1.12651392725205e-05,NA,NA
"gaussian_mm",25,1000,0.173933029174805,0.0396771430969238,0.202152013778687,3.37868093058802e-07,1.16684833198488e-06,NA,NA
"gaussian_mm",26,1000,0.206727027893066,0.0431149005889893,0.202570915222168,8.23275608158314e-07,1.81025044845851e-06,NA,NA
"gaussian_mm",27,1000,0.168824911117554,0.0251591205596924,0.192065000534058,5.77985772132195e-07,3.36611307116819e-06,NA,NA
"gaussian_mm",28,1000,0.160396814346313,0.0253341197967529,0.163537979125977,2.65104432067842e-06,2.12645846551784e-05,NA,NA
"gaussian_mm",29,1000,0.276442050933838,0.0251109600067139,0.172852039337158,2.55274516797188e-06,2.32792259152736e-06,NA,NA
"gaussian_mm",30,1000,0.159754991531372,0.0251100063323975,0.22882604598999,7.47237393017297e-07,2.25495013467247e-06,NA,NA
"gaussian_mm",31,1000,0.215574026107788,0.025731086730957,0.188486814498901,2.1419066919548e-06,2.82103685067536e-06,NA,NA
"gaussian_mm",32,1000,0.159464836120605,0.025374174118042,0.191437005996704,5.57456782068755e-07,1.0059075563118e-05,NA,NA
"gaussian_mm",33,1000,0.298350095748901,0.0251650810241699,0.177615165710449,6.92808485941443e-07,1.39421487777014e-06,NA,NA
"gaussian_mm",34,1000,0.150302171707153,0.0259230136871338,0.174131870269775,1.68278338208427e-06,8.24783438180265e-06,NA,NA
"gaussian_mm",35,1000,0.17523717880249,0.0244529247283936,0.170264005661011,5.26613188667202e-07,1.3255209015961e-06,NA,NA
"gaussian_mm",36,1000,0.214272975921631,0.0287249088287354,0.219172954559326,4.72735468604046e-07,1.38715561352754e-05,NA,NA
"gaussian_mm",37,1000,0.179838180541992,0.0289931297302246,0.187863111495972,1.00866796703958e-06,6.48468046815509e-07,NA,NA
"gaussian_mm",38,1000,0.203311920166016,0.0262279510498047,0.189502000808716,4.24808564380985e-07,4.75505771091456e-06,NA,NA
"gaussian_mm",39,1000,0.195090055465698,0.0272719860076904,0.191610813140869,3.41183604285478e-06,1.35788418040295e-05,NA,NA
"gaussian_mm",40,1000,0.183526992797852,0.0248711109161377,0.180560111999512,1.36971160297206e-06,1.31363225980285e-06,NA,NA
"gaussian_mm",41,1000,0.157227993011475,0.0271580219268799,0.195970058441162,5.90156033597466e-07,2.49006034325205e-06,NA,NA
"gaussian_mm",42,1000,0.206851005554199,0.025892972946167,0.197591066360474,1.15132019490316e-06,3.05634806241351e-06,NA,NA
"gaussian_mm",43,1000,0.168351173400879,0.0342850685119629,0.187221050262451,3.94254197355615e-06,3.96215369652397e-06,NA,NA
"gaussian_mm",44,1000,0.16008996963501,0.0314810276031494,0.200469017028809,1.00690502230494e-06,7.34691590958958e-06,NA,NA
"gaussian_mm",45,1000,0.172643899917603,0.0258560180664062,0.220392942428589,2.525958051669e-06,2.78570164186087e-06,NA,NA
"gaussian_mm",46,1000,0.18455696105957,0.0252699851989746,0.21186089515686,9.75513956225083e-07,2.76870490978354e-07,NA,NA
"gaussian_mm",47,1000,0.238177061080933,0.0272400379180908,0.216300010681152,1.52897837676913e-06,6.71453588765858e-06,NA,NA
"gaussian_mm",48,1000,0.183122873306274,0.0257079601287842,0.182358980178833,1.75887909342753e-06,4.87269647492239e-06,NA,NA
"gaussian_mm",49,1000,0.167587041854858,0.027134895324707,0.201382160186768,3.28909948094092e-06,6.77513315960887e-06,NA,NA
"gaussian_mm",50,1000,0.154080152511597,0.0246500968933105,0.189359188079834,9.76118850359864e-07,3.90962657997873e-06,NA,NA
"gaussian_mm",51,1000,0.173633813858032,0.0246438980102539,0.230109930038452,2.4137576798422e-07,1.41333010593714e-05,NA,NA
"gaussian_mm",52,1000,0.171731948852539,0.0301880836486816,0.211321830749512,3.22153997933672e-06,4.93054594363773e-06,NA,NA
"gaussian_mm",53,1000,0.159027814865112,0.0250351428985596,0.164880990982056,3.07040883357201e-06,4.81299521898348e-06,NA,NA
"gaussian_mm",54,1000,0.160793781280518,0.0283069610595703,0.18962287902832,1.09486406463244e-06,1.87700125364176e-05,NA,NA
"gaussian_mm",55,1000,0.156209945678711,0.0250098705291748,0.215564966201782,1.85755586451508e-06,2.52500289231739e-05,NA,NA
"gaussian_mm",56,1000,0.167890071868896,0.0244290828704834,0.227648019790649,6.79081122639813e-07,9.7750648480055e-06,NA,NA
"gaussian_mm",57,1000,0.186744928359985,0.025766134262085,0.223793029785156,4.5675209822682e-07,1.0631934377503e-05,NA,NA
"gaussian_mm",58,1000,0.156631946563721,0.0254790782928467,0.204059839248657,1.144999892011e-06,1.18431946903308e-05,NA,NA
"gaussian_mm",59,1000,0.209617137908936,0.0254569053649902,0.183007001876831,2.05915882345309e-07,2.96060655810559e-06,NA,NA
"gaussian_mm",60,1000,0.152799129486084,0.0262079238891602,0.224283933639526,8.90330648373183e-07,3.17640567992772e-06,NA,NA
"gaussian_mm",61,1000,0.20209813117981,0.0251290798187256,0.197700023651123,3.38684622736007e-07,1.19450247753061e-05,NA,NA
"gaussian_mm",62,1000,0.168600082397461,0.0335249900817871,0.182670116424561,3.38097623869826e-06,2.82355501046716e-06,NA,NA
"gaussian_mm",63,1000,0.157036781311035,0.0247609615325928,0.174883127212524,8.79032849815387e-07,4.85047903348024e-06,NA,NA
"gaussian_mm",64,1000,0.163182020187378,0.0250852108001709,0.223412990570068,1.96455040391008e-06,5.11643992573418e-06,NA,NA
"gaussian_mm",65,1000,0.153608083724976,0.0262010097503662,0.177283048629761,9.40770273571978e-07,1.15524064443484e-05,NA,NA
"gaussian_mm",66,1000,0.194877147674561,0.0249428749084473,0.203232049942017,1.15424490515492e-06,1.61914252327922e-06,NA,NA
"gaussian_mm",67,1000,0.201776027679443,0.0255649089813232,0.185158014297485,6.18074676050906e-07,1.00102523540313e-05,NA,NA
"gaussian_mm",68,1000,0.154909133911133,0.0250780582427979,0.213345766067505,1.12394726520249e-06,1.98485657448844e-06,NA,NA
"gaussian_mm",69,1000,0.171898126602173,0.02447509765625,0.172315120697021,1.90392929080851e-06,3.16265608166222e-06,NA,NA
"gaussian_mm",70,1000,0.209684133529663,0.0395829677581787,0.197464942932129,5.80856318765921e-07,3.13528865492074e-06,NA,NA
"gaussian_mm",71,1000,0.183669090270996,0.0252289772033691,0.200462818145752,1.70588103232117e-06,3.14272824358808e-06,NA,NA
"gaussian_mm",72,1000,0.168443918228149,0.0251829624176025,0.192106008529663,5.08291856604615e-07,3.76425161882632e-06,NA,NA
"gaussian_mm",73,1000,0.160892009735107,0.0254790782928467,0.231006860733032,4.06898955362944e-07,1.11750289950585e-05,NA,NA
"gaussian_mm",74,1000,0.261660099029541,0.0249900817871094,0.204196214675903,1.00648756101718e-06,2.93852120036853e-06,NA,NA
"gaussian_mm",75,1000,0.1443030834198,0.028717041015625,0.190115928649902,1.24447499405544e-06,2.20687394558716e-06,NA,NA
"gaussian_mm",76,1000,0.175928831100464,0.0297880172729492,0.181499004364014,3.85610671504999e-07,3.63568006128689e-06,NA,NA
"gaussian_mm",77,1000,0.169863939285278,0.0256879329681396,0.193428993225098,1.67188376898331e-06,5.6158098966641e-06,NA,NA
"gaussian_mm",78,1000,0.16287088394165,0.0251860618591309,0.192483901977539,7.67874869689322e-07,4.24519257369305e-06,NA,NA
"gaussian_mm",79,1000,0.237357139587402,0.0375399589538574,0.205796003341675,6.48937870106892e-07,1.252113758754e-05,NA,NA
"gaussian_mm",80,1000,0.200095891952515,0.0447201728820801,0.234921932220459,9.03576394650774e-07,4.52743469070427e-06,NA,NA
"gaussian_mm",81,1000,0.215598821640015,0.0277938842773438,0.216120958328247,5.67767649284345e-07,1.4060084753964e-05,NA,NA
"gaussian_mm",82,1000,0.174930095672607,0.0385987758636475,0.18653416633606,8.18259832613411e-07,1.11436899856709e-05,NA,NA
"gaussian_mm",83,1000,0.163471221923828,0.0253081321716309,0.207565069198608,3.02312857958231e-06,5.33293747295716e-06,NA,NA
"gaussian_mm",84,1000,0.182165145874023,0.0253541469573975,0.238994121551514,2.40312686416999e-07,1.48225910736599e-05,NA,NA
"gaussian_mm",85,1000,0.178009986877441,0.0380151271820068,0.207628011703491,5.04522184952005e-06,5.86136500441148e-06,NA,NA
"gaussian_mm",86,1000,0.219021081924438,0.0330069065093994,0.192435026168823,2.17526969648052e-06,5.01382287027008e-06,NA,NA
"gaussian_mm",87,1000,0.170401096343994,0.0255651473999023,0.374287128448486,5.34693349041326e-07,6.86158615059718e-06,NA,NA
"gaussian_mm",88,1000,0.193917036056519,0.0260710716247559,0.255913972854614,1.20461925839921e-06,5.35705660720254e-07,NA,NA
"gaussian_mm",89,1000,0.187716960906982,0.0260679721832275,0.184281826019287,2.8336150997392e-06,2.03495724573899e-06,NA,NA
"gaussian_mm",90,1000,0.163400173187256,0.0251550674438477,0.183929920196533,1.75874720004243e-06,7.4686338839558e-06,NA,NA
"gaussian_mm",91,1000,0.181478023529053,0.0358121395111084,0.205466032028198,1.40252537644825e-06,8.19508729299478e-06,NA,NA
"gaussian_mm",92,1000,0.148836851119995,0.0254790782928467,0.181179046630859,2.54194230070448e-06,1.29063072612512e-06,NA,NA
"gaussian_mm",93,1000,0.165615081787109,0.0355620384216309,0.177258968353271,1.62895073101132e-06,1.21909721956248e-06,NA,NA
"gaussian_mm",94,1000,0.16756796836853,0.0344581604003906,0.188280820846558,9.38656935567383e-07,1.24173057448607e-05,NA,NA
"gaussian_mm",95,1000,0.177791833877563,0.0253651142120361,0.1860511302948,2.10049230336962e-06,1.05682054918343e-05,NA,NA
"gaussian_mm",96,1000,0.151132106781006,0.0251801013946533,0.200164079666138,6.24902862067511e-07,1.43781774636365e-06,NA,NA
"gaussian_mm",97,1000,0.190042018890381,0.0348720550537109,0.169447898864746,6.61325033540772e-07,9.86458311297289e-06,NA,NA
"gaussian_mm",98,1000,0.169878005981445,0.0240650177001953,0.175379991531372,3.26951048068569e-07,9.3599186779536e-06,NA,NA
"gaussian_mm",99,1000,0.172124147415161,0.0246620178222656,0.172178030014038,3.72169756179819e-07,1.17249643606931e-05,NA,NA
"gaussian_mm",100,1000,0.142673969268799,0.0246610641479492,0.163651943206787,3.35543918750236e-06,5.93079331373536e-06,NA,NA
"gaussian_mm",101,1000,0.282374858856201,0.0253920555114746,0.191537857055664,8.03348214006849e-07,3.73966381911339e-06,NA,NA
"gaussian_mm",102,1000,0.194768905639648,0.0342330932617188,0.207764148712158,1.17316045050719e-06,7.37999487865348e-06,NA,NA
"gaussian_mm",103,1000,0.166624069213867,0.0247409343719482,0.195437908172607,4.3008959216273e-07,5.62716082364023e-06,NA,NA
"gaussian_mm",104,1000,0.166620016098022,0.0274968147277832,0.204494953155518,3.31575433942799e-07,2.14680161619851e-06,NA,NA
"gaussian_mm",105,1000,0.183906078338623,0.0281751155853271,0.177029132843018,6.91889363857445e-07,4.47508453405021e-07,NA,NA
"gaussian_mm",106,1000,0.160267114639282,0.0256268978118896,0.21186089515686,1.17419520534456e-06,1.93647360668958e-06,NA,NA
"gaussian_mm",107,1000,0.258708000183105,0.0414729118347168,0.183686971664429,1.30875035825317e-06,3.16442885450741e-06,NA,NA
"gaussian_mm",108,1000,0.162420034408569,0.0287220478057861,0.230913877487183,4.23571689389668e-07,4.08461166501173e-06,NA,NA
"gaussian_mm",109,1000,0.190912961959839,0.026317834854126,0.182268857955933,1.75456706213994e-06,3.26842197825861e-06,NA,NA
"gaussian_mm",110,1000,0.16034197807312,0.024712085723877,0.207782030105591,4.74637604236383e-06,1.43360800251013e-05,NA,NA
"gaussian_mm",111,1000,0.165213823318481,0.0244269371032715,0.186558961868286,5.9906202865001e-07,8.37412426257789e-06,NA,NA
"gaussian_mm",112,1000,0.171110868453979,0.0288839340209961,0.221424102783203,8.15010869625876e-07,1.87337821383471e-06,NA,NA
"gaussian_mm",113,1000,0.168668985366821,0.0251810550689697,0.205309867858887,2.63178001336239e-07,1.46936732375313e-05,NA,NA
"gaussian_mm",114,1000,0.179746866226196,0.0327889919281006,0.178961992263794,1.18045809488487e-07,1.93305374204533e-05,NA,NA
"gaussian_mm",115,1000,0.243427991867065,0.0352411270141602,0.19406795501709,2.7602052269371e-06,5.43748862119608e-06,NA,NA
"gaussian_mm",116,1000,0.212425947189331,0.0269579887390137,0.213967800140381,2.63458001248384e-06,2.42503451874931e-06,NA,NA
"gaussian_mm",117,1000,0.180443048477173,0.025475025177002,0.250123977661133,1.69874013489224e-06,3.99858658822749e-06,NA,NA
"gaussian_mm",118,1000,0.186466932296753,0.0332388877868652,0.207693815231323,1.17122674192505e-06,5.98013585650925e-07,NA,NA
"gaussian_mm",119,1000,0.16358208656311,0.0250000953674316,0.170998811721802,5.35441286142468e-07,1.65855622576982e-05,NA,NA
"gaussian_mm",120,1000,0.268511056900024,0.0457158088684082,0.177572011947632,3.35034959830782e-07,7.05887322086096e-06,NA,NA
"gaussian_mm",121,1000,0.163517951965332,0.0251150131225586,0.176794052124023,1.15068947315056e-06,1.3381420140568e-06,NA,NA
"gaussian_mm",122,1000,0.163441896438599,0.0251998901367188,0.174274921417236,1.71145619765056e-06,2.65473781502212e-06,NA,NA
"gaussian_mm",123,1000,0.19553804397583,0.0243840217590332,0.287553071975708,3.92674074700672e-07,4.8906375011426e-06,NA,NA
"gaussian_mm",124,1000,0.19853687286377,0.0241489410400391,0.16592001914978,1.13705538307141e-06,1.35447191579874e-05,NA,NA
"gaussian_mm",125,1000,0.154748201370239,0.0260519981384277,0.213824987411499,1.44835717497127e-06,1.09998543965373e-05,NA,NA
"gaussian_mm",126,1000,0.187945127487183,0.0304141044616699,0.196761131286621,4.51070872264925e-07,1.55761332823467e-06,NA,NA
"gaussian_mm",127,1000,0.163617134094238,0.0540299415588379,0.201576948165894,1.23263620827041e-06,3.68456413796237e-07,NA,NA
"gaussian_mm",128,1000,0.212510108947754,0.0357818603515625,0.213721990585327,5.48627241303556e-07,9.14267550913839e-06,NA,NA
"gaussian_mm",129,1000,0.19533109664917,0.0250759124755859,0.205705881118774,1.0057883750858e-06,1.42501380163695e-05,NA,NA
"gaussian_mm",130,1000,0.171005964279175,0.0252280235290527,0.226793050765991,3.07896775275651e-06,1.04502483640467e-05,NA,NA
"gaussian_mm",131,1000,0.164499998092651,0.0259628295898438,0.186537027359009,8.31058968864262e-08,3.54497283983068e-06,NA,NA
"gaussian_mm",132,1000,0.168069124221802,0.0265991687774658,0.203536987304688,1.99218196111905e-06,5.39270900734579e-06,NA,NA
"gaussian_mm",133,1000,0.195537090301514,0.0252981185913086,0.187768936157227,1.3415448326809e-06,7.87602969010148e-07,NA,NA
"gaussian_mm",134,1000,0.223546028137207,0.0467879772186279,0.188127994537354,2.82294503772818e-07,4.4579108505749e-06,NA,NA
"gaussian_mm",135,1000,0.169674873352051,0.0242629051208496,0.190001964569092,1.36972989450701e-07,6.46294809286685e-06,NA,NA
"gaussian_mm",136,1000,0.158244848251343,0.031498908996582,0.274744987487793,2.8121265196468e-06,5.5413063374532e-06,NA,NA
"gaussian_mm",137,1000,0.185951948165894,0.0467090606689453,0.206509113311768,3.69896039631445e-07,1.11953680713706e-05,NA,NA
"gaussian_mm",138,1000,0.218112945556641,0.0359148979187012,0.278190135955811,1.09984786061945e-06,3.85337145775155e-06,NA,NA
"gaussian_mm",139,1000,0.199544906616211,0.0244131088256836,0.168356895446777,1.50769226481273e-06,1.0704884100099e-05,NA,NA
"gaussian_mm",140,1000,0.239480972290039,0.0253348350524902,0.188882827758789,1.48195061108747e-06,5.42918830687134e-06,NA,NA
"gaussian_mm",141,1000,0.161141872406006,0.0257139205932617,0.257562875747681,9.10292052846984e-08,6.45879307897834e-06,NA,NA
"gaussian_mm",142,1000,0.176881074905396,0.0336639881134033,0.187414169311523,2.68200036346311e-07,4.50487374181741e-06,NA,NA
"gaussian_mm",143,1000,0.154608011245728,0.0259230136871338,0.193597793579102,6.78495429673465e-07,5.60277402528175e-07,NA,NA
"gaussian_mm",144,1000,0.166996002197266,0.0283091068267822,0.196374177932739,8.62340899521197e-07,1.27698735694071e-05,NA,NA
"gaussian_mm",145,1000,0.165154933929443,0.0253760814666748,0.164228916168213,5.35852661581737e-06,2.63500167982933e-05,NA,NA
"gaussian_mm",146,1000,0.152547121047974,0.025460958480835,0.225816965103149,3.76274732871718e-07,1.9497572469912e-05,NA,NA
"gaussian_mm",147,1000,0.180908918380737,0.0247890949249268,0.203907012939453,2.38214118883362e-06,1.51398017617099e-06,NA,NA
"gaussian_mm",148,1000,0.170587778091431,0.0335540771484375,0.186789035797119,8.62886139818553e-07,7.46398779455371e-06,NA,NA
"gaussian_mm",149,1000,0.162338018417358,0.0257759094238281,0.193186044692993,3.03039434748978e-07,4.97699603441148e-06,NA,NA
"gaussian_mm",150,1000,0.17743706703186,0.0276238918304443,0.172517061233521,1.38186939976914e-06,4.77554635097688e-06,NA,NA
"gaussian_mm",151,1000,0.178575038909912,0.0261809825897217,0.191558122634888,2.85406481281836e-07,2.04965826178238e-06,NA,NA
"gaussian_mm",152,1000,0.161700963973999,0.026008129119873,0.19362998008728,9.93850817310182e-07,5.3947887935224e-06,NA,NA
"gaussian_mm",153,1000,0.161534070968628,0.0262811183929443,0.171627044677734,1.62272083187309e-06,8.65492724860806e-06,NA,NA
"gaussian_mm",154,1000,0.165692090988159,0.0242130756378174,0.18428897857666,2.64526702153933e-07,2.07389420170401e-06,NA,NA
"gaussian_mm",155,1000,0.151753902435303,0.0238871574401855,0.170063018798828,1.35812650914335e-06,1.477800972427e-06,NA,NA
"gaussian_mm",156,1000,0.329028129577637,0.0247011184692383,0.168283939361572,2.38387686929409e-06,5.74605391062688e-06,NA,NA
"gaussian_mm",157,1000,0.167187929153442,0.0248050689697266,0.182821035385132,6.64825671792268e-07,1.60302594148648e-05,NA,NA
"gaussian_mm",158,1000,0.145823001861572,0.0251140594482422,0.196923971176147,1.08495703449174e-06,1.02935702362e-05,NA,NA
"gaussian_mm",159,1000,0.227588176727295,0.0268011093139648,0.199743986129761,2.1496580085989e-06,8.39002636993103e-06,NA,NA
"gaussian_mm",160,1000,0.184949159622192,0.0246460437774658,0.184653997421265,1.75988478917644e-06,1.74214077935941e-06,NA,NA
"poisson_mm",1,1000,0.1803138256073,0.439419031143188,0.210593938827515,2.43068087376064e-05,2.63677968348475e-15,NA,NA
"poisson_mm",2,1000,0.19875693321228,0.506710052490234,0.238399028778076,2.69448689630691e-05,1.07117103239629e-05,NA,NA
"poisson_mm",3,1000,0.202401876449585,0.451405048370361,0.231766939163208,1.42574545528018e-05,9.42489615796127e-06,NA,NA
"poisson_mm",4,1000,0.192292928695679,0.405355930328369,0.255831003189087,1.33430090868969e-05,3.83026943495679e-15,NA,NA
"poisson_mm",5,1000,0.229704856872559,0.472594976425171,0.266955137252808,9.86057859997391e-06,8.28637152006095e-07,NA,NA
"poisson_mm",6,1000,0.248487949371338,0.553552865982056,0.226812124252319,1.76233224439271e-05,1.43938220213413e-05,NA,NA
"poisson_mm",7,1000,0.217683076858521,0.441254138946533,0.247509956359863,1.34613557186136e-05,8.04911692853238e-16,NA,NA
"poisson_mm",8,1000,0.232794046401978,0.501183986663818,0.233735799789429,2.52990640122741e-05,1.51301885537025e-06,NA,NA
"poisson_mm",9,1000,0.22116494178772,0.459330081939697,0.247874021530151,1.68610288650839e-05,1.64409172609403e-06,NA,NA
"poisson_mm",10,1000,0.215480089187622,0.529773950576782,0.217094898223877,2.39425669676663e-05,7.78810977175581e-06,NA,NA
"poisson_mm",11,1000,0.207299947738647,0.565279006958008,0.290359973907471,2.0516004874932e-05,4.90163465372007e-13,NA,NA
"poisson_mm",12,1000,0.227966070175171,0.46232008934021,0.214257001876831,3.64705751290662e-05,2.94445457585391e-06,NA,NA
"poisson_mm",13,1000,0.21925687789917,0.457682847976685,0.252799034118652,6.7821654952116e-06,6.0681629049375e-06,NA,NA
"poisson_mm",14,1000,0.242004156112671,0.532840013504028,0.205941915512085,1.09735208523309e-05,9.20105639173885e-06,NA,NA
"poisson_mm",15,1000,0.193433046340942,0.451793909072876,0.237209796905518,1.42494044599317e-05,3.90243393155743e-14,NA,NA
"poisson_mm",16,1000,0.259581089019775,0.455859899520874,0.253625154495239,1.73767203041075e-05,5.67601521339611e-14,NA,NA
"poisson_mm",17,1000,0.236730098724365,0.423526048660278,0.221826076507568,1.54565073729462e-05,2.46548150195647e-06,NA,NA
"poisson_mm",18,1000,0.188176870346069,0.474021911621094,0.239869832992554,2.64020658353181e-05,5.17985177639346e-07,NA,NA
"poisson_mm",19,1000,0.212934017181396,0.560490846633911,0.275073051452637,2.25305365175177e-05,7.11644632112041e-12,NA,NA
"poisson_mm",20,1000,0.210461854934692,0.448961019515991,0.228572130203247,2.67970097559134e-05,1.88165822972985e-06,NA,NA
"poisson_mm",21,1000,0.206418037414551,0.51704216003418,0.242449998855591,1.51816834862706e-05,3.36568345882249e-06,NA,NA
"poisson_mm",22,1000,0.229180812835693,0.504050016403198,0.258664131164551,4.26407345026358e-05,1.65556405479217e-06,NA,NA
"poisson_mm",23,1000,0.202994108200073,0.53969407081604,0.226108074188232,2.41402204573249e-05,1.5561099895138e-06,NA,NA
"poisson_mm",24,1000,0.202357053756714,0.403149843215942,0.258434057235718,1.57435014169205e-05,1.00293156479747e-06,NA,NA
"poisson_mm",25,1000,0.19109582901001,0.491410970687866,0.23029088973999,1.89148519559867e-05,1.78190795452338e-14,NA,NA
"poisson_mm",26,1000,0.234611034393311,0.547824144363403,0.230844020843506,1.04559164594564e-05,5.10708142442695e-12,NA,NA
"poisson_mm",27,1000,0.20393705368042,0.470090866088867,0.24875807762146,2.11497532861538e-05,1.31969601913084e-10,NA,NA
"poisson_mm",28,1000,0.198069095611572,0.449280977249146,0.236469030380249,1.18092929515812e-05,6.61935707860217e-06,NA,NA
"poisson_mm",29,1000,0.215380907058716,0.46332311630249,0.227864980697632,9.438502356518e-06,9.83764001216691e-06,NA,NA
"poisson_mm",30,1000,0.205081939697266,0.600625038146973,0.2310791015625,1.99517993229592e-05,2.7607401689167e-06,NA,NA
"poisson_mm",31,1000,0.222470998764038,0.500300168991089,0.250576019287109,1.46399557167665e-05,7.29476768879245e-07,NA,NA
"poisson_mm",32,1000,0.24626898765564,0.507698059082031,0.242522001266479,1.57450089241506e-06,1.09506052570207e-06,NA,NA
"poisson_mm",33,1000,0.264256954193115,0.495398044586182,0.246768951416016,1.74458783382403e-05,2.28442189623146e-06,NA,NA
"poisson_mm",34,1000,0.206956148147583,0.437074184417725,0.277338027954102,1.49565879689062e-05,1.51930521780086e-06,NA,NA
"poisson_mm",35,1000,0.22996711730957,0.441247940063477,0.237156867980957,1.14005124789429e-05,4.8717394474096e-07,NA,NA
"poisson_mm",36,1000,0.251830101013184,0.493811130523682,0.230136156082153,2.53621475075905e-05,1.14575834589403e-05,NA,NA
"poisson_mm",37,1000,0.188136100769043,0.496178865432739,0.237982034683228,1.94759795551502e-05,2.65343302885412e-14,NA,NA
"poisson_mm",38,1000,0.203853130340576,0.458240985870361,0.258151054382324,1.41631245045848e-05,1.96509475358653e-14,NA,NA
"poisson_mm",39,1000,0.217828035354614,0.452771902084351,0.298655986785889,1.35156069155928e-05,5.26428900471387e-12,NA,NA
"poisson_mm",40,1000,0.234362840652466,0.440133810043335,0.22453498840332,2.53507279413534e-05,6.34083319517309e-07,NA,NA
"poisson_mm",41,1000,0.201562881469727,0.431946992874146,0.285706996917725,1.48462714103514e-05,5.91918375693334e-06,NA,NA
"poisson_mm",42,1000,0.20160698890686,0.427594184875488,0.275732040405273,1.94637416481291e-05,2.65920202652259e-06,NA,NA
"poisson_mm",43,1000,0.205416917800903,0.431962013244629,0.250565052032471,1.18361039351256e-05,1.22124532708767e-15,NA,NA
"poisson_mm",44,1000,0.240946054458618,0.416666984558105,0.236255168914795,3.26594034901206e-05,2.10375000978535e-05,NA,NA
"poisson_mm",45,1000,0.218057870864868,0.468310832977295,0.226790904998779,1.92792392551266e-05,4.44089209850063e-15,NA,NA
"poisson_mm",46,1000,0.223312139511108,0.460475921630859,0.220839977264404,2.00422459487593e-05,1.207655190405e-05,NA,NA
"poisson_mm",47,1000,0.224309921264648,0.454367876052856,0.219630002975464,2.20487338590536e-05,4.45404824134243e-12,NA,NA
"poisson_mm",48,1000,0.253835916519165,0.448580026626587,0.213504076004028,1.27456696198402e-05,5.81201753391269e-14,NA,NA
"poisson_mm",49,1000,0.183588027954102,0.485928058624268,0.220364093780518,1.79890941245375e-05,3.33066907387547e-16,NA,NA
"poisson_mm",50,1000,0.208005905151367,0.462131977081299,0.250262975692749,1.64592071508207e-05,7.95880144430217e-06,NA,NA
"poisson_mm",51,1000,0.193411111831665,0.434388875961304,0.248906850814819,2.41030984733381e-05,5.38276090367162e-11,NA,NA
"poisson_mm",52,1000,0.24021315574646,0.516893148422241,0.251355171203613,1.04857796245916e-05,4.42862748059603e-06,NA,NA
"poisson_mm",53,1000,0.224392890930176,0.496284008026123,0.223752021789551,1.71497428471112e-05,1.60114711217352e-06,NA,NA
"poisson_mm",54,1000,0.218606948852539,0.474131107330322,0.254407167434692,1.8033807663409e-05,1.37689098078653e-06,NA,NA
"poisson_mm",55,1000,0.192739009857178,0.499851942062378,0.276981115341187,1.63615844374354e-05,2.79124532059916e-06,NA,NA
"poisson_mm",56,1000,0.268035888671875,0.483220100402832,0.247689962387085,2.10400793589915e-05,2.0441934698856e-06,NA,NA
"poisson_mm",57,1000,0.223209857940674,0.477638006210327,0.232567071914673,1.88843761947943e-05,8.58168360468037e-06,NA,NA
"poisson_mm",58,1000,0.20219898223877,0.546219825744629,0.268257856369019,1.29562186850785e-05,2.27454903589663e-06,NA,NA
"poisson_mm",59,1000,0.211302042007446,0.452852964401245,0.292045831680298,1.03652914782981e-05,7.2763046155e-07,NA,NA
"poisson_mm",60,1000,0.356485843658447,0.468003988265991,0.249115943908691,9.16801039213544e-06,8.01069836414703e-06,NA,NA
"poisson_mm",61,1000,0.22504997253418,0.490509986877441,0.210988998413086,1.79008391193447e-05,1.86865521789592e-06,NA,NA
"poisson_mm",62,1000,0.185713052749634,0.499124050140381,0.208879947662354,2.65214721826279e-05,8.06148081011759e-07,NA,NA
"poisson_mm",63,1000,0.204834938049316,0.454039812088013,0.242934942245483,1.58610266567383e-05,3.78030939884866e-14,NA,NA
"poisson_mm",64,1000,0.205782890319824,0.507634878158569,0.249873161315918,1.49968745953855e-05,1.04175557069652e-11,NA,NA
"poisson_mm",65,1000,0.214469194412231,0.479718923568726,0.22487211227417,1.25824433146182e-05,1.47798322144843e-06,NA,NA
"poisson_mm",66,1000,0.210469007492065,0.472939014434814,0.220474004745483,1.52256321856448e-05,1.53074999272307e-05,NA,NA
"poisson_mm",67,1000,0.199769020080566,0.486234903335571,0.245995998382568,2.20216168518861e-05,6.66060423121229e-07,NA,NA
"poisson_mm",68,1000,0.191694021224976,0.438143968582153,0.23338794708252,1.97315641662921e-05,1.66533453693773e-16,NA,NA
"poisson_mm",69,1000,0.183685064315796,0.49193286895752,0.215636014938354,2.6199179317149e-05,5.27078380940793e-14,NA,NA
"poisson_mm",70,1000,0.214028120040894,0.451385021209717,0.264736890792847,1.28734466824376e-05,5.77951431479651e-06,NA,NA
"poisson_mm",71,1000,0.273458957672119,0.458416938781738,0.256131887435913,7.09052953162814e-06,4.724122912525e-06,NA,NA
"poisson_mm",72,1000,0.239266872406006,0.538633823394775,0.228704214096069,1.39911469052567e-05,5.57747557811128e-06,NA,NA
"poisson_mm",73,1000,0.204923868179321,0.446072816848755,0.237767934799194,8.8074501538582e-06,2.48301379457416e-13,NA,NA
"poisson_mm",74,1000,0.197201013565063,0.463906764984131,0.215116024017334,2.07918465183199e-05,7.43510556400206e-07,NA,NA
"poisson_mm",75,1000,0.181879997253418,0.442660808563232,0.230532169342041,1.27697155096196e-05,1.08801856413265e-14,NA,NA
"poisson_mm",76,1000,0.278388977050781,0.457782983779907,0.249024152755737,1.27362460323188e-05,7.56085548161978e-06,NA,NA
"poisson_mm",77,1000,0.244223117828369,0.502686023712158,0.276634931564331,2.21149574402557e-05,1.19939432410843e-05,NA,NA
"poisson_mm",78,1000,0.239305973052979,0.489315986633301,0.229928016662598,8.88374784174806e-06,1.0116941823457e-06,NA,NA
"poisson_mm",79,1000,0.219840049743652,0.609580039978027,0.248466968536377,1.26753288029469e-05,1.88737914186277e-15,NA,NA
"poisson_mm",80,1000,0.23943018913269,0.6251540184021,0.260878086090088,1.53504360333456e-05,1.16872919120325e-06,NA,NA
"poisson_mm",81,1000,0.218765020370483,0.577616930007935,0.275474071502686,1.47059587086718e-05,2.99402129089188e-06,NA,NA
"poisson_mm",82,1000,0.242439985275269,0.511571168899536,0.27763295173645,2.53506463697151e-05,4.11465306271452e-12,NA,NA
"poisson_mm",83,1000,0.234201908111572,0.531239986419678,0.294595956802368,1.27654450984838e-05,8.44235185393227e-06,NA,NA
"poisson_mm",84,1000,0.245150804519653,0.539692163467407,0.219769954681396,1.87039937075695e-05,9.627424931824e-06,NA,NA
"poisson_mm",85,1000,0.310122966766357,0.539444923400879,0.317361116409302,1.51050358464522e-05,9.24741505481386e-07,NA,NA
"poisson_mm",86,1000,0.251739025115967,0.532433032989502,0.332891941070557,2.22723201054875e-05,4.87693219142216e-13,NA,NA
"poisson_mm",87,1000,0.271749019622803,0.662443876266479,0.342007160186768,6.68912646895059e-06,9.26291240199717e-06,NA,NA
"poisson_mm",88,1000,0.352910995483398,0.516174077987671,0.308855056762695,1.93616035388811e-05,1.08960344108455e-05,NA,NA
"poisson_mm",89,1000,0.22849702835083,0.530910015106201,0.322993993759155,2.97537023505878e-05,1.80386118905917e-06,NA,NA
"poisson_mm",90,1000,0.249381065368652,0.625792026519775,0.330390930175781,1.32053556299305e-05,2.96429547574917e-14,NA,NA
"poisson_mm",91,1000,0.325937032699585,0.541009902954102,0.380614995956421,1.28664048358318e-05,8.19914237293329e-06,NA,NA
"poisson_mm",92,1000,0.312532901763916,0.538326025009155,0.346399068832397,2.72323740494462e-05,1.31063852440438e-06,NA,NA
"poisson_mm",93,1000,0.294897079467773,0.558484077453613,0.309818029403687,3.17411252416799e-05,1.38292193966882e-05,NA,NA
"poisson_mm",94,1000,0.261332035064697,0.562488079071045,0.316737174987793,1.81533440972714e-05,6.01743144867939e-07,NA,NA
"poisson_mm",95,1000,0.282538175582886,0.50297212600708,0.324971914291382,1.51817433138857e-05,8.18234053123756e-07,NA,NA
"poisson_mm",96,1000,0.283951997756958,0.608630180358887,0.381673097610474,2.13807739284366e-05,3.75921516138078e-13,NA,NA
"poisson_mm",97,1000,0.227406978607178,0.582992076873779,0.292764902114868,2.31955002750264e-05,7.75450743878414e-06,NA,NA
"poisson_mm",98,1000,0.284862041473389,0.522366046905518,0.315375804901123,1.33928268346573e-05,9.8282493254942e-14,NA,NA
"poisson_mm",99,1000,0.27883505821228,0.543450832366943,0.335155963897705,1.26576376286713e-05,2.46205169457392e-06,NA,NA
"poisson_mm",100,1000,0.300410032272339,0.573135137557983,0.323580980300903,1.97727738674991e-05,8.6166100587981e-07,NA,NA
"poisson_mm",101,1000,0.258077144622803,0.644675970077515,0.353027820587158,4.07008836373832e-05,3.25179144211596e-06,NA,NA
"poisson_mm",102,1000,0.3732750415802,0.599315166473389,0.381652116775513,1.87782622997346e-05,7.49702292701659e-06,NA,NA
"poisson_mm",103,1000,0.306427001953125,0.590560913085938,0.399554967880249,2.32015063725555e-05,4.62039828452721e-07,NA,NA
"poisson_mm",104,1000,0.320023059844971,0.634209156036377,0.358131885528564,2.22175233371424e-05,1.49389599135574e-07,NA,NA
"poisson_mm",105,1000,0.348069906234741,0.540914058685303,0.316601037979126,2.69553119363053e-05,5.40393283965379e-06,NA,NA
"poisson_mm",106,1000,0.368895053863525,0.588497161865234,0.359998941421509,9.83953600047771e-06,3.84198314801187e-06,NA,NA
"poisson_mm",107,1000,0.230621099472046,0.603267908096313,0.347028970718384,1.63394040204601e-05,2.22044604925031e-16,NA,NA
"poisson_mm",108,1000,0.276550054550171,0.605131149291992,0.326611042022705,1.92890637755738e-05,4.44089209850063e-16,NA,NA
"poisson_mm",109,1000,0.328812122344971,0.672291994094849,0.347295999526978,2.45079968312356e-05,5.47339951140202e-14,NA,NA
"poisson_mm",110,1000,0.277579069137573,0.605581998825073,0.301319122314453,2.807867558835e-05,6.88338275267597e-15,NA,NA
"poisson_mm",111,1000,0.303784847259521,0.552119970321655,0.322703123092651,1.05767249579392e-05,5.39669355509309e-06,NA,NA
"poisson_mm",112,1000,0.343208074569702,0.599812030792236,0.384608030319214,1.34552799583854e-05,8.80974986600114e-06,NA,NA
"poisson_mm",113,1000,0.303838968276978,0.623142957687378,0.42692494392395,1.64036670204371e-05,7.66222993653365e-06,NA,NA
"poisson_mm",114,1000,0.328695058822632,0.651994943618774,0.30893611907959,2.13742836912001e-05,1.39457556523892e-05,NA,NA
"poisson_mm",115,1000,0.343346118927002,0.620634078979492,0.372794151306152,2.01764697612683e-05,6.11012491810725e-06,NA,NA
"poisson_mm",116,1000,0.354502201080322,0.596611976623535,0.303412199020386,7.54799109181636e-06,3.44994907813811e-06,NA,NA
"poisson_mm",117,1000,0.329226016998291,0.608664035797119,0.353600025177002,1.30577642107332e-05,3.6327439322803e-06,NA,NA
"poisson_mm",118,1000,0.281358003616333,0.551468133926392,0.290829181671143,1.95467038552333e-05,4.36317648677687e-14,NA,NA
"poisson_mm",119,1000,0.281643152236938,0.503618955612183,0.346264123916626,1.85312355790446e-05,1.54896090970302e-06,NA,NA
"poisson_mm",120,1000,0.317336082458496,0.615669965744019,0.354375123977661,1.07107578972698e-05,2.85669935601307e-06,NA,NA
"poisson_mm",121,1000,0.27130913734436,0.56395697593689,0.349921941757202,8.63107385817852e-06,2.22044604925031e-14,NA,NA
"poisson_mm",122,1000,0.290266990661621,0.533624887466431,0.298214912414551,2.87810967618818e-05,6.67921464547749e-06,NA,NA
"poisson_mm",123,1000,0.317585945129395,0.569139957427979,0.280111074447632,2.53719499412886e-05,1.70814447221501e-06,NA,NA
"poisson_mm",124,1000,0.275683879852295,0.616255044937134,0.342952013015747,1.53070078883211e-05,3.57445222087804e-06,NA,NA
"poisson_mm",125,1000,0.271858215332031,0.60151195526123,0.353304862976074,1.27708114256997e-05,1.94289029309402e-15,NA,NA
"poisson_mm",126,1000,0.297943115234375,0.535676002502441,0.267378091812134,1.20561056080049e-05,1.73044346896134e-06,NA,NA
"poisson_mm",127,1000,0.316882133483887,0.497435092926025,0.295018196105957,2.86863438903051e-05,5.75461900353957e-12,NA,NA
"poisson_mm",128,1000,0.24576997756958,0.655526876449585,0.281865119934082,2.19819746863914e-05,2.72004641033163e-15,NA,NA
"poisson_mm",129,1000,0.258877992630005,0.543307065963745,0.336647987365723,1.56398430617433e-05,1.9575966699048e-06,NA,NA
"poisson_mm",130,1000,0.251989126205444,0.51764988899231,0.28262186050415,2.14629303715852e-05,1.06080202366132e-05,NA,NA
"poisson_mm",131,1000,0.295341014862061,0.518716812133789,0.316894054412842,1.51813779343257e-05,1.36777970044522e-06,NA,NA
"poisson_mm",132,1000,0.326918125152588,0.547588109970093,0.326923847198486,1.90735720085322e-05,7.49400541621981e-15,NA,NA
"poisson_mm",133,1000,0.218171119689941,0.532413005828857,0.217318058013916,4.84757244351222e-05,5.33431410210117e-07,NA,NA
"poisson_mm",134,1000,0.196158885955811,0.475037097930908,0.275959968566895,1.00716522465905e-05,1.38306033292679e-13,NA,NA
"poisson_mm",135,1000,0.310880184173584,0.564399003982544,0.321346998214722,1.39790065407097e-05,1.85307571691773e-05,NA,NA
"poisson_mm",136,1000,0.238027095794678,0.522742986679077,0.270453929901123,7.9343315694258e-06,1.08918951191583e-06,NA,NA
"poisson_mm",137,1000,0.277863025665283,0.544859886169434,0.337549924850464,1.64961927457963e-05,2.9467057557353e-06,NA,NA
"poisson_mm",138,1000,0.278197050094604,0.50385308265686,0.269259929656982,2.80982230987242e-05,4.89476491238872e-06,NA,NA
"poisson_mm",139,1000,0.297220945358276,0.501132011413574,0.258469104766846,2.95288476674926e-05,5.78347686297498e-07,NA,NA
"poisson_mm",140,1000,0.202332019805908,0.584047079086304,0.274492979049683,1.33094858518201e-05,5.32907051820075e-15,NA,NA
"poisson_mm",141,1000,0.326578855514526,0.590083837509155,0.322590112686157,1.55880730420832e-05,3.33834673016398e-07,NA,NA
"poisson_mm",142,1000,0.289632081985474,0.491658926010132,0.297465801239014,2.49498953783789e-05,1.28813982727682e-06,NA,NA
"poisson_mm",143,1000,0.328775882720947,0.6454758644104,0.264304876327515,2.23283548735909e-05,2.05946371067967e-14,NA,NA
"poisson_mm",144,1000,0.206001996994019,0.487484931945801,0.331151008605957,1.68584804828842e-05,5.5622758602103e-06,NA,NA
"poisson_mm",145,1000,0.306031227111816,0.565666913986206,0.259469985961914,1.08795197504841e-05,3.06993878249062e-06,NA,NA
"poisson_mm",146,1000,0.277940034866333,0.533195972442627,0.308763027191162,1.63516102141548e-05,1.63043501361093e-06,NA,NA
"poisson_mm",147,1000,0.280012130737305,0.562850952148438,0.253963947296143,1.26347816267192e-05,2.90142515535496e-06,NA,NA
"poisson_mm",148,1000,0.256319999694824,0.524135828018188,0.288558006286621,2.60427104576966e-05,3.69593244897715e-13,NA,NA
"poisson_mm",149,1000,0.307374954223633,0.606770992279053,0.30071496963501,2.35186207529769e-05,7.84241548082432e-06,NA,NA
"poisson_mm",150,1000,0.254750967025757,0.665882110595703,0.307357788085938,2.59631312642117e-05,1.37100694591608e-06,NA,NA
"poisson_mm",151,1000,0.31125807762146,0.510823011398315,0.361606121063232,1.628586431901e-05,5.1149587750321e-06,NA,NA
"poisson_mm",152,1000,0.353332996368408,0.479346990585327,0.323226928710938,1.46454100938276e-05,9.92549998696246e-06,NA,NA
"poisson_mm",153,1000,0.255060911178589,0.556241989135742,0.383767127990723,2.23220137643421e-05,1.94955163124177e-13,NA,NA
"poisson_mm",154,1000,0.256986141204834,0.642319202423096,0.252694129943848,1.46084185239093e-05,1.4486436937855e-05,NA,NA
"poisson_mm",155,1000,0.281319856643677,0.534600973129272,0.304075002670288,1.67282459154205e-05,4.44089209850063e-16,NA,NA
"poisson_mm",156,1000,0.279608964920044,0.54101300239563,0.315231800079346,2.60480915314221e-05,9.37028232783632e-14,NA,NA
"poisson_mm",157,1000,0.342901229858398,0.554407119750977,0.306763887405396,2.62300402071808e-05,1.72278138159676e-05,NA,NA
"poisson_mm",158,1000,0.306848049163818,0.534428119659424,0.307084083557129,2.35688805625411e-05,4.44087129702897e-06,NA,NA
"poisson_mm",159,1000,0.373857975006104,0.588643074035645,0.265453815460205,8.48408224246588e-06,1.86943818988872e-05,NA,NA
"poisson_mm",160,1000,0.291578054428101,0.576004981994629,0.273552894592285,2.00310776080626e-05,1.67643676718399e-14,NA,NA
"binomial_mm",1,1000,0.393739938735962,0.696854829788208,0.560776948928833,3.91739127403312e-05,6.45627419953998e-06,NA,NA
"binomial_mm",2,1000,0.385308027267456,0.620609045028687,0.554490089416504,2.97122455024112e-05,2.18713935851156e-14,NA,NA
"binomial_mm",3,1000,0.365241050720215,0.552528142929077,0.550184011459351,5.92089417937869e-05,2.90933943603022e-12,NA,NA
"binomial_mm",4,1000,0.300826787948608,0.539159059524536,0.447461843490601,6.74897877100955e-05,5.99520433297585e-14,NA,NA
"binomial_mm",5,1000,0.371259927749634,0.515029191970825,0.497828006744385,9.14439673604939e-06,2.90045765183322e-15,NA,NA
"binomial_mm",6,1000,0.399598121643066,0.752602100372314,0.531354904174805,6.7379916273369e-05,2.72556724352224e-05,NA,NA
"binomial_mm",7,1000,0.392662763595581,0.55539608001709,0.515417098999023,3.64640325358767e-05,7.98902610732455e-13,NA,NA
"binomial_mm",8,1000,0.419471979141235,0.596737861633301,0.527755975723267,3.12171914960135e-05,5.36315530863529e-06,NA,NA
"binomial_mm",9,1000,0.314706087112427,0.67467188835144,0.518868923187256,2.39762261272647e-05,1.11022302462516e-16,NA,NA
"binomial_mm",10,1000,0.379315853118896,0.671355009078979,0.487737894058228,1.40497951950369e-05,6.33929680420031e-06,NA,NA
"binomial_mm",11,1000,0.31049108505249,0.597337007522583,0.496757030487061,3.75184238297632e-05,5.09232933598724e-11,NA,NA
"binomial_mm",12,1000,0.33296799659729,0.566097021102905,0.517158985137939,7.30250138242239e-05,4.44003167565654e-12,NA,NA
"binomial_mm",13,1000,0.368514060974121,0.579254865646362,0.494590997695923,3.52237006611134e-05,1.4989495755735e-10,NA,NA
"binomial_mm",14,1000,0.356909036636353,0.546559810638428,0.467243909835815,5.10791649941389e-05,1.24560209637248e-05,NA,NA
"binomial_mm",15,1000,0.394069910049438,0.577564001083374,0.558397054672241,8.33558048590755e-05,7.82047070002623e-06,NA,NA
"binomial_mm",16,1000,0.366892099380493,0.641356945037842,0.494774103164673,2.46047301070695e-05,1.36002320516582e-15,NA,NA
"binomial_mm",17,1000,0.39158296585083,0.738790988922119,0.434580087661743,5.91166027030798e-05,1.6775942403624e-05,NA,NA
"binomial_mm",18,1000,0.310305118560791,0.632645845413208,0.494917869567871,1.22689251146335e-05,2.94209101525666e-15,NA,NA
"binomial_mm",19,1000,0.341389894485474,0.555946826934814,0.506726026535034,1.30369218844795e-05,1.08856288738579e-05,NA,NA
"binomial_mm",20,1000,0.354510068893433,0.578273057937622,0.535619020462036,1.10823352560963e-05,1.65978342181461e-14,NA,NA
"binomial_mm",21,1000,0.350522994995117,0.600174903869629,0.577045202255249,2.53026597071271e-05,4.55191440096314e-14,NA,NA
"binomial_mm",22,1000,0.384957790374756,0.553313016891479,0.514043092727661,3.85028870120152e-05,2.10584914753231e-05,NA,NA
"binomial_mm",23,1000,0.373456954956055,0.544219970703125,0.507668018341064,5.37211247003677e-05,2.65833727264297e-06,NA,NA
"binomial_mm",24,1000,0.35103702545166,0.563346147537231,0.48445200920105,3.3356271728513e-05,7.73719212221469e-06,NA,NA
"binomial_mm",25,1000,0.322638034820557,0.494385004043579,0.470284938812256,2.53051855262365e-05,2.70450328798688e-13,NA,NA
"binomial_mm",26,1000,0.409907102584839,0.467319965362549,0.561667919158936,3.93677735941456e-05,1.20244808363701e-05,NA,NA
"binomial_mm",27,1000,0.341629028320312,0.530625820159912,0.582458019256592,3.10901657696316e-05,4.31382602654462e-06,NA,NA
"binomial_mm",28,1000,0.378796100616455,0.487294912338257,0.473011016845703,3.51774892746182e-05,1.10082737322381e-05,NA,NA
"binomial_mm",29,1000,0.355972051620483,0.513318061828613,0.508858919143677,3.07062098706679e-05,8.48606217546122e-06,NA,NA
"binomial_mm",30,1000,0.382646083831787,0.543106079101562,0.509449005126953,1.94773779773616e-05,1.48453809704074e-05,NA,NA
"binomial_mm",31,1000,0.382232189178467,0.582783937454224,0.469581842422485,1.12181551709667e-05,1.94516406096246e-05,NA,NA
"binomial_mm",32,1000,0.378919124603271,0.584557056427002,0.535910129547119,4.45608026320432e-05,9.58177981402741e-13,NA,NA
"binomial_mm",33,1000,0.359784126281738,0.685851097106934,0.530074119567871,2.24760828244075e-05,6.07899904708775e-06,NA,NA
"binomial_mm",34,1000,0.353637933731079,0.535140037536621,0.511666059494019,5.0390825363289e-05,4.12447853648246e-14,NA,NA
"binomial_mm",35,1000,0.396430015563965,0.545619964599609,0.492470026016235,8.63391886399834e-05,9.52690514521848e-06,NA,NA
"binomial_mm",36,1000,0.372267961502075,0.566282033920288,0.488090991973877,4.23497111149418e-05,3.48306958508626e-06,NA,NA
"binomial_mm",37,1000,0.310908079147339,0.749320983886719,0.546619892120361,1.01743797452092e-05,2.22044604925031e-16,NA,NA
"binomial_mm",38,1000,0.38849401473999,0.731829881668091,0.510177850723267,3.05620848983224e-05,1.11022302462516e-16,NA,NA
"binomial_mm",39,1000,0.385072231292725,0.599056959152222,0.556724071502686,1.47447753285346e-05,7.7715611723761e-16,NA,NA
"binomial_mm",40,1000,0.43739914894104,0.621438026428223,0.556271076202393,1.60632038280761e-05,4.43738820399275e-06,NA,NA
"binomial_mm",41,1000,0.372210025787354,0.663510084152222,0.527898073196411,7.78181147942369e-06,1.72084568816899e-14,NA,NA
"binomial_mm",42,1000,0.396811962127686,0.708634853363037,0.496485948562622,2.88937017690616e-05,5.18950066091817e-06,NA,NA
"binomial_mm",43,1000,0.376316070556641,0.608375072479248,0.469220876693726,5.16768646219856e-05,1.594739804478e-05,NA,NA
"binomial_mm",44,1000,0.368354082107544,0.542479038238525,0.443892002105713,2.80374053765464e-05,9.00697016792407e-06,NA,NA
"binomial_mm",45,1000,0.355501174926758,0.593265056610107,0.507126092910767,6.70430243867592e-05,9.33389076485103e-06,NA,NA
"binomial_mm",46,1000,0.424813985824585,0.497990131378174,0.551242828369141,1.77262481749207e-05,8.89475755955216e-06,NA,NA
"binomial_mm",47,1000,0.356093883514404,0.597057104110718,0.499869823455811,1.93545143855611e-05,1.18582921260213e-12,NA,NA
"binomial_mm",48,1000,0.464711904525757,0.525645017623901,0.562402963638306,4.92674563467022e-05,2.14655231416394e-05,NA,NA
"binomial_mm",49,1000,0.378266096115112,0.587212085723877,0.451609134674072,4.16780923083726e-05,1.48817457482908e-05,NA,NA
"binomial_mm",50,1000,0.383189916610718,0.594748973846436,0.563627004623413,3.94058368166639e-05,9.91471768774232e-06,NA,NA
"binomial_mm",51,1000,0.406156063079834,0.521904945373535,0.481826066970825,1.13680218432888e-05,3.35327285327924e-06,NA,NA
"binomial_mm",52,1000,0.360654830932617,0.625158071517944,0.494029998779297,1.46332814847105e-05,5.78373289919498e-06,NA,NA
"binomial_mm",53,1000,0.319229125976562,0.607181072235107,0.582354068756104,2.8056183813574e-05,2.33146835171283e-15,NA,NA
"binomial_mm",54,1000,0.379163980484009,0.644953012466431,0.496298789978027,3.66585835188116e-05,1.82576176399607e-12,NA,NA
"binomial_mm",55,1000,0.356254816055298,0.483737945556641,0.493165969848633,4.4539963671153e-05,8.08242361927114e-13,NA,NA
"binomial_mm",56,1000,0.361515045166016,0.744919061660767,0.503844976425171,2.58136832201883e-05,1.94289029309402e-16,NA,NA
"binomial_mm",57,1000,0.386003017425537,0.595295906066895,0.548728942871094,2.57642776516631e-05,2.77555756156289e-16,NA,NA
"binomial_mm",58,1000,0.405393123626709,0.616272926330566,0.541460037231445,2.13723914762043e-05,1.42850158586505e-05,NA,NA
"binomial_mm",59,1000,0.426208972930908,0.684316158294678,0.595155000686646,2.58614145225433e-05,1.40883873584463e-05,NA,NA
"binomial_mm",60,1000,0.373399972915649,0.526776075363159,0.566231966018677,3.8324015917357e-05,2.92482704722374e-12,NA,NA
"binomial_mm",61,1000,0.34984302520752,0.507878065109253,0.513832092285156,2.73353046031932e-05,3.79474229816879e-13,NA,NA
"binomial_mm",62,1000,0.336474895477295,0.561080932617188,0.511015176773071,1.95000386328248e-05,1.08246744900953e-14,NA,NA
"binomial_mm",63,1000,0.349876880645752,0.624941110610962,0.563299894332886,1.95365231945854e-05,2.07954888348516e-05,NA,NA
"binomial_mm",64,1000,0.38575005531311,0.567451000213623,0.476922035217285,1.44846014741851e-05,1.52378110129803e-12,NA,NA
"binomial_mm",65,1000,0.396806955337524,0.516385078430176,0.486480951309204,5.23782767776204e-05,5.13311705541142e-06,NA,NA
"binomial_mm",66,1000,0.357421875,0.555315017700195,0.493769884109497,1.79489771033881e-05,3.92891622114089e-06,NA,NA
"binomial_mm",67,1000,0.304724931716919,0.61859917640686,0.479187965393066,5.23764520083403e-05,3.15895565888846e-06,NA,NA
"binomial_mm",68,1000,0.448909044265747,0.615386009216309,0.498332023620605,1.39958281351604e-05,8.81272876152028e-06,NA,NA
"binomial_mm",69,1000,0.365965127944946,0.603840827941895,0.457231998443604,1.97854748013038e-05,1.33810857614047e-05,NA,NA
"binomial_mm",70,1000,0.389706134796143,0.643579959869385,0.523734092712402,3.82106799866611e-05,1.39431898678322e-05,NA,NA
"binomial_mm",71,1000,0.320321083068848,0.489627122879028,0.518272876739502,2.06139024756524e-05,1.00636166067147e-12,NA,NA
"binomial_mm",72,1000,0.432776927947998,0.708157062530518,0.514942169189453,4.10581056494164e-05,2.39744729225166e-05,NA,NA
"binomial_mm",73,1000,0.315226078033447,0.541220903396606,0.450146198272705,3.78265785703769e-05,9.18243261699425e-06,NA,NA
"binomial_mm",74,1000,0.378972053527832,0.540185928344727,0.494912147521973,1.52495810770148e-05,7.7715611723761e-16,NA,NA
"binomial_mm",75,1000,0.387524127960205,0.600433111190796,0.605947971343994,0.000133869487381921,1.25641358300621e-05,NA,NA
"binomial_mm",76,1000,0.333971977233887,0.592844009399414,0.473273992538452,1.9582033641552e-05,1.93567384343396e-13,NA,NA
"binomial_mm",77,1000,0.357095956802368,0.555134057998657,0.540731906890869,2.300063619326e-05,2.89438948885001e-05,NA,NA
"binomial_mm",78,1000,0.382102012634277,0.544867038726807,0.488030910491943,3.72304092486897e-05,8.1669114823657e-06,NA,NA
"binomial_mm",79,1000,0.378804922103882,0.509273052215576,0.539075136184692,4.01208057465574e-05,2.71442868182703e-11,NA,NA
"binomial_mm",80,1000,0.368155002593994,0.619217872619629,0.568172931671143,2.1010565907198e-05,8.17135298397664e-06,NA,NA
"binomial_mm",81,1000,0.376270055770874,0.553575992584229,0.509350061416626,2.34372055190057e-05,1.65846503197287e-13,NA,NA
"binomial_mm",82,1000,0.30453896522522,0.635205984115601,0.473857879638672,1.94910197952591e-05,1.11022302462516e-16,NA,NA
"binomial_mm",83,1000,0.393969058990479,0.567943096160889,0.487518072128296,8.12482843262075e-05,8.47308334606112e-14,NA,NA
"binomial_mm",84,1000,0.369883060455322,0.730500936508179,0.559788942337036,2.12619346229848e-05,2.16503703853732e-10,NA,NA
"binomial_mm",85,1000,0.360008001327515,0.606220006942749,0.591683864593506,1.63186001041482e-05,3.23900149740153e-06,NA,NA
"binomial_mm",86,1000,0.371723175048828,0.625149965286255,0.49059796333313,2.56561345592932e-05,1.2909118218829e-12,NA,NA
"binomial_mm",87,1000,0.351903915405273,0.601483106613159,0.545669078826904,2.04789080046064e-05,4.57273108267486e-14,NA,NA
"binomial_mm",88,1000,0.311490058898926,0.560384035110474,0.487072944641113,1.90079845731606e-05,1.19348975147204e-14,NA,NA
"binomial_mm",89,1000,0.374261856079102,0.482790946960449,0.515864849090576,1.48995785637651e-05,1.11022302462516e-16,NA,NA
"binomial_mm",90,1000,0.418977975845337,0.575990915298462,0.500977993011475,1.1248515680462e-05,2.54284929118165e-05,NA,NA
"binomial_mm",91,1000,0.333043098449707,0.505254030227661,0.469631910324097,2.32785784431977e-05,9.75818182702426e-06,NA,NA
"binomial_mm",92,1000,0.319278955459595,0.527368068695068,0.415680885314941,0.000119898664335372,1.41432525482266e-05,NA,NA
"binomial_mm",93,1000,0.34583306312561,0.672192096710205,0.509279012680054,3.99540068490856e-06,7.54951656745106e-15,NA,NA
"binomial_mm",94,1000,0.377548933029175,0.624831199645996,0.498865127563477,3.66795265929198e-05,3.4636269267696e-06,NA,NA
"binomial_mm",95,1000,0.394639015197754,0.611356019973755,0.505638122558594,4.74773055723077e-05,1.71945354593972e-05,NA,NA
"binomial_mm",96,1000,0.353104114532471,0.600904941558838,0.523759126663208,3.44567294133236e-05,3.49798412457858e-10,NA,NA
"binomial_mm",97,1000,0.358881950378418,0.562552928924561,0.458539009094238,8.86273608835531e-06,5.36885333102255e-06,NA,NA
"binomial_mm",98,1000,0.379414081573486,0.523998975753784,0.468178033828735,4.78251152812303e-05,1.23539341516654e-05,NA,NA
"binomial_mm",99,1000,0.381989002227783,0.558298110961914,0.504960060119629,1.38668944234532e-05,1.27675647831893e-15,NA,NA
"binomial_mm",100,1000,0.347355127334595,0.553200960159302,0.408691167831421,7.10428621407133e-05,1.53739859432567e-05,NA,NA
"binomial_mm",101,1000,0.32262396812439,0.556627035140991,0.490968942642212,2.56787649450252e-05,5.76760861292769e-14,NA,NA
"binomial_mm",102,1000,0.333706140518188,0.616907119750977,0.49711799621582,2.14849938143802e-05,3.90837362473917e-12,NA,NA
"binomial_mm",103,1000,0.35393500328064,0.664334058761597,0.518895149230957,7.14260586032189e-06,6.29244964522879e-06,NA,NA
"binomial_mm",104,1000,0.346521139144897,0.577311038970947,0.488862037658691,1.1527373587561e-05,4.31321645066873e-14,NA,NA
"binomial_mm",105,1000,0.352865934371948,0.634077072143555,0.538375854492188,5.05639247314615e-05,2.05661043750638e-11,NA,NA
"binomial_mm",106,1000,0.367547035217285,0.534065961837769,0.492202043533325,9.85756819832373e-06,1.09087514555961e-05,NA,NA
"binomial_mm",107,1000,0.371044158935547,0.488577127456665,0.530094861984253,3.95887756104996e-05,1.14559473018971e-11,NA,NA
"binomial_mm",108,1000,0.36676287651062,0.60161304473877,0.489176988601685,1.62745970560541e-05,1.62428380651169e-05,NA,NA
"binomial_mm",109,1000,0.328839063644409,0.460376977920532,0.453402996063232,1.39111929771119e-05,1.02140518265514e-14,NA,NA
"binomial_mm",110,1000,0.317661046981812,0.468523979187012,0.441553115844727,2.50945569362782e-05,4.66848781854878e-14,NA,NA
"binomial_mm",111,1000,0.31368613243103,0.548374891281128,0.485683917999268,2.4642438926803e-05,1.06858966120171e-13,NA,NA
"binomial_mm",112,1000,0.398648023605347,0.521152019500732,0.497275114059448,1.05419223844216e-05,2.35644836976689e-13,NA,NA
"binomial_mm",113,1000,0.333637952804565,0.484434127807617,0.521745920181274,3.29842514776302e-05,1.17766907337113e-13,NA,NA
"binomial_mm",114,1000,0.321053028106689,0.575763940811157,0.49534010887146,1.5700077873021e-05,3.29852125352526e-06,NA,NA
"binomial_mm",115,1000,0.351818084716797,0.593257904052734,0.566166877746582,5.44258661612229e-05,1.48576706493486e-11,NA,NA
"binomial_mm",116,1000,0.341432094573975,0.581459045410156,0.492012977600098,4.70591392112141e-05,1.60146895744617e-12,NA,NA
"binomial_mm",117,1000,0.374245882034302,0.511744022369385,0.544485092163086,6.84420034688937e-05,1.46814791538441e-05,NA,NA
"binomial_mm",118,1000,0.371027946472168,0.721638917922974,0.503894805908203,3.46206084713696e-05,1.73594498560081e-05,NA,NA
"binomial_mm",119,1000,0.369654893875122,0.599750995635986,0.589011192321777,3.27385718915107e-05,7.9658502016855e-14,NA,NA
"binomial_mm",120,1000,0.362996101379395,0.574177026748657,0.486764907836914,1.63141107966114e-05,1.80963577456339e-12,NA,NA
"binomial_mm",121,1000,0.366424083709717,0.625416040420532,0.468479871749878,3.44795435168188e-05,5.82347631206126e-06,NA,NA
"binomial_mm",122,1000,0.326380014419556,0.582112073898315,0.53050708770752,2.6136365103957e-05,3.88008806051499e-06,NA,NA
"binomial_mm",123,1000,0.334017038345337,0.528381824493408,0.498655080795288,1.34220120717177e-05,1.9595436384634e-14,NA,NA
"binomial_mm",124,1000,0.34194803237915,0.573635101318359,0.427349090576172,1.74697430880277e-05,1.29135591109275e-12,NA,NA
"binomial_mm",125,1000,0.375291109085083,0.702371835708618,0.566601991653442,1.67914016320214e-05,5.61614702809798e-06,NA,NA
"binomial_mm",126,1000,0.416430950164795,0.772285938262939,0.51268196105957,1.97557185613872e-05,1.00475183728577e-13,NA,NA
"binomial_mm",127,1000,0.373137950897217,0.568480014801025,0.686243057250977,4.60131043980017e-05,5.04494910841258e-06,NA,NA
"binomial_mm",128,1000,0.340946197509766,0.557888984680176,0.517184019088745,2.5333281292339e-05,3.7381209239129e-13,NA,NA
"binomial_mm",129,1000,0.313011884689331,0.556807041168213,0.442631959915161,2.41997342992351e-05,8.75580061288073e-06,NA,NA
"binomial_mm",130,1000,0.325870990753174,0.584885120391846,0.425871133804321,3.43775680756164e-05,7.43674316713849e-06,NA,NA
"binomial_mm",131,1000,0.363139867782593,0.432046890258789,0.494487047195435,2.74704895327771e-05,2.70339306496226e-14,NA,NA
"binomial_mm",132,1000,0.355036020278931,0.557449817657471,0.44507908821106,4.96357217494303e-06,4.66293670342566e-15,NA,NA
"binomial_mm",133,1000,0.311027050018311,0.500564098358154,0.506474018096924,3.62743498480977e-05,5.55111512312578e-16,NA,NA
"binomial_mm",134,1000,0.357069969177246,0.436911106109619,0.501622200012207,1.6757779141674e-05,7.31392613709247e-06,NA,NA
"binomial_mm",135,1000,0.34113621711731,0.467753887176514,0.518447875976562,3.57028037153428e-05,2.87676822452454e-06,NA,NA
"binomial_mm",136,1000,0.303097009658813,0.636888980865479,0.427855014801025,5.16279701774369e-05,2.1493917756743e-13,NA,NA
"binomial_mm",137,1000,0.343245983123779,0.628302097320557,0.46699595451355,5.74355178581953e-05,7.65368580968318e-06,NA,NA
"binomial_mm",138,1000,0.381153106689453,0.430046081542969,0.476433992385864,2.55263821093976e-05,4.88800666609279e-12,NA,NA
"binomial_mm",139,1000,0.328145027160645,0.531798124313354,0.492624998092651,3.12730242804093e-05,5.77410341762175e-12,NA,NA
"binomial_mm",140,1000,0.314378023147583,0.569637060165405,0.478664875030518,3.05831990866645e-05,3.91761821424974e-06,NA,NA
"binomial_mm",141,1000,0.311131954193115,0.4985671043396,0.456162929534912,1.42522244358512e-05,7.40629779727442e-13,NA,NA
"binomial_mm",142,1000,0.314525842666626,0.499166965484619,0.399406909942627,4.77323080393388e-05,1.42463578560181e-05,NA,NA
"binomial_mm",143,1000,0.348777055740356,0.531697034835815,0.520850896835327,3.2928461684123e-05,7.61367337653862e-06,NA,NA
"binomial_mm",144,1000,0.382983922958374,0.501585960388184,0.509706020355225,1.36476934752827e-05,1.19048976371938e-05,NA,NA
"binomial_mm",145,1000,0.340544939041138,0.553334951400757,0.479974985122681,8.96623204756919e-05,1.30218328475706e-05,NA,NA
"binomial_mm",146,1000,0.341881990432739,0.59397292137146,0.516026020050049,3.32298750768123e-05,7.91912356701285e-06,NA,NA
"binomial_mm",147,1000,0.285094022750854,0.514088153839111,0.468189001083374,0.000106554674567105,1.11022302462516e-16,NA,NA
"binomial_mm",148,1000,0.298669099807739,0.525990009307861,0.453182935714722,3.80965029813107e-05,2.83463807981832e-10,NA,NA
"binomial_mm",149,1000,0.313539981842041,0.558091878890991,0.436507225036621,1.17253543842621e-05,6.20086195704528e-06,NA,NA
"binomial_mm",150,1000,0.285631895065308,0.47856616973877,0.504634141921997,2.43532715529238e-05,1.44884104713583e-14,NA,NA
"binomial_mm",151,1000,0.346885919570923,0.548187017440796,0.470489978790283,1.86314634049167e-05,1.64436837212234e-05,NA,NA
"binomial_mm",152,1000,0.3594069480896,0.524366140365601,0.480618000030518,4.32888853282853e-05,2.17229932169272e-05,NA,NA
"binomial_mm",153,1000,0.297919034957886,0.687703847885132,0.465559959411621,2.06006116891255e-05,2.22044604925031e-15,NA,NA
"binomial_mm",154,1000,0.344802141189575,0.534630060195923,0.470461130142212,1.34921333057036e-05,1.74703282396216e-09,NA,NA
"binomial_mm",155,1000,0.351445913314819,0.568520069122314,0.522536039352417,1.66771572745472e-05,8.82039450705863e-06,NA,NA
"binomial_mm",156,1000,0.313206911087036,0.544213056564331,0.419491052627563,1.60166609259882e-05,5.55111512312578e-16,NA,NA
"binomial_mm",157,1000,0.340370893478394,0.508641004562378,0.519568204879761,1.86350164044224e-05,4.53153070623102e-11,NA,NA
"binomial_mm",158,1000,0.360280990600586,0.546019077301025,0.479383945465088,4.37028932626093e-05,9.32521802454733e-06,NA,NA
"binomial_mm",159,1000,0.378384113311768,0.666481971740723,0.460380077362061,1.22369476636131e-05,1.42970436370349e-05,NA,NA
"binomial_mm",160,1000,0.331726789474487,0.510387897491455,0.459425926208496,3.70600200667592e-05,2.65499561091787e-06,NA,NA
"multinom_fixed_J3",1,1000,0.160643100738525,NA,NA,NA,NA,0.0224490165710449,6.35807185310755e-05
"multinom_fixed_J3",2,1000,0.157353162765503,NA,NA,NA,NA,0.0180630683898926,4.5036256040909e-05
"multinom_fixed_J3",3,1000,0.153742074966431,NA,NA,NA,NA,0.0188398361206055,2.10134946105889e-05
"multinom_fixed_J3",4,1000,0.207943916320801,NA,NA,NA,NA,0.019089937210083,2.41410929918695e-05
"multinom_fixed_J3",5,1000,0.149677991867065,NA,NA,NA,NA,0.0156190395355225,3.28892732093244e-05
"multinom_fixed_J3",6,1000,0.158291101455688,NA,NA,NA,NA,0.0183379650115967,0.000163073260416091
"multinom_fixed_J3",7,1000,0.19103479385376,NA,NA,NA,NA,0.0184030532836914,1.40195108477847e-05
"multinom_fixed_J3",8,1000,0.15945291519165,NA,NA,NA,NA,0.0176441669464111,4.90437068154659e-05
"multinom_fixed_J3",9,1000,0.211117029190063,NA,NA,NA,NA,0.0175390243530273,5.18470678257943e-05
"multinom_fixed_J3",10,1000,0.154642105102539,NA,NA,NA,NA,0.0169510841369629,3.72810721124273e-05
"multinom_fixed_J3",11,1000,0.16727614402771,NA,NA,NA,NA,0.0187921524047852,7.76480054534012e-05
"multinom_fixed_J3",12,1000,0.156544208526611,NA,NA,NA,NA,0.0181760787963867,4.80860970745178e-05
"multinom_fixed_J3",13,1000,0.16224193572998,NA,NA,NA,NA,0.0171308517456055,5.42934030969833e-05
"multinom_fixed_J3",14,1000,0.165893077850342,NA,NA,NA,NA,0.0165820121765137,4.49983137478238e-05
"multinom_fixed_J3",15,1000,0.186582088470459,NA,NA,NA,NA,0.0171668529510498,3.05662680990526e-05
"multinom_fixed_J3",16,1000,0.152091979980469,NA,NA,NA,NA,0.0161409378051758,0.000226076989143897
"multinom_fixed_J3",17,1000,0.231411933898926,NA,NA,NA,NA,0.0184378623962402,0.000160718177274033
"multinom_fixed_J3",18,1000,0.163740873336792,NA,NA,NA,NA,0.0173289775848389,4.77309747712873e-05
"multinom_fixed_J3",19,1000,0.183669090270996,NA,NA,NA,NA,0.0187320709228516,8.07255860284517e-05
"multinom_fixed_J3",20,1000,0.16434383392334,NA,NA,NA,NA,0.0158960819244385,3.56852442164046e-05
"multinom_fixed_J3",21,1000,0.16119909286499,NA,NA,NA,NA,0.0185348987579346,9.60333697166416e-05
"multinom_fixed_J3",22,1000,0.15802001953125,NA,NA,NA,NA,0.0172290802001953,4.65783429265398e-05
"multinom_fixed_J3",23,1000,0.170815944671631,NA,NA,NA,NA,0.017808198928833,5.23377590549989e-05
"multinom_fixed_J3",24,1000,0.159029960632324,NA,NA,NA,NA,0.0184450149536133,5.14254899202093e-05
"multinom_fixed_J3",25,1000,0.16031289100647,NA,NA,NA,NA,0.0206990242004395,2.16822892897678e-05
"multinom_fixed_J3",26,1000,0.194716930389404,NA,NA,NA,NA,0.0178458690643311,0.000163785471554601
"multinom_fixed_J3",27,1000,0.165761947631836,NA,NA,NA,NA,0.017765998840332,0.00012953078726019
"multinom_fixed_J3",28,1000,0.163075923919678,NA,NA,NA,NA,0.0187950134277344,4.08802374007866e-06
"multinom_fixed_J3",29,1000,0.142558813095093,NA,NA,NA,NA,0.0166091918945312,3.25322634492364e-05
"multinom_fixed_J3",30,1000,0.162628889083862,NA,NA,NA,NA,0.0173180103302002,3.90175485325273e-05
"multinom_fixed_J3",31,1000,0.14975905418396,NA,NA,NA,NA,0.0174260139465332,2.35994971783393e-05
"multinom_fixed_J3",32,1000,0.154814958572388,NA,NA,NA,NA,0.0189061164855957,1.49787832497972e-05
"multinom_fixed_J3",33,1000,0.154942989349365,NA,NA,NA,NA,0.018233060836792,4.28754240113793e-05
"multinom_fixed_J3",34,1000,0.210540056228638,NA,NA,NA,NA,0.0226719379425049,7.40614904045644e-05
"multinom_fixed_J3",35,1000,0.17416787147522,NA,NA,NA,NA,0.0163969993591309,3.18691108536912e-05
"multinom_fixed_J3",36,1000,0.168461084365845,NA,NA,NA,NA,0.0171740055084229,5.27391332579563e-05
"multinom_fixed_J3",37,1000,0.185889005661011,NA,NA,NA,NA,0.017380952835083,3.32136354364021e-05
"multinom_fixed_J3",38,1000,0.171159982681274,NA,NA,NA,NA,0.0159759521484375,3.05906669397782e-05
"multinom_fixed_J3",39,1000,0.160801887512207,NA,NA,NA,NA,0.0171170234680176,2.29288413936546e-05
"multinom_fixed_J3",40,1000,0.154808044433594,NA,NA,NA,NA,0.0173711776733398,3.82755298461435e-05
"multinom_fixed_J3",41,1000,0.149774074554443,NA,NA,NA,NA,0.0180208683013916,0.000116596355518417
"multinom_fixed_J3",42,1000,0.153278112411499,NA,NA,NA,NA,0.020313024520874,8.59329292468569e-06
"multinom_fixed_J3",43,1000,0.160988092422485,NA,NA,NA,NA,0.0208520889282227,1.69864693295718e-05
"multinom_fixed_J3",44,1000,0.17320990562439,NA,NA,NA,NA,0.017941951751709,1.78252632708209e-05
"multinom_fixed_J3",45,1000,0.163516044616699,NA,NA,NA,NA,0.0176799297332764,1.94991372357567e-05
"multinom_fixed_J3",46,1000,0.150996923446655,NA,NA,NA,NA,0.0169060230255127,1.36054900332638e-05
"multinom_fixed_J3",47,1000,0.163647890090942,NA,NA,NA,NA,0.0177009105682373,8.58421737670589e-06
"multinom_fixed_J3",48,1000,0.155477046966553,NA,NA,NA,NA,0.0177600383758545,3.52013062485668e-05
"multinom_fixed_J3",49,1000,0.195125102996826,NA,NA,NA,NA,0.017754077911377,4.44525683134245e-05
"multinom_fixed_J3",50,1000,0.150595903396606,NA,NA,NA,NA,0.0175380706787109,1.82380185936998e-05
"multinom_fixed_J3",51,1000,0.167685031890869,NA,NA,NA,NA,0.0180020332336426,8.10549816667727e-05
"multinom_fixed_J3",52,1000,0.14692497253418,NA,NA,NA,NA,0.0178120136260986,9.69761872030017e-05
"multinom_fixed_J3",53,1000,0.161956071853638,NA,NA,NA,NA,0.0185139179229736,7.69557264523879e-05
"multinom_fixed_J3",54,1000,0.15569019317627,NA,NA,NA,NA,0.0181159973144531,9.48049696405384e-05
"multinom_fixed_J3",55,1000,0.166674852371216,NA,NA,NA,NA,0.0189671516418457,5.28372761710028e-05
"multinom_fixed_J3",56,1000,0.147336959838867,NA,NA,NA,NA,0.0229389667510986,1.39225233168894e-05
"multinom_fixed_J3",57,1000,0.175942182540894,NA,NA,NA,NA,0.017441987991333,0.000114969589228131
"multinom_fixed_J3",58,1000,0.156282901763916,NA,NA,NA,NA,0.0178260803222656,5.46903337652616e-05
"multinom_fixed_J3",59,1000,0.163947105407715,NA,NA,NA,NA,0.0192940235137939,3.49190457320514e-05
"multinom_fixed_J3",60,1000,0.158086061477661,NA,NA,NA,NA,0.0170528888702393,1.22275897629365e-05
"multinom_fixed_J3",61,1000,0.1611008644104,NA,NA,NA,NA,0.0173881053924561,8.0022778444655e-05
"multinom_fixed_J3",62,1000,0.160547971725464,NA,NA,NA,NA,0.0173420906066895,2.70417560710445e-05
"multinom_fixed_J3",63,1000,0.15645694732666,NA,NA,NA,NA,0.0169711112976074,3.76937198618421e-05
"multinom_fixed_J3",64,1000,0.158905029296875,NA,NA,NA,NA,0.018071174621582,2.08227318350129e-05
"multinom_fixed_J3",65,1000,0.179856061935425,NA,NA,NA,NA,0.0212159156799316,1.45358627468006e-05
"multinom_fixed_J3",66,1000,0.158942937850952,NA,NA,NA,NA,0.0169718265533447,1.22399344795188e-05
"multinom_fixed_J3",67,1000,0.15062403678894,NA,NA,NA,NA,0.0168900489807129,0.000185292188526365
"multinom_fixed_J3",68,1000,0.159471035003662,NA,NA,NA,NA,0.0211701393127441,1.06047516948982e-05
"multinom_fixed_J3",69,1000,0.142221927642822,NA,NA,NA,NA,0.0180768966674805,0.000125145515315284
"multinom_fixed_J3",70,1000,0.171617031097412,NA,NA,NA,NA,0.0185799598693848,0.000138147480483186
"multinom_fixed_J3",71,1000,0.154863834381104,NA,NA,NA,NA,0.0173609256744385,0.000164174936830824
"multinom_fixed_J3",72,1000,0.160417079925537,NA,NA,NA,NA,0.0188801288604736,4.75167288633838e-05
"multinom_fixed_J3",73,1000,0.14368200302124,NA,NA,NA,NA,0.0168027877807617,1.29997361595358e-05
"multinom_fixed_J3",74,1000,0.195585012435913,NA,NA,NA,NA,0.0186810493469238,9.18651156556205e-06
"multinom_fixed_J3",75,1000,0.182713031768799,NA,NA,NA,NA,0.0200450420379639,4.70605509685917e-05
"multinom_fixed_J3",76,1000,0.16084098815918,NA,NA,NA,NA,0.0173130035400391,4.523813188273e-05
"multinom_fixed_J3",77,1000,0.171020984649658,NA,NA,NA,NA,0.0158917903900146,9.98539374508223e-06
"multinom_fixed_J3",78,1000,0.155776023864746,NA,NA,NA,NA,0.0168230533599854,2.29355368434048e-05
"multinom_fixed_J3",79,1000,0.153029918670654,NA,NA,NA,NA,0.0182840824127197,3.31622399041276e-05
"multinom_fixed_J3",80,1000,0.184235095977783,NA,NA,NA,NA,0.0183970928192139,3.92555614308482e-05
"multinom_fixed_J3",81,1000,0.168251991271973,NA,NA,NA,NA,0.0188488960266113,2.34767209004172e-05
"multinom_fixed_J3",82,1000,0.15260910987854,NA,NA,NA,NA,0.0174520015716553,2.582539369822e-05
"multinom_fixed_J3",83,1000,0.163784027099609,NA,NA,NA,NA,0.0177140235900879,7.80172414340807e-05
"multinom_fixed_J3",84,1000,0.158092975616455,NA,NA,NA,NA,0.0174589157104492,6.92897711631613e-05
"multinom_fixed_J3",85,1000,0.164650917053223,NA,NA,NA,NA,0.017859935760498,0.000368085514718897
"multinom_fixed_J3",86,1000,0.154382944107056,NA,NA,NA,NA,0.0180869102478027,1.25622639353118e-05
"multinom_fixed_J3",87,1000,0.161393880844116,NA,NA,NA,NA,0.0170338153839111,2.62543233924273e-05
"multinom_fixed_J3",88,1000,0.145963907241821,NA,NA,NA,NA,0.0184268951416016,1.06536940689406e-05
"multinom_fixed_J3",89,1000,0.163693189620972,NA,NA,NA,NA,0.0185718536376953,4.38745551077369e-05
"multinom_fixed_J3",90,1000,0.150331974029541,NA,NA,NA,NA,0.0181870460510254,0.000102941999556738
"multinom_fixed_J3",91,1000,0.169173955917358,NA,NA,NA,NA,0.0171029567718506,2.56830241718298e-05
"multinom_fixed_J3",92,1000,0.15404486656189,NA,NA,NA,NA,0.017582893371582,0.000170854152627964
"multinom_fixed_J3",93,1000,0.163042068481445,NA,NA,NA,NA,0.0166659355163574,5.54673183001952e-05
"multinom_fixed_J3",94,1000,0.151424169540405,NA,NA,NA,NA,0.0182240009307861,2.26437644834654e-05
"multinom_fixed_J3",95,1000,0.163070917129517,NA,NA,NA,NA,0.0201320648193359,5.57364882336486e-06
"multinom_fixed_J3",96,1000,0.167359828948975,NA,NA,NA,NA,0.0194129943847656,3.26853065648613e-05
"multinom_fixed_J3",97,1000,0.156002044677734,NA,NA,NA,NA,0.0174050331115723,7.51554692302037e-06
"multinom_fixed_J3",98,1000,0.159245014190674,NA,NA,NA,NA,0.016942024230957,0.000134349353065555
"multinom_fixed_J3",99,1000,0.154016971588135,NA,NA,NA,NA,0.0173630714416504,5.62124253076224e-05
"multinom_fixed_J3",100,1000,0.162142038345337,NA,NA,NA,NA,0.0172131061553955,7.71901014890997e-05
"multinom_fixed_J3",101,1000,0.149695158004761,NA,NA,NA,NA,0.0186610221862793,0.000139623516908105
"multinom_fixed_J3",102,1000,0.159482955932617,NA,NA,NA,NA,0.016901969909668,7.79376253046138e-06
"multinom_fixed_J3",103,1000,0.160062074661255,NA,NA,NA,NA,0.0165011882781982,9.76584274343661e-05
"multinom_fixed_J3",104,1000,0.176504135131836,NA,NA,NA,NA,0.0190389156341553,0.000133862475950597
"multinom_fixed_J3",105,1000,0.153335094451904,NA,NA,NA,NA,0.0173530578613281,3.45157286957831e-05
"multinom_fixed_J3",106,1000,0.163056135177612,NA,NA,NA,NA,0.017071008682251,1.83521561760436e-05
"multinom_fixed_J3",107,1000,0.153887987136841,NA,NA,NA,NA,0.017258882522583,0.000150327201227984
"multinom_fixed_J3",108,1000,0.167845964431763,NA,NA,NA,NA,0.0167708396911621,2.88970062878313e-05
"multinom_fixed_J3",109,1000,0.161559104919434,NA,NA,NA,NA,0.0170600414276123,7.85136462272407e-05
"multinom_fixed_J3",110,1000,0.161755084991455,NA,NA,NA,NA,0.0164220333099365,2.23075178769072e-05
"multinom_fixed_J3",111,1000,0.163876056671143,NA,NA,NA,NA,0.0166420936584473,2.4570480073316e-05
"multinom_fixed_J3",112,1000,0.169434070587158,NA,NA,NA,NA,0.0177500247955322,5.8147777479034e-05
"multinom_fixed_J3",113,1000,0.158570766448975,NA,NA,NA,NA,0.0191609859466553,9.66550431660274e-05
"multinom_fixed_J3",114,1000,0.151681184768677,NA,NA,NA,NA,0.0174930095672607,4.87745398574102e-05
"multinom_fixed_J3",115,1000,0.196080923080444,NA,NA,NA,NA,0.0175480842590332,2.08073144979393e-05
"multinom_fixed_J3",116,1000,0.163841009140015,NA,NA,NA,NA,0.019085168838501,1.16063822694912e-05
"multinom_fixed_J3",117,1000,0.165635108947754,NA,NA,NA,NA,0.0179860591888428,7.38071989914157e-05
"multinom_fixed_J3",118,1000,0.153995990753174,NA,NA,NA,NA,0.0178968906402588,2.5905147495342e-05
"multinom_fixed_J3",119,1000,0.169358015060425,NA,NA,NA,NA,0.0176708698272705,5.66790261590788e-05
"multinom_fixed_J3",120,1000,0.155490159988403,NA,NA,NA,NA,0.0166850090026855,5.8211026655073e-05
"multinom_fixed_J3",121,1000,0.173324108123779,NA,NA,NA,NA,0.0173890590667725,1.9701747452805e-05
"multinom_fixed_J3",122,1000,0.155681133270264,NA,NA,NA,NA,0.0164141654968262,0.00108064943453803
"multinom_fixed_J3",123,1000,0.17374587059021,NA,NA,NA,NA,0.0177919864654541,8.52755111946379e-06
"multinom_fixed_J3",124,1000,0.153900861740112,NA,NA,NA,NA,0.0179648399353027,1.09147410584098e-05
"multinom_fixed_J3",125,1000,0.16693902015686,NA,NA,NA,NA,0.0177001953125,0.000277636139532911
"multinom_fixed_J3",126,1000,0.156057119369507,NA,NA,NA,NA,0.0157890319824219,0.000183643313135029
"multinom_fixed_J3",127,1000,0.172335863113403,NA,NA,NA,NA,0.0162060260772705,3.3700263142894e-05
"multinom_fixed_J3",128,1000,0.143141984939575,NA,NA,NA,NA,0.0222980976104736,1.05665842994318e-05
"multinom_fixed_J3",129,1000,0.15757417678833,NA,NA,NA,NA,0.017219066619873,4.91788813350436e-05
"multinom_fixed_J3",130,1000,0.156980037689209,NA,NA,NA,NA,0.0174028873443604,1.88396724018144e-05
"multinom_fixed_J3",131,1000,0.161512136459351,NA,NA,NA,NA,0.0175440311431885,0.000173625607518657
"multinom_fixed_J3",132,1000,0.180550098419189,NA,NA,NA,NA,0.0175340175628662,2.53217557579788e-05
"multinom_fixed_J3",133,1000,0.153049945831299,NA,NA,NA,NA,0.0199441909790039,9.83751642025243e-06
"multinom_fixed_J3",134,1000,0.168990135192871,NA,NA,NA,NA,0.0167560577392578,0.000189491042580037
"multinom_fixed_J3",135,1000,0.154124975204468,NA,NA,NA,NA,0.0183088779449463,5.23309240807457e-05
"multinom_fixed_J3",136,1000,0.171560049057007,NA,NA,NA,NA,0.0178449153900146,1.67180364950559e-05
"multinom_fixed_J3",137,1000,0.150194883346558,NA,NA,NA,NA,0.0178680419921875,8.3144673246327e-06
"multinom_fixed_J3",138,1000,0.170610189437866,NA,NA,NA,NA,0.0174190998077393,2.81775443633503e-06
"multinom_fixed_J3",139,1000,0.153636932373047,NA,NA,NA,NA,0.0175127983093262,2.01831811890152e-05
"multinom_fixed_J3",140,1000,0.163161993026733,NA,NA,NA,NA,0.0188140869140625,2.32994574855816e-05
"multinom_fixed_J3",141,1000,0.155887126922607,NA,NA,NA,NA,0.0175700187683105,2.35214353113689e-05
"multinom_fixed_J3",142,1000,0.170149087905884,NA,NA,NA,NA,0.021104097366333,1.97669310992854e-05
"multinom_fixed_J3",143,1000,0.185590028762817,NA,NA,NA,NA,0.019550085067749,0.000126523581784443
"multinom_fixed_J3",144,1000,0.169252157211304,NA,NA,NA,NA,0.0178928375244141,1.90706011788944e-05
"multinom_fixed_J3",145,1000,0.167619943618774,NA,NA,NA,NA,0.0193440914154053,0.000125914899843649
"multinom_fixed_J3",146,1000,0.160897970199585,NA,NA,NA,NA,0.0168039798736572,1.74929446655758e-05
"multinom_fixed_J3",147,1000,0.185057878494263,NA,NA,NA,NA,0.0168490409851074,2.24553129226646e-05
"multinom_fixed_J3",148,1000,0.15198802947998,NA,NA,NA,NA,0.0180208683013916,6.05774553497085e-06
"multinom_fixed_J3",149,1000,0.170619010925293,NA,NA,NA,NA,0.0185310840606689,0.000140094214233444
"multinom_fixed_J3",150,1000,0.160905122756958,NA,NA,NA,NA,0.0189390182495117,2.30374475584938e-05
"multinom_fixed_J3",151,1000,0.202785015106201,NA,NA,NA,NA,0.0174570083618164,1.81127103453527e-05
"multinom_fixed_J3",152,1000,0.166267871856689,NA,NA,NA,NA,0.0172419548034668,2.97866537923852e-05
"multinom_fixed_J3",153,1000,0.164757966995239,NA,NA,NA,NA,0.0201740264892578,0.000163815024582126
"multinom_fixed_J3",154,1000,0.174171924591064,NA,NA,NA,NA,0.0171639919281006,4.22767328966955e-06
"multinom_fixed_J3",155,1000,0.170695066452026,NA,NA,NA,NA,0.0157511234283447,1.89734998596869e-05
"multinom_fixed_J3",156,1000,0.158704996109009,NA,NA,NA,NA,0.0203762054443359,1.45801386670641e-05
"multinom_fixed_J3",157,1000,0.201037883758545,NA,NA,NA,NA,0.0185220241546631,0.000228607194413644
"multinom_fixed_J3",158,1000,0.156777143478394,NA,NA,NA,NA,0.0185549259185791,4.17096400985306e-05
"multinom_fixed_J3",159,1000,0.169586896896362,NA,NA,NA,NA,0.0175390243530273,0.000128446639415636
"multinom_fixed_J3",160,1000,0.168867826461792,NA,NA,NA,NA,0.0179929733276367,2.46546611617493e-05
"multinom_fixed_J5",1,1000,0.235468864440918,NA,NA,NA,NA,0.0364758968353271,3.2435520369245e-05
"multinom_fixed_J5",2,1000,0.240927934646606,NA,NA,NA,NA,0.0373549461364746,1.23513982810963e-05
"multinom_fixed_J5",3,1000,0.215173006057739,NA,NA,NA,NA,0.0390679836273193,6.88000828830138e-06
"multinom_fixed_J5",4,1000,0.249995946884155,NA,NA,NA,NA,0.0403060913085938,5.07360863249984e-05
"multinom_fixed_J5",5,1000,0.225847005844116,NA,NA,NA,NA,0.036963939666748,2.43837287916548e-05
"multinom_fixed_J5",6,1000,0.223299026489258,NA,NA,NA,NA,0.0374948978424072,1.26451362649771e-05
"multinom_fixed_J5",7,1000,0.236335039138794,NA,NA,NA,NA,0.0398619174957275,3.9431857086214e-05
"multinom_fixed_J5",8,1000,0.239847183227539,NA,NA,NA,NA,0.034904956817627,4.60908424628759e-05
"multinom_fixed_J5",9,1000,0.253149032592773,NA,NA,NA,NA,0.0393991470336914,7.97302736021965e-06
"multinom_fixed_J5",10,1000,0.248345136642456,NA,NA,NA,NA,0.0391860008239746,1.48783824443499e-05
"multinom_fixed_J5",11,1000,0.21460485458374,NA,NA,NA,NA,0.0356638431549072,2.77383560789435e-05
"multinom_fixed_J5",12,1000,0.24365496635437,NA,NA,NA,NA,0.0392138957977295,6.95046384725506e-05
"multinom_fixed_J5",13,1000,0.229870796203613,NA,NA,NA,NA,0.0394668579101562,5.80578972278478e-05
"multinom_fixed_J5",14,1000,0.241255044937134,NA,NA,NA,NA,0.0384631156921387,2.26775375393728e-05
"multinom_fixed_J5",15,1000,0.238149881362915,NA,NA,NA,NA,0.0412800312042236,1.57500158557422e-05
"multinom_fixed_J5",16,1000,0.228953123092651,NA,NA,NA,NA,0.0388519763946533,6.10025595482178e-06
"multinom_fixed_J5",17,1000,0.226594924926758,NA,NA,NA,NA,0.0376710891723633,1.45980973108306e-05
"multinom_fixed_J5",18,1000,0.221911907196045,NA,NA,NA,NA,0.0381410121917725,3.23387364083993e-05
"multinom_fixed_J5",19,1000,0.256361961364746,NA,NA,NA,NA,0.0362000465393066,3.72620381012823e-05
"multinom_fixed_J5",20,1000,0.214741945266724,NA,NA,NA,NA,0.0394859313964844,0.000101046416978168
"multinom_fixed_J5",21,1000,0.211127042770386,NA,NA,NA,NA,0.0410270690917969,1.26731451908779e-05
"multinom_fixed_J5",22,1000,0.21483588218689,NA,NA,NA,NA,0.0389161109924316,5.62969452197332e-05
"multinom_fixed_J5",23,1000,0.227920055389404,NA,NA,NA,NA,0.0378360748291016,9.18192974863619e-06
"multinom_fixed_J5",24,1000,0.213372945785522,NA,NA,NA,NA,0.0390491485595703,1.26207262686195e-05
"multinom_fixed_J5",25,1000,0.252899885177612,NA,NA,NA,NA,0.0367529392242432,2.86660052445376e-05
"multinom_fixed_J5",26,1000,0.228921890258789,NA,NA,NA,NA,0.03932785987854,1.59434806203604e-05
"multinom_fixed_J5",27,1000,0.229899883270264,NA,NA,NA,NA,0.0357429981231689,1.24770155687237e-05
"multinom_fixed_J5",28,1000,0.243966817855835,NA,NA,NA,NA,0.0399849414825439,1.03752887573583e-05
"multinom_fixed_J5",29,1000,0.2238450050354,NA,NA,NA,NA,0.039618968963623,2.87760131496007e-05
"multinom_fixed_J5",30,1000,0.23894190788269,NA,NA,NA,NA,0.0385599136352539,8.22809967571114e-06
"multinom_fixed_J5",31,1000,0.217155933380127,NA,NA,NA,NA,0.0380511283874512,2.05713840909505e-05
"multinom_fixed_J5",32,1000,0.246217966079712,NA,NA,NA,NA,0.0395169258117676,6.35600679156356e-05
"multinom_fixed_J5",33,1000,0.214917898178101,NA,NA,NA,NA,0.0393028259277344,2.51962796538052e-05
"multinom_fixed_J5",34,1000,0.355185985565186,NA,NA,NA,NA,0.0405240058898926,4.03825533499824e-05
"multinom_fixed_J5",35,1000,0.242522954940796,NA,NA,NA,NA,0.0372998714447021,2.15825449811913e-05
"multinom_fixed_J5",36,1000,0.215981960296631,NA,NA,NA,NA,0.0399389266967773,0.000122066814272737
"multinom_fixed_J5",37,1000,0.218241930007935,NA,NA,NA,NA,0.037775993347168,1.79079839720125e-05
"multinom_fixed_J5",38,1000,0.211326122283936,NA,NA,NA,NA,0.040687084197998,9.73766650891328e-06
"multinom_fixed_J5",39,1000,0.281813144683838,NA,NA,NA,NA,0.0391499996185303,1.99398594733502e-05
"multinom_fixed_J5",40,1000,0.229338884353638,NA,NA,NA,NA,0.0383729934692383,1.4093498685086e-05
"multinom_fixed_J5",41,1000,0.233398914337158,NA,NA,NA,NA,0.0400099754333496,7.31234360278332e-05
"multinom_fixed_J5",42,1000,0.226339817047119,NA,NA,NA,NA,0.0400378704071045,3.01480577657995e-05
"multinom_fixed_J5",43,1000,0.216170072555542,NA,NA,NA,NA,0.0387299060821533,2.05573299019157e-05
"multinom_fixed_J5",44,1000,0.217824220657349,NA,NA,NA,NA,0.037653923034668,1.35378932362706e-05
"multinom_fixed_J5",45,1000,0.211739063262939,NA,NA,NA,NA,0.0380311012268066,3.04173975295696e-05
"multinom_fixed_J5",46,1000,0.219568967819214,NA,NA,NA,NA,0.0386898517608643,1.7219835913157e-05
"multinom_fixed_J5",47,1000,0.224877834320068,NA,NA,NA,NA,0.0355331897735596,2.46462192305952e-05
"multinom_fixed_J5",48,1000,0.220102787017822,NA,NA,NA,NA,0.0425028800964355,4.20299214582975e-05
"multinom_fixed_J5",49,1000,0.225574970245361,NA,NA,NA,NA,0.0406689643859863,1.4257882447466e-05
"multinom_fixed_J5",50,1000,0.217154979705811,NA,NA,NA,NA,0.0378930568695068,1.97640859087578e-05
"multinom_fixed_J5",51,1000,0.255427122116089,NA,NA,NA,NA,0.0383870601654053,8.66763878887289e-06
"multinom_fixed_J5",52,1000,0.219578981399536,NA,NA,NA,NA,0.0389120578765869,5.07769970414795e-05
"multinom_fixed_J5",53,1000,0.239480972290039,NA,NA,NA,NA,0.0373299121856689,2.11743959174227e-05
"multinom_fixed_J5",54,1000,0.214821100234985,NA,NA,NA,NA,0.0380070209503174,1.0402173233004e-05
"multinom_fixed_J5",55,1000,0.215060949325562,NA,NA,NA,NA,0.0429508686065674,8.30946359303697e-06
"multinom_fixed_J5",56,1000,0.205226898193359,NA,NA,NA,NA,0.0409469604492188,2.77117159993567e-05
"multinom_fixed_J5",57,1000,0.219434022903442,NA,NA,NA,NA,0.0385260581970215,2.28536329334172e-05
"multinom_fixed_J5",58,1000,0.231011867523193,NA,NA,NA,NA,0.0386941432952881,3.67130375571456e-05
"multinom_fixed_J5",59,1000,0.213414907455444,NA,NA,NA,NA,0.0401268005371094,2.12986543989546e-05
"multinom_fixed_J5",60,1000,0.208843946456909,NA,NA,NA,NA,0.0356011390686035,3.78226650128433e-05
"multinom_fixed_J5",61,1000,0.220521926879883,NA,NA,NA,NA,0.0401499271392822,3.65071496048752e-05
"multinom_fixed_J5",62,1000,0.234135866165161,NA,NA,NA,NA,0.0354099273681641,1.34793313462112e-05
"multinom_fixed_J5",63,1000,0.210233926773071,NA,NA,NA,NA,0.0399482250213623,5.79239969972223e-05
"multinom_fixed_J5",64,1000,0.215236902236938,NA,NA,NA,NA,0.0385620594024658,2.34198558201337e-05
"multinom_fixed_J5",65,1000,0.227273225784302,NA,NA,NA,NA,0.0385630130767822,1.53435814867209e-05
"multinom_fixed_J5",66,1000,0.22636604309082,NA,NA,NA,NA,0.0366580486297607,8.7474943404886e-06
"multinom_fixed_J5",67,1000,0.218771934509277,NA,NA,NA,NA,0.0411019325256348,8.27584996150321e-05
"multinom_fixed_J5",68,1000,0.217736959457397,NA,NA,NA,NA,0.0413210391998291,5.55073043180809e-05
"multinom_fixed_J5",69,1000,0.236012935638428,NA,NA,NA,NA,0.0387730598449707,1.339021226196e-05
"multinom_fixed_J5",70,1000,0.228240013122559,NA,NA,NA,NA,0.0410068035125732,1.15304771806102e-05
"multinom_fixed_J5",71,1000,0.217530012130737,NA,NA,NA,NA,0.0378870964050293,2.81023927695134e-05
"multinom_fixed_J5",72,1000,0.227382183074951,NA,NA,NA,NA,0.0371150970458984,1.78377068877911e-05
"multinom_fixed_J5",73,1000,0.243134021759033,NA,NA,NA,NA,0.0380311012268066,1.04005621768266e-05
"multinom_fixed_J5",74,1000,0.224937915802002,NA,NA,NA,NA,0.0397171974182129,1.19036732431077e-05
"multinom_fixed_J5",75,1000,0.257524967193604,NA,NA,NA,NA,0.0384998321533203,0.000142464759977423
"multinom_fixed_J5",76,1000,0.215032815933228,NA,NA,NA,NA,0.0399079322814941,1.48660833251268e-05
"multinom_fixed_J5",77,1000,0.237890005111694,NA,NA,NA,NA,0.0407891273498535,1.64491922608478e-05
"multinom_fixed_J5",78,1000,0.214663028717041,NA,NA,NA,NA,0.0406317710876465,2.43640075503482e-05
"multinom_fixed_J5",79,1000,0.218154907226562,NA,NA,NA,NA,0.037445068359375,1.12236169694767e-05
"multinom_fixed_J5",80,1000,0.230464935302734,NA,NA,NA,NA,0.0402908325195312,4.2221508941731e-05
"multinom_fixed_J5",81,1000,0.230812072753906,NA,NA,NA,NA,0.0386519432067871,3.10555949277758e-05
"multinom_fixed_J5",82,1000,0.220255851745605,NA,NA,NA,NA,0.0420830249786377,1.41195058460108e-05
"multinom_fixed_J5",83,1000,0.251145839691162,NA,NA,NA,NA,0.0396859645843506,1.35933502312113e-05
"multinom_fixed_J5",84,1000,0.223635911941528,NA,NA,NA,NA,0.0393400192260742,1.75442632124045e-05
"multinom_fixed_J5",85,1000,0.225807905197144,NA,NA,NA,NA,0.0395870208740234,4.05853300866621e-05
"multinom_fixed_J5",86,1000,0.217745065689087,NA,NA,NA,NA,0.0370941162109375,1.61959089686192e-05
"multinom_fixed_J5",87,1000,0.225812911987305,NA,NA,NA,NA,0.037653923034668,1.16051931849798e-05
"multinom_fixed_J5",88,1000,0.232909917831421,NA,NA,NA,NA,0.0366780757904053,1.42965324345101e-05
"multinom_fixed_J5",89,1000,0.221649169921875,NA,NA,NA,NA,0.0364749431610107,1.36618052825055e-05
"multinom_fixed_J5",90,1000,0.216176986694336,NA,NA,NA,NA,0.0395028591156006,4.05444855908765e-05
"multinom_fixed_J5",91,1000,0.222568035125732,NA,NA,NA,NA,0.0387179851531982,2.87845593796021e-05
"multinom_fixed_J5",92,1000,0.229043960571289,NA,NA,NA,NA,0.0412731170654297,1.95026292915124e-05
"multinom_fixed_J5",93,1000,0.22661304473877,NA,NA,NA,NA,0.0397570133209229,2.58279811146678e-05
"multinom_fixed_J5",94,1000,0.255939960479736,NA,NA,NA,NA,0.0408649444580078,2.5329485333847e-05
"multinom_fixed_J5",95,1000,0.202940940856934,NA,NA,NA,NA,0.0410308837890625,7.47552852651268e-05
"multinom_fixed_J5",96,1000,0.219182968139648,NA,NA,NA,NA,0.0428578853607178,1.73293929133234e-05
"multinom_fixed_J5",97,1000,0.205645084381104,NA,NA,NA,NA,0.0368831157684326,1.88883014016206e-05
"multinom_fixed_J5",98,1000,0.228003025054932,NA,NA,NA,NA,0.0378570556640625,6.64916090938883e-05
"multinom_fixed_J5",99,1000,0.206531047821045,NA,NA,NA,NA,0.0367081165313721,2.42520314963635e-05
"multinom_fixed_J5",100,1000,0.225482940673828,NA,NA,NA,NA,0.0403749942779541,3.100513166443e-05
"multinom_fixed_J5",101,1000,0.215847015380859,NA,NA,NA,NA,0.0391619205474854,1.80320709547398e-05
"multinom_fixed_J5",102,1000,0.221951007843018,NA,NA,NA,NA,0.0380799770355225,3.45028591896002e-05
"multinom_fixed_J5",103,1000,0.224111080169678,NA,NA,NA,NA,0.0367639064788818,1.49641138524892e-05
"multinom_fixed_J5",104,1000,0.231411933898926,NA,NA,NA,NA,0.0400140285491943,2.90044225290664e-05
"multinom_fixed_J5",105,1000,0.233201026916504,NA,NA,NA,NA,0.0378749370574951,2.14150164016269e-05
"multinom_fixed_J5",106,1000,0.21241021156311,NA,NA,NA,NA,0.0384030342102051,9.95978297635425e-06
"multinom_fixed_J5",107,1000,0.225472927093506,NA,NA,NA,NA,0.038740873336792,2.16831709159565e-05
"multinom_fixed_J5",108,1000,0.225096940994263,NA,NA,NA,NA,0.0387749671936035,1.75315882828819e-05
"multinom_fixed_J5",109,1000,0.223558187484741,NA,NA,NA,NA,0.0408759117126465,1.01963265854987e-05
"multinom_fixed_J5",110,1000,0.215058088302612,NA,NA,NA,NA,0.0401129722595215,2.03521963323405e-05
"multinom_fixed_J5",111,1000,0.229626893997192,NA,NA,NA,NA,0.039309024810791,5.83871762608323e-05
"multinom_fixed_J5",112,1000,0.19917106628418,NA,NA,NA,NA,0.0389180183410645,4.47546573715263e-05
"multinom_fixed_J5",113,1000,0.228338003158569,NA,NA,NA,NA,0.0404160022735596,4.0593008663159e-05
"multinom_fixed_J5",114,1000,0.216344118118286,NA,NA,NA,NA,0.0386319160461426,1.57249467297171e-05
"multinom_fixed_J5",115,1000,0.221101045608521,NA,NA,NA,NA,0.039621114730835,2.87929088923222e-05
"multinom_fixed_J5",116,1000,0.263842821121216,NA,NA,NA,NA,0.0432260036468506,2.59280309756749e-05
"multinom_fixed_J5",117,1000,0.241466045379639,NA,NA,NA,NA,0.0378940105438232,1.59196289972741e-05
"multinom_fixed_J5",118,1000,0.225059032440186,NA,NA,NA,NA,0.0400421619415283,1.62281444675005e-05
"multinom_fixed_J5",119,1000,0.247360944747925,NA,NA,NA,NA,0.0378351211547852,1.70248316907484e-05
"multinom_fixed_J5",120,1000,0.225645065307617,NA,NA,NA,NA,0.0365550518035889,2.14067602832824e-05
"multinom_fixed_J5",121,1000,0.235456228256226,NA,NA,NA,NA,0.0394511222839355,2.62482245140389e-05
"multinom_fixed_J5",122,1000,0.227951049804688,NA,NA,NA,NA,0.03843092918396,8.63610194113962e-05
"multinom_fixed_J5",123,1000,0.219660997390747,NA,NA,NA,NA,0.039722204208374,1.95826055630066e-05
"multinom_fixed_J5",124,1000,0.221493005752563,NA,NA,NA,NA,0.0392029285430908,2.40984092216845e-05
"multinom_fixed_J5",125,1000,0.224782228469849,NA,NA,NA,NA,0.0395710468292236,3.55228804251873e-05
"multinom_fixed_J5",126,1000,0.238392114639282,NA,NA,NA,NA,0.0360639095306396,2.02464125848567e-05
"multinom_fixed_J5",127,1000,0.249201059341431,NA,NA,NA,NA,0.0382750034332275,3.23968237418981e-05
"multinom_fixed_J5",128,1000,0.228955030441284,NA,NA,NA,NA,0.0361700057983398,2.55799692214231e-05
"multinom_fixed_J5",129,1000,0.223594903945923,NA,NA,NA,NA,0.0427980422973633,2.31572947327896e-05
"multinom_fixed_J5",130,1000,0.236833095550537,NA,NA,NA,NA,0.0387551784515381,2.17665853033955e-05
"multinom_fixed_J5",131,1000,0.229666948318481,NA,NA,NA,NA,0.038301944732666,2.91608582978983e-05
"multinom_fixed_J5",132,1000,0.234839916229248,NA,NA,NA,NA,0.0377979278564453,5.75317620299387e-06
"multinom_fixed_J5",133,1000,0.211748838424683,NA,NA,NA,NA,0.0383279323577881,1.26574082096112e-05
"multinom_fixed_J5",134,1000,0.224077939987183,NA,NA,NA,NA,0.0410850048065186,8.16190027685959e-06
"multinom_fixed_J5",135,1000,0.217090845108032,NA,NA,NA,NA,0.0407140254974365,3.70420350704476e-05
"multinom_fixed_J5",136,1000,0.224186182022095,NA,NA,NA,NA,0.04026198387146,3.79518085089625e-05
"multinom_fixed_J5",137,1000,0.221672058105469,NA,NA,NA,NA,0.047853946685791,2.9040324113383e-05
"multinom_fixed_J5",138,1000,0.225725173950195,NA,NA,NA,NA,0.0350151062011719,2.51473069163843e-05
"multinom_fixed_J5",139,1000,0.223992109298706,NA,NA,NA,NA,0.0460419654846191,4.36706611867121e-05
"multinom_fixed_J5",140,1000,0.222625017166138,NA,NA,NA,NA,0.0390958786010742,4.94886948201323e-05
"multinom_fixed_J5",141,1000,0.222517013549805,NA,NA,NA,NA,0.0399610996246338,1.38889065526282e-05
"multinom_fixed_J5",142,1000,0.217604875564575,NA,NA,NA,NA,0.0381999015808105,9.93553747633685e-06
"multinom_fixed_J5",143,1000,0.228550910949707,NA,NA,NA,NA,0.0372309684753418,1.98616288863418e-05
"multinom_fixed_J5",144,1000,0.213675022125244,NA,NA,NA,NA,0.0388998985290527,3.22871254762047e-05
"multinom_fixed_J5",145,1000,0.228281021118164,NA,NA,NA,NA,0.0411989688873291,9.29437361707475e-06
"multinom_fixed_J5",146,1000,0.208900928497314,NA,NA,NA,NA,0.0387299060821533,6.41485580925583e-05
"multinom_fixed_J5",147,1000,0.230710983276367,NA,NA,NA,NA,0.0367031097412109,1.45758493623749e-05
"multinom_fixed_J5",148,1000,0.262176036834717,NA,NA,NA,NA,0.0372641086578369,2.60275337977678e-05
"multinom_fixed_J5",149,1000,0.236636877059937,NA,NA,NA,NA,0.0392038822174072,6.155048798695e-06
"multinom_fixed_J5",150,1000,0.223455190658569,NA,NA,NA,NA,0.0369939804077148,1.51758510419653e-05
"multinom_fixed_J5",151,1000,0.222583770751953,NA,NA,NA,NA,0.0401120185852051,1.58446264220125e-05
"multinom_fixed_J5",152,1000,0.240438222885132,NA,NA,NA,NA,0.0416910648345947,1.87898955392729e-05
"multinom_fixed_J5",153,1000,0.227711915969849,NA,NA,NA,NA,0.0384860038757324,1.09559934547976e-05
"multinom_fixed_J5",154,1000,0.24075984954834,NA,NA,NA,NA,0.0370011329650879,6.8275700413456e-05
"multinom_fixed_J5",155,1000,0.221133947372437,NA,NA,NA,NA,0.0378949642181396,1.17594838142665e-05
"multinom_fixed_J5",156,1000,0.232116937637329,NA,NA,NA,NA,0.037585973739624,3.35977151013633e-05
"multinom_fixed_J5",157,1000,0.237020969390869,NA,NA,NA,NA,0.0359361171722412,7.83015859501246e-06
"multinom_fixed_J5",158,1000,0.231549978256226,NA,NA,NA,NA,0.0367259979248047,1.46783508700454e-05
"multinom_fixed_J5",159,1000,0.246338129043579,NA,NA,NA,NA,0.0407679080963135,9.43423061505744e-06
"multinom_fixed_J5",160,1000,0.238648891448975,NA,NA,NA,NA,0.038762092590332,0.000102352412456444
"multinom_mixed_J3",1,1000,0.517189025878906,NA,NA,NA,NA,NA,NA
"multinom_mixed_J3",2,1000,0.57269811630249,NA,NA,NA,NA,NA,NA
"multinom_mixed_J3",3,1000,0.604567050933838,NA,NA,NA,NA,NA,NA
"multinom_mixed_J3",4,1000,0.588870048522949,NA,NA,NA,NA,NA,NA
"multinom_mixed_J3",5,1000,0.584808111190796,NA,NA,NA,NA,NA,NA
"multinom_mixed_J3",6,1000,0.531070947647095,NA,NA,NA,NA,NA,NA
"multinom_mixed_J3",7,1000,0.530416965484619,NA,NA,NA,NA,NA,NA
"multinom_mixed_J3",8,1000,0.580310821533203,NA,NA,NA,NA,NA,NA
"multinom_mixed_J3",9,1000,0.549633979797363,NA,NA,NA,NA,NA,NA
"multinom_mixed_J3",10,1000,0.567349195480347,NA,NA,NA,NA,NA,NA
"multinom_mixed_J3",11,1000,0.577743053436279,NA,NA,NA,NA,NA,NA
"multinom_mixed_J3",12,1000,0.534124135971069,NA,NA,NA,NA,NA,NA
"multinom_mixed_J3",13,1000,0.601590871810913,NA,NA,NA,NA,NA,NA
"multinom_mixed_J3",14,1000,0.709244012832642,NA,NA,NA,NA,NA,NA
"multinom_mixed_J3",15,1000,0.598975896835327,NA,NA,NA,NA,NA,NA
"multinom_mixed_J3",16,1000,0.577921867370605,NA,NA,NA,NA,NA,NA
"multinom_mixed_J3",17,1000,0.579421997070312,NA,NA,NA,NA,NA,NA
"multinom_mixed_J3",18,1000,0.616419076919556,NA,NA,NA,NA,NA,NA
"multinom_mixed_J3",19,1000,0.57837700843811,NA,NA,NA,NA,NA,NA
"multinom_mixed_J3",20,1000,0.582824945449829,NA,NA,NA,NA,NA,NA
"multinom_mixed_J3",21,1000,0.665053129196167,NA,NA,NA,NA,NA,NA
"multinom_mixed_J3",22,1000,0.545915126800537,NA,NA,NA,NA,NA,NA
"multinom_mixed_J3",23,1000,0.57731294631958,NA,NA,NA,NA,NA,NA
"multinom_mixed_J3",24,1000,0.600078105926514,NA,NA,NA,NA,NA,NA
"multinom_mixed_J3",25,1000,0.640772104263306,NA,NA,NA,NA,NA,NA
"multinom_mixed_J3",26,1000,0.546999931335449,NA,NA,NA,NA,NA,NA
"multinom_mixed_J3",27,1000,0.602171182632446,NA,NA,NA,NA,NA,NA
"multinom_mixed_J3",28,1000,0.539446830749512,NA,NA,NA,NA,NA,NA
"multinom_mixed_J3",29,1000,0.558117151260376,NA,NA,NA,NA,NA,NA
"multinom_mixed_J3",30,1000,0.538481950759888,NA,NA,NA,NA,NA,NA
"multinom_mixed_J3",31,1000,0.591739892959595,NA,NA,NA,NA,NA,NA
"multinom_mixed_J3",32,1000,0.527997970581055,NA,NA,NA,NA,NA,NA
"multinom_mixed_J3",33,1000,0.57086706161499,NA,NA,NA,NA,NA,NA
"multinom_mixed_J3",34,1000,0.575901985168457,NA,NA,NA,NA,NA,NA
"multinom_mixed_J3",35,1000,0.558182001113892,NA,NA,NA,NA,NA,NA
"multinom_mixed_J3",36,1000,0.520371913909912,NA,NA,NA,NA,NA,NA
"multinom_mixed_J3",37,1000,0.613129138946533,NA,NA,NA,NA,NA,NA
"multinom_mixed_J3",38,1000,0.536345958709717,NA,NA,NA,NA,NA,NA
"multinom_mixed_J3",39,1000,0.548895835876465,NA,NA,NA,NA,NA,NA
"multinom_mixed_J3",40,1000,0.503863096237183,NA,NA,NA,NA,NA,NA
"multinom_mixed_J3",41,1000,0.563978910446167,NA,NA,NA,NA,NA,NA
"multinom_mixed_J3",42,1000,0.722122192382812,NA,NA,NA,NA,NA,NA
"multinom_mixed_J3",43,1000,0.529878854751587,NA,NA,NA,NA,NA,NA
"multinom_mixed_J3",44,1000,0.600553035736084,NA,NA,NA,NA,NA,NA
"multinom_mixed_J3",45,1000,0.610797166824341,NA,NA,NA,NA,NA,NA
"multinom_mixed_J3",46,1000,0.528067827224731,NA,NA,NA,NA,NA,NA
"multinom_mixed_J3",47,1000,0.541272878646851,NA,NA,NA,NA,NA,NA
"multinom_mixed_J3",48,1000,0.534661054611206,NA,NA,NA,NA,NA,NA
"multinom_mixed_J3",49,1000,0.590565919876099,NA,NA,NA,NA,NA,NA
"multinom_mixed_J3",50,1000,0.567034006118774,NA,NA,NA,NA,NA,NA
"multinom_mixed_J3",51,1000,0.574880123138428,NA,NA,NA,NA,NA,NA
"multinom_mixed_J3",52,1000,0.606611013412476,NA,NA,NA,NA,NA,NA
"multinom_mixed_J3",53,1000,0.583652973175049,NA,NA,NA,NA,NA,NA
"multinom_mixed_J3",54,1000,0.575700044631958,NA,NA,NA,NA,NA,NA
"multinom_mixed_J3",55,1000,0.526419162750244,NA,NA,NA,NA,NA,NA
"multinom_mixed_J3",56,1000,0.548276901245117,NA,NA,NA,NA,NA,NA
"multinom_mixed_J3",57,1000,0.559332847595215,NA,NA,NA,NA,NA,NA
"multinom_mixed_J3",58,1000,0.62911581993103,NA,NA,NA,NA,NA,NA
"multinom_mixed_J3",59,1000,0.555845975875854,NA,NA,NA,NA,NA,NA
"multinom_mixed_J3",60,1000,0.59394383430481,NA,NA,NA,NA,NA,NA
"multinom_mixed_J3",61,1000,0.584731817245483,NA,NA,NA,NA,NA,NA
"multinom_mixed_J3",62,1000,0.583707094192505,NA,NA,NA,NA,NA,NA
"multinom_mixed_J3",63,1000,0.596234083175659,NA,NA,NA,NA,NA,NA
"multinom_mixed_J3",64,1000,0.541628122329712,NA,NA,NA,NA,NA,NA
"multinom_mixed_J3",65,1000,0.553128957748413,NA,NA,NA,NA,NA,NA
"multinom_mixed_J3",66,1000,0.722137928009033,NA,NA,NA,NA,NA,NA
"multinom_mixed_J3",67,1000,0.631939888000488,NA,NA,NA,NA,NA,NA
"multinom_mixed_J3",68,1000,0.577481031417847,NA,NA,NA,NA,NA,NA
"multinom_mixed_J3",69,1000,0.59129786491394,NA,NA,NA,NA,NA,NA
"multinom_mixed_J3",70,1000,0.548527956008911,NA,NA,NA,NA,NA,NA
"multinom_mixed_J3",71,1000,0.630525827407837,NA,NA,NA,NA,NA,NA
"multinom_mixed_J3",72,1000,0.57312798500061,NA,NA,NA,NA,NA,NA
"multinom_mixed_J3",73,1000,0.558503150939941,NA,NA,NA,NA,NA,NA
"multinom_mixed_J3",74,1000,0.526604890823364,NA,NA,NA,NA,NA,NA
"multinom_mixed_J3",75,1000,0.595470905303955,NA,NA,NA,NA,NA,NA
"multinom_mixed_J3",76,1000,0.582974910736084,NA,NA,NA,NA,NA,NA
"multinom_mixed_J3",77,1000,0.740542888641357,NA,NA,NA,NA,NA,NA
"multinom_mixed_J3",78,1000,0.617411851882935,NA,NA,NA,NA,NA,NA
"multinom_mixed_J3",79,1000,0.582243919372559,NA,NA,NA,NA,NA,NA
"multinom_mixed_J3",80,1000,0.57463812828064,NA,NA,NA,NA,NA,NA
"multinom_mixed_J3",81,1000,0.639878034591675,NA,NA,NA,NA,NA,NA
"multinom_mixed_J3",82,1000,0.544246912002563,NA,NA,NA,NA,NA,NA
"multinom_mixed_J3",83,1000,0.535352945327759,NA,NA,NA,NA,NA,NA
"multinom_mixed_J3",84,1000,0.541097164154053,NA,NA,NA,NA,NA,NA
"multinom_mixed_J3",85,1000,0.564383983612061,NA,NA,NA,NA,NA,NA
"multinom_mixed_J3",86,1000,0.534992933273315,NA,NA,NA,NA,NA,NA
"multinom_mixed_J3",87,1000,0.595197916030884,NA,NA,NA,NA,NA,NA
"multinom_mixed_J3",88,1000,0.583231925964355,NA,NA,NA,NA,NA,NA
"multinom_mixed_J3",89,1000,0.737136125564575,NA,NA,NA,NA,NA,NA
"multinom_mixed_J3",90,1000,0.558085918426514,NA,NA,NA,NA,NA,NA
"multinom_mixed_J3",91,1000,0.553138971328735,NA,NA,NA,NA,NA,NA
"multinom_mixed_J3",92,1000,0.558418989181519,NA,NA,NA,NA,NA,NA
"multinom_mixed_J3",93,1000,0.55105996131897,NA,NA,NA,NA,NA,NA
"multinom_mixed_J3",94,1000,0.544867038726807,NA,NA,NA,NA,NA,NA
"multinom_mixed_J3",95,1000,0.620455026626587,NA,NA,NA,NA,NA,NA
"multinom_mixed_J3",96,1000,0.515365839004517,NA,NA,NA,NA,NA,NA
"multinom_mixed_J3",97,1000,0.626407861709595,NA,NA,NA,NA,NA,NA
"multinom_mixed_J3",98,1000,0.515841960906982,NA,NA,NA,NA,NA,NA
"multinom_mixed_J3",99,1000,0.526490926742554,NA,NA,NA,NA,NA,NA
"multinom_mixed_J3",100,1000,0.507266998291016,NA,NA,NA,NA,NA,NA
"multinom_mixed_J3",101,1000,0.574244022369385,NA,NA,NA,NA,NA,NA
"multinom_mixed_J3",102,1000,0.626366138458252,NA,NA,NA,NA,NA,NA
"multinom_mixed_J3",103,1000,0.525138854980469,NA,NA,NA,NA,NA,NA
"multinom_mixed_J3",104,1000,0.654061079025269,NA,NA,NA,NA,NA,NA
"multinom_mixed_J3",105,1000,0.644897222518921,NA,NA,NA,NA,NA,NA
"multinom_mixed_J3",106,1000,0.624124050140381,NA,NA,NA,NA,NA,NA
"multinom_mixed_J3",107,1000,0.573376178741455,NA,NA,NA,NA,NA,NA
"multinom_mixed_J3",108,1000,0.680172920227051,NA,NA,NA,NA,NA,NA
"multinom_mixed_J3",109,1000,0.529417037963867,NA,NA,NA,NA,NA,NA
"multinom_mixed_J3",110,1000,0.692119121551514,NA,NA,NA,NA,NA,NA
"multinom_mixed_J3",111,1000,0.600569009780884,NA,NA,NA,NA,NA,NA
"multinom_mixed_J3",112,1000,0.537583112716675,NA,NA,NA,NA,NA,NA
"multinom_mixed_J3",113,1000,0.588425874710083,NA,NA,NA,NA,NA,NA
"multinom_mixed_J3",114,1000,0.559942960739136,NA,NA,NA,NA,NA,NA
"multinom_mixed_J3",115,1000,0.587126016616821,NA,NA,NA,NA,NA,NA
"multinom_mixed_J3",116,1000,0.659572124481201,NA,NA,NA,NA,NA,NA
"multinom_mixed_J3",117,1000,0.535676002502441,NA,NA,NA,NA,NA,NA
"multinom_mixed_J3",118,1000,0.531581878662109,NA,NA,NA,NA,NA,NA
"multinom_mixed_J3",119,1000,0.587481021881104,NA,NA,NA,NA,NA,NA
"multinom_mixed_J3",120,1000,0.603249073028564,NA,NA,NA,NA,NA,NA
"multinom_mixed_J3",121,1000,0.603446006774902,NA,NA,NA,NA,NA,NA
"multinom_mixed_J3",122,1000,0.584436893463135,NA,NA,NA,NA,NA,NA
"multinom_mixed_J3",123,1000,0.571252107620239,NA,NA,NA,NA,NA,NA
"multinom_mixed_J3",124,1000,0.545621156692505,NA,NA,NA,NA,NA,NA
"multinom_mixed_J3",125,1000,0.594090223312378,NA,NA,NA,NA,NA,NA
"multinom_mixed_J3",126,1000,0.582298994064331,NA,NA,NA,NA,NA,NA
"multinom_mixed_J3",127,1000,0.63513708114624,NA,NA,NA,NA,NA,NA
"multinom_mixed_J3",128,1000,0.558251142501831,NA,NA,NA,NA,NA,NA
"multinom_mixed_J3",129,1000,0.597207069396973,NA,NA,NA,NA,NA,NA
"multinom_mixed_J3",130,1000,0.551500797271729,NA,NA,NA,NA,NA,NA
"multinom_mixed_J3",131,1000,0.581831932067871,NA,NA,NA,NA,NA,NA
"multinom_mixed_J3",132,1000,0.569126129150391,NA,NA,NA,NA,NA,NA
"multinom_mixed_J3",133,1000,0.533164978027344,NA,NA,NA,NA,NA,NA
"multinom_mixed_J3",134,1000,0.5431067943573,NA,NA,NA,NA,NA,NA
"multinom_mixed_J3",135,1000,0.586977005004883,NA,NA,NA,NA,NA,NA
"multinom_mixed_J3",136,1000,0.567099094390869,NA,NA,NA,NA,NA,NA
"multinom_mixed_J3",137,1000,0.534557104110718,NA,NA,NA,NA,NA,NA
"multinom_mixed_J3",138,1000,0.596396923065186,NA,NA,NA,NA,NA,NA
"multinom_mixed_J3",139,1000,0.57451605796814,NA,NA,NA,NA,NA,NA
"multinom_mixed_J3",140,1000,0.52775502204895,NA,NA,NA,NA,NA,NA
"multinom_mixed_J3",141,1000,0.522775173187256,NA,NA,NA,NA,NA,NA
"multinom_mixed_J3",142,1000,0.595028162002563,NA,NA,NA,NA,NA,NA
"multinom_mixed_J3",143,1000,0.57179594039917,NA,NA,NA,NA,NA,NA
"multinom_mixed_J3",144,1000,0.846063852310181,NA,NA,NA,NA,NA,NA
"multinom_mixed_J3",145,1000,0.559284925460815,NA,NA,NA,NA,NA,NA
"multinom_mixed_J3",146,1000,0.56660008430481,NA,NA,NA,NA,NA,NA
"multinom_mixed_J3",147,1000,0.527631044387817,NA,NA,NA,NA,NA,NA
"multinom_mixed_J3",148,1000,0.68913197517395,NA,NA,NA,NA,NA,NA
"multinom_mixed_J3",149,1000,0.516731023788452,NA,NA,NA,NA,NA,NA
"multinom_mixed_J3",150,1000,0.5396409034729,NA,NA,NA,NA,NA,NA
"multinom_mixed_J3",151,1000,0.681747913360596,NA,NA,NA,NA,NA,NA
"multinom_mixed_J3",152,1000,0.580111980438232,NA,NA,NA,NA,NA,NA
"multinom_mixed_J3",153,1000,0.53526496887207,NA,NA,NA,NA,NA,NA
"multinom_mixed_J3",154,1000,0.539422988891602,NA,NA,NA,NA,NA,NA
"multinom_mixed_J3",155,1000,0.594151020050049,NA,NA,NA,NA,NA,NA
"multinom_mixed_J3",156,1000,0.648677110671997,NA,NA,NA,NA,NA,NA
"multinom_mixed_J3",157,1000,0.516683101654053,NA,NA,NA,NA,NA,NA
"multinom_mixed_J3",158,1000,0.589331150054932,NA,NA,NA,NA,NA,NA
"multinom_mixed_J3",159,1000,0.526784896850586,NA,NA,NA,NA,NA,NA
"multinom_mixed_J3",160,1000,0.57532000541687,NA,NA,NA,NA,NA,NA
"multinom_mixed_J5",1,1000,1.31921887397766,NA,NA,NA,NA,NA,NA
"multinom_mixed_J5",2,1000,1.38710403442383,NA,NA,NA,NA,NA,NA
"multinom_mixed_J5",3,1000,1.33518505096436,NA,NA,NA,NA,NA,NA
"multinom_mixed_J5",4,1000,1.40585398674011,NA,NA,NA,NA,NA,NA
"multinom_mixed_J5",5,1000,1.57689213752747,NA,NA,NA,NA,NA,NA
"multinom_mixed_J5",6,1000,1.48487401008606,NA,NA,NA,NA,NA,NA
"multinom_mixed_J5",7,1000,1.47901296615601,NA,NA,NA,NA,NA,NA
"multinom_mixed_J5",8,1000,1.98931002616882,NA,NA,NA,NA,NA,NA
"multinom_mixed_J5",9,1000,1.80779981613159,NA,NA,NA,NA,NA,NA
"multinom_mixed_J5",10,1000,1.4924521446228,NA,NA,NA,NA,NA,NA
"multinom_mixed_J5",11,1000,1.57251596450806,NA,NA,NA,NA,NA,NA
"multinom_mixed_J5",12,1000,1.43685913085938,NA,NA,NA,NA,NA,NA
"multinom_mixed_J5",13,1000,1.57317018508911,NA,NA,NA,NA,NA,NA
"multinom_mixed_J5",14,1000,1.83659410476685,NA,NA,NA,NA,NA,NA
"multinom_mixed_J5",15,1000,1.69058704376221,NA,NA,NA,NA,NA,NA
"multinom_mixed_J5",16,1000,1.63579416275024,NA,NA,NA,NA,NA,NA
"multinom_mixed_J5",17,1000,1.24777793884277,NA,NA,NA,NA,NA,NA
"multinom_mixed_J5",18,1000,1.61763501167297,NA,NA,NA,NA,NA,NA
"multinom_mixed_J5",19,1000,1.68214702606201,NA,NA,NA,NA,NA,NA
"multinom_mixed_J5",20,1000,1.45661306381226,NA,NA,NA,NA,NA,NA
"multinom_mixed_J5",21,1000,1.67548298835754,NA,NA,NA,NA,NA,NA
"multinom_mixed_J5",22,1000,1.80352091789246,NA,NA,NA,NA,NA,NA
"multinom_mixed_J5",23,1000,1.99434804916382,NA,NA,NA,NA,NA,NA
"multinom_mixed_J5",24,1000,1.46177101135254,NA,NA,NA,NA,NA,NA
"multinom_mixed_J5",25,1000,1.73827505111694,NA,NA,NA,NA,NA,NA
"multinom_mixed_J5",26,1000,1.72410821914673,NA,NA,NA,NA,NA,NA
"multinom_mixed_J5",27,1000,1.44786095619202,NA,NA,NA,NA,NA,NA
"multinom_mixed_J5",28,1000,1.47618198394775,NA,NA,NA,NA,NA,NA
"multinom_mixed_J5",29,1000,1.49799299240112,NA,NA,NA,NA,NA,NA
"multinom_mixed_J5",30,1000,1.56735587120056,NA,NA,NA,NA,NA,NA
"multinom_mixed_J5",31,1000,1.44309997558594,NA,NA,NA,NA,NA,NA
"multinom_mixed_J5",32,1000,1.60250496864319,NA,NA,NA,NA,NA,NA
"multinom_mixed_J5",33,1000,1.91902112960815,NA,NA,NA,NA,NA,NA
"multinom_mixed_J5",34,1000,1.46843504905701,NA,NA,NA,NA,NA,NA
"multinom_mixed_J5",35,1000,1.50126314163208,NA,NA,NA,NA,NA,NA
"multinom_mixed_J5",36,1000,1.54431891441345,NA,NA,NA,NA,NA,NA
"multinom_mixed_J5",37,1000,1.47787284851074,NA,NA,NA,NA,NA,NA
"multinom_mixed_J5",38,1000,1.63725805282593,NA,NA,NA,NA,NA,NA
"multinom_mixed_J5",39,1000,1.44821000099182,NA,NA,NA,NA,NA,NA
"multinom_mixed_J5",40,1000,1.47032284736633,NA,NA,NA,NA,NA,NA
"multinom_mixed_J5",41,1000,1.64817690849304,NA,NA,NA,NA,NA,NA
"multinom_mixed_J5",42,1000,1.48994588851929,NA,NA,NA,NA,NA,NA
"multinom_mixed_J5",43,1000,1.37023401260376,NA,NA,NA,NA,NA,NA
"multinom_mixed_J5",44,1000,1.72266101837158,NA,NA,NA,NA,NA,NA
"multinom_mixed_J5",45,1000,1.41204190254211,NA,NA,NA,NA,NA,NA
"multinom_mixed_J5",46,1000,1.7191379070282,NA,NA,NA,NA,NA,NA
"multinom_mixed_J5",47,1000,1.23341512680054,NA,NA,NA,NA,NA,NA
"multinom_mixed_J5",48,1000,1.59891176223755,NA,NA,NA,NA,NA,NA
"multinom_mixed_J5",49,1000,1.37813806533813,NA,NA,NA,NA,NA,NA
"multinom_mixed_J5",50,1000,1.28787302970886,NA,NA,NA,NA,NA,NA
"multinom_mixed_J5",51,1000,1.30173897743225,NA,NA,NA,NA,NA,NA
"multinom_mixed_J5",52,1000,1.57605409622192,NA,NA,NA,NA,NA,NA
"multinom_mixed_J5",53,1000,1.67900896072388,NA,NA,NA,NA,NA,NA
"multinom_mixed_J5",54,1000,1.4676468372345,NA,NA,NA,NA,NA,NA
"multinom_mixed_J5",55,1000,1.91043210029602,NA,NA,NA,NA,NA,NA
"multinom_mixed_J5",56,1000,1.71151685714722,NA,NA,NA,NA,NA,NA
"multinom_mixed_J5",57,1000,1.48939609527588,NA,NA,NA,NA,NA,NA
"multinom_mixed_J5",58,1000,1.36473083496094,NA,NA,NA,NA,NA,NA
"multinom_mixed_J5",59,1000,1.42737603187561,NA,NA,NA,NA,NA,NA
"multinom_mixed_J5",60,1000,1.44578909873962,NA,NA,NA,NA,NA,NA
"multinom_mixed_J5",61,1000,1.55730891227722,NA,NA,NA,NA,NA,NA
"multinom_mixed_J5",62,1000,1.47954607009888,NA,NA,NA,NA,NA,NA
"multinom_mixed_J5",63,1000,1.58603596687317,NA,NA,NA,NA,NA,NA
"multinom_mixed_J5",64,1000,1.77626609802246,NA,NA,NA,NA,NA,NA
"multinom_mixed_J5",65,1000,1.64804410934448,NA,NA,NA,NA,NA,NA
"multinom_mixed_J5",66,1000,1.92678880691528,NA,NA,NA,NA,NA,NA
"multinom_mixed_J5",67,1000,1.65719795227051,NA,NA,NA,NA,NA,NA
"multinom_mixed_J5",68,1000,1.59526705741882,NA,NA,NA,NA,NA,NA
"multinom_mixed_J5",69,1000,1.29274606704712,NA,NA,NA,NA,NA,NA
"multinom_mixed_J5",70,1000,1.26290202140808,NA,NA,NA,NA,NA,NA
"multinom_mixed_J5",71,1000,1.53104901313782,NA,NA,NA,NA,NA,NA
"multinom_mixed_J5",72,1000,1.5945680141449,NA,NA,NA,NA,NA,NA
"multinom_mixed_J5",73,1000,1.61101579666138,NA,NA,NA,NA,NA,NA
"multinom_mixed_J5",74,1000,1.56092691421509,NA,NA,NA,NA,NA,NA
"multinom_mixed_J5",75,1000,1.45575213432312,NA,NA,NA,NA,NA,NA
"multinom_mixed_J5",76,1000,1.377690076828,NA,NA,NA,NA,NA,NA
"multinom_mixed_J5",77,1000,1.61644792556763,NA,NA,NA,NA,NA,NA
"multinom_mixed_J5",78,1000,1.64815902709961,NA,NA,NA,NA,NA,NA
"multinom_mixed_J5",79,1000,1.5401132106781,NA,NA,NA,NA,NA,NA
"multinom_mixed_J5",80,1000,1.33499598503113,NA,NA,NA,NA,NA,NA
"multinom_mixed_J5",81,1000,1.79428601264954,NA,NA,NA,NA,NA,NA
"multinom_mixed_J5",82,1000,1.7900710105896,NA,NA,NA,NA,NA,NA
"multinom_mixed_J5",83,1000,1.51221489906311,NA,NA,NA,NA,NA,NA
"multinom_mixed_J5",84,1000,1.33600687980652,NA,NA,NA,NA,NA,NA
"multinom_mixed_J5",85,1000,1.68936800956726,NA,NA,NA,NA,NA,NA
"multinom_mixed_J5",86,1000,1.35576319694519,NA,NA,NA,NA,NA,NA
"multinom_mixed_J5",87,1000,1.65374302864075,NA,NA,NA,NA,NA,NA
"multinom_mixed_J5",88,1000,1.62290596961975,NA,NA,NA,NA,NA,NA
"multinom_mixed_J5",89,1000,1.50337815284729,NA,NA,NA,NA,NA,NA
"multinom_mixed_J5",90,1000,1.60575294494629,NA,NA,NA,NA,NA,NA
"multinom_mixed_J5",91,1000,1.38790702819824,NA,NA,NA,NA,NA,NA
"multinom_mixed_J5",92,1000,1.88794708251953,NA,NA,NA,NA,NA,NA
"multinom_mixed_J5",93,1000,1.58275008201599,NA,NA,NA,NA,NA,NA
"multinom_mixed_J5",94,1000,1.54622483253479,NA,NA,NA,NA,NA,NA
"multinom_mixed_J5",95,1000,1.62056493759155,NA,NA,NA,NA,NA,NA
"multinom_mixed_J5",96,1000,1.49431991577148,NA,NA,NA,NA,NA,NA
"multinom_mixed_J5",97,1000,1.79590392112732,NA,NA,NA,NA,NA,NA
"multinom_mixed_J5",98,1000,1.53018593788147,NA,NA,NA,NA,NA,NA
"multinom_mixed_J5",99,1000,1.79430294036865,NA,NA,NA,NA,NA,NA
"multinom_mixed_J5",100,1000,1.79778099060059,NA,NA,NA,NA,NA,NA
"multinom_mixed_J5",101,1000,1.56014204025269,NA,NA,NA,NA,NA,NA
"multinom_mixed_J5",102,1000,1.74596118927002,NA,NA,NA,NA,NA,NA
"multinom_mixed_J5",103,1000,1.75715804100037,NA,NA,NA,NA,NA,NA
"multinom_mixed_J5",104,1000,1.24697709083557,NA,NA,NA,NA,NA,NA
"multinom_mixed_J5",105,1000,1.42556095123291,NA,NA,NA,NA,NA,NA
"multinom_mixed_J5",106,1000,2.10797095298767,NA,NA,NA,NA,NA,NA
"multinom_mixed_J5",107,1000,1.40137100219727,NA,NA,NA,NA,NA,NA
"multinom_mixed_J5",108,1000,1.39164686203003,NA,NA,NA,NA,NA,NA
"multinom_mixed_J5",109,1000,1.53232312202454,NA,NA,NA,NA,NA,NA
"multinom_mixed_J5",110,1000,1.40511298179626,NA,NA,NA,NA,NA,NA
"multinom_mixed_J5",111,1000,1.50629305839539,NA,NA,NA,NA,NA,NA
"multinom_mixed_J5",112,1000,1.53122687339783,NA,NA,NA,NA,NA,NA
"multinom_mixed_J5",113,1000,1.51486682891846,NA,NA,NA,NA,NA,NA
"multinom_mixed_J5",114,1000,1.50278282165527,NA,NA,NA,NA,NA,NA
"multinom_mixed_J5",115,1000,1.90855383872986,NA,NA,NA,NA,NA,NA
"multinom_mixed_J5",116,1000,1.62142896652222,NA,NA,NA,NA,NA,NA
"multinom_mixed_J5",117,1000,1.74165415763855,NA,NA,NA,NA,NA,NA
"multinom_mixed_J5",118,1000,1.49977111816406,NA,NA,NA,NA,NA,NA
"multinom_mixed_J5",119,1000,1.83195996284485,NA,NA,NA,NA,NA,NA
"multinom_mixed_J5",120,1000,1.69819593429565,NA,NA,NA,NA,NA,NA
"multinom_mixed_J5",121,1000,1.68876314163208,NA,NA,NA,NA,NA,NA
"multinom_mixed_J5",122,1000,1.5986750125885,NA,NA,NA,NA,NA,NA
"multinom_mixed_J5",123,1000,1.31573796272278,NA,NA,NA,NA,NA,NA
"multinom_mixed_J5",124,1000,1.65033912658691,NA,NA,NA,NA,NA,NA
"multinom_mixed_J5",125,1000,1.5827329158783,NA,NA,NA,NA,NA,NA
"multinom_mixed_J5",126,1000,1.91175103187561,NA,NA,NA,NA,NA,NA
"multinom_mixed_J5",127,1000,1.6922619342804,NA,NA,NA,NA,NA,NA
"multinom_mixed_J5",128,1000,1.55921101570129,NA,NA,NA,NA,NA,NA
"multinom_mixed_J5",129,1000,2.25150108337402,NA,NA,NA,NA,NA,NA
"multinom_mixed_J5",130,1000,1.53899884223938,NA,NA,NA,NA,NA,NA
"multinom_mixed_J5",131,1000,1.60073304176331,NA,NA,NA,NA,NA,NA
"multinom_mixed_J5",132,1000,1.56871700286865,NA,NA,NA,NA,NA,NA
"multinom_mixed_J5",133,1000,1.31447005271912,NA,NA,NA,NA,NA,NA
"multinom_mixed_J5",134,1000,1.71612191200256,NA,NA,NA,NA,NA,NA
"multinom_mixed_J5",135,1000,1.66896605491638,NA,NA,NA,NA,NA,NA
"multinom_mixed_J5",136,1000,1.38264799118042,NA,NA,NA,NA,NA,NA
"multinom_mixed_J5",137,1000,1.74198317527771,NA,NA,NA,NA,NA,NA
"multinom_mixed_J5",138,1000,1.63824200630188,NA,NA,NA,NA,NA,NA
"multinom_mixed_J5",139,1000,1.45015001296997,NA,NA,NA,NA,NA,NA
"multinom_mixed_J5",140,1000,1.49882793426514,NA,NA,NA,NA,NA,NA
"multinom_mixed_J5",141,1000,1.58392596244812,NA,NA,NA,NA,NA,NA
"multinom_mixed_J5",142,1000,1.66290497779846,NA,NA,NA,NA,NA,NA
"multinom_mixed_J5",143,1000,1.5477089881897,NA,NA,NA,NA,NA,NA
"multinom_mixed_J5",144,1000,1.8938889503479,NA,NA,NA,NA,NA,NA
"multinom_mixed_J5",145,1000,1.47568202018738,NA,NA,NA,NA,NA,NA
"multinom_mixed_J5",146,1000,1.95100593566895,NA,NA,NA,NA,NA,NA
"multinom_mixed_J5",147,1000,1.66248297691345,NA,NA,NA,NA,NA,NA
"multinom_mixed_J5",148,1000,1.35350799560547,NA,NA,NA,NA,NA,NA
"multinom_mixed_J5",149,1000,1.60824990272522,NA,NA,NA,NA,NA,NA
"multinom_mixed_J5",150,1000,1.75448107719421,NA,NA,NA,NA,NA,NA
"multinom_mixed_J5",151,1000,1.58163714408875,NA,NA,NA,NA,NA,NA
"multinom_mixed_J5",152,1000,1.87281203269958,NA,NA,NA,NA,NA,NA
"multinom_mixed_J5",153,1000,1.4452338218689,NA,NA,NA,NA,NA,NA
"multinom_mixed_J5",154,1000,1.39514589309692,NA,NA,NA,NA,NA,NA
"multinom_mixed_J5",155,1000,1.70872497558594,NA,NA,NA,NA,NA,NA
"multinom_mixed_J5",156,1000,1.9021852016449,NA,NA,NA,NA,NA,NA
"multinom_mixed_J5",157,1000,1.491455078125,NA,NA,NA,NA,NA,NA
"multinom_mixed_J5",158,1000,1.30845403671265,NA,NA,NA,NA,NA,NA
"multinom_mixed_J5",159,1000,1.73179697990417,NA,NA,NA,NA,NA,NA
"multinom_mixed_J5",160,1000,1.49409508705139,NA,NA,NA,NA,NA,NA
"scaling_J3",20,500,0.336060047149658,NA,NA,NA,NA,NA,NA
"scaling_J3",40,1000,0.746043920516968,NA,NA,NA,NA,NA,NA
"scaling_J3",80,2000,1.23847699165344,NA,NA,NA,NA,NA,NA
"scaling_J3",160,4000,2.02725887298584,NA,NA,NA,NA,NA,NA
