"phase","cell","rep","seed","sd_hat","ysd","push","at"
"phase1",1,1,8192,0.324990616961736,0.810744,2.22238643867624,FALSE
"phase1",4,1,32765,0.0631493809650846,0.800194,0.0052689678399247,FALSE
"phase1",7,1,57338,0.244039318393073,0.719223,3.67023992858839,FALSE
"phase1",10,1,81911,0.210456667164796,0.712142,4.20993494083183,FALSE
"phase1",13,1,106484,7.49818911551027e-06,0.773747,-4.88739715365227e-10,TRUE
"phase1",16,1,131057,0.177341067587665,0.806279,0.477697819650075,FALSE
"phase1",19,1,155630,1.98988428953569e-05,0.765101,-3.19886339639197e-09,TRUE
"phase1",22,1,180203,0.548913640133905,0.921168,33.025472991248,FALSE
"phase1",25,1,204776,0.134183076798883,0.690073,0.402298402848558,FALSE
"phase1",28,1,229349,7.57470066915667e-06,0.584725,-7.7572650525326e-09,TRUE
"phase1",31,1,253922,0.087518142362706,0.557591,0.801038926197805,FALSE
"phase1",34,1,278495,0.067959519151199,0.579056,0.0304896776137156,FALSE
"phase1",37,1,303068,0.0712744606904967,0.627641,0.123196129900833,FALSE
"phase1",40,1,327641,1.81202579296046e-05,0.569118,-2.68517226231779e-08,TRUE
"phase1",43,1,352214,9.5090977508295e-06,0.631654,-4.27871071906338e-09,TRUE
"phase1",46,1,376787,0.31565629984158,0.629714,13.9870046832307,FALSE
"phase1",49,1,401360,0.294590170574401,0.691569,24.7867576950453,FALSE
"phase1",1,2,8193,1.47591543899093e-05,0.753728,-9.6167696028715e-10,TRUE
"phase1",4,2,32766,1.0680873212697e-05,0.775318,-1.55682755575981e-09,TRUE
"phase1",7,2,57339,1.3322384696804e-05,0.769211,-1.40249767355272e-09,TRUE
"phase1",10,2,81912,7.11389965183274e-06,0.820098,-1.10986775325728e-09,TRUE
"phase1",13,2,106485,0.272828965324114,0.814599,0.571072364726206,FALSE
"phase1",16,2,131058,0.274640970256111,0.829863,2.48273703015036,FALSE
"phase1",19,2,155631,0.450783439021554,0.841389,11.4707537520491,FALSE
"phase1",22,2,180204,0.529029283678845,0.937238,20.5735521486856,FALSE
"phase1",25,2,204777,0.134936926242692,0.632534,0.453168766965867,FALSE
"phase1",28,2,229350,1.17996426327927e-05,0.580153,-7.77149011810252e-09,TRUE
"phase1",31,2,253923,0.071670093899581,0.617258,0.2570240153903,FALSE
"phase1",34,2,278496,0.145234905748384,0.569928,0.731379050854223,FALSE
"phase1",37,2,303069,7.71112562282422e-06,0.551381,-4.64358151930355e-09,TRUE
"phase1",40,2,327642,0.100344530167512,0.58439,0.952997224714977,FALSE
"phase1",43,2,352215,0.378392691567147,0.757679,8.9249329410063,FALSE
"phase1",46,2,376788,0.271745406417306,0.668511,6.87379854245344,FALSE
"phase1",49,2,401361,0.310561915296497,0.673643,31.084173687078,FALSE
"phase1",1,3,8194,2.07482279177245e-05,0.703095,-4.17395540353027e-09,TRUE
"phase1",4,3,32767,0.157646510581001,0.778355,0.471143270012703,FALSE
"phase1",7,3,57340,3.21714277226865e-05,0.816966,-9.54003098740941e-10,TRUE
"phase1",10,3,81913,4.99130322152519e-06,0.745537,-2.82000200968469e-10,TRUE
"phase1",13,3,106486,0.307605337022125,0.723062,10.6206204608152,FALSE
"phase1",16,3,131059,0.299001838909024,0.822938,4.94455825639488,FALSE
"phase1",19,3,155632,0.296667359760643,0.841774,0.717457294530135,FALSE
"phase1",22,3,180205,0.398492909134747,0.884965,10.2966674262696,FALSE
"phase1",25,3,204778,7.10798910653594e-06,0.579585,-3.00799030128474e-09,TRUE
"phase1",28,3,229351,1.37251023099873e-05,0.55961,-9.4015746299192e-09,TRUE
"phase1",31,3,253924,1.06258059226252e-05,0.540101,-1.90526918686373e-08,TRUE
"phase1",34,3,278497,7.19421969821207e-06,0.569183,-4.56353177469282e-09,TRUE
"phase1",37,3,303070,0.0789989614200501,0.653743,0.0940569783599727,FALSE
"phase1",40,3,327643,0.0753667384874928,0.565087,0.392209106980545,FALSE
"phase1",43,3,352216,0.407053701900117,0.634819,17.7341475837576,FALSE
"phase1",46,3,376789,0.156564064943877,0.703862,1.1237188974562,FALSE
"phase1",49,3,401362,0.301328816546845,0.685573,26.747550466354,FALSE
"phase1",1,4,8195,0.281874791314258,0.72804,5.39713534153293,FALSE
"phase1",4,4,32768,2.54703165525136e-06,0.740713,-7.16624981578207e-10,TRUE
"phase1",7,4,57341,0.299946574266886,0.809289,2.43665178999328,FALSE
"phase1",10,4,81914,0.272447282525261,0.775399,8.86873307219429,FALSE
"phase1",13,4,106487,0.300732472733326,0.744108,7.01946486719245,FALSE
"phase1",16,4,131060,0.272514869767704,0.749399,7.52246142966322,FALSE
"phase1",19,4,155633,3.40761867889825e-05,0.865236,-6.64670096739428e-10,TRUE
"phase1",22,4,180206,0.263951129748139,0.869065,1.13450294567917,FALSE
"phase1",25,4,204779,8.79108701424842e-06,0.468717,-1.89060145316944e-09,TRUE
"phase1",28,4,229352,1.81511969735223e-05,0.55118,-5.73955105664936e-09,TRUE
"phase1",31,4,253925,1.40425087065648e-05,0.611165,-2.00838883301913e-08,TRUE
"phase1",34,4,278498,1.27825732822661e-05,0.524246,-2.28614638331237e-09,TRUE
"phase1",37,4,303071,7.93626425688207e-06,0.605769,-5.59350610274123e-09,TRUE
"phase1",40,4,327644,0.084406288084537,0.583711,0.550124917020128,FALSE
"phase1",43,4,352217,0.14069388077397,0.484233,1.51964411168532,FALSE
"phase1",46,4,376790,0.402281934624756,0.746623,29.6832770946011,FALSE
"phase1",49,4,401363,0.352276359091728,0.671764,44.1153829109745,FALSE
"phase1",1,5,8196,8.29014421126283e-06,0.728156,-9.53832568484358e-10,TRUE
"phase1",4,5,32769,0.200316038786529,0.782361,0.668735823571012,FALSE
"phase1",7,5,57342,1.66726061633054e-05,0.780523,-1.06513198261382e-09,TRUE
"phase1",10,5,81915,0.166748888780585,0.720857,1.66086654293593,FALSE
"phase1",13,5,106488,0.290066113043448,0.834479,2.49753859336695,FALSE
"phase1",16,5,131061,0.0458378168999182,0.778763,0.00121013794409919,FALSE
"phase1",19,5,155634,1.63835709870225e-05,0.889711,-1.89459115063073e-10,TRUE
"phase1",22,5,180207,0.326673097987238,0.827711,3.56492476897631,FALSE
"phase1",25,5,204780,8.38761877496927e-06,0.612847,-3.27900551155835e-09,TRUE
"phase1",28,5,229353,0.218876366358578,0.606,4.05314203184125,FALSE
"phase1",31,5,253926,1.51338331474095e-05,0.567022,-2.40409008256393e-08,TRUE
"phase1",34,5,278499,8.44106257757479e-06,0.568833,-3.56534002321496e-09,TRUE
"phase1",37,5,303072,2.12187699359965e-05,0.569573,-7.9437540989602e-09,TRUE
"phase1",40,5,327645,0.0727138586235893,0.641524,0.202861464640478,FALSE
"phase1",43,5,352218,0.221624462319476,0.537468,3.18166732759448,FALSE
"phase1",46,5,376791,0.301618098164085,0.671678,10.8880437457087,FALSE
"phase1",49,5,401364,0.291026764802196,0.636342,28.6912802393909,FALSE
"phase1",1,6,8197,0.200132899876095,0.747031,0.752207837817167,FALSE
"phase1",4,6,32770,0.145918347707368,0.793294,0.285853074743272,FALSE
"phase1",7,6,57343,2.63246896119388e-05,0.83684,-6.31246166449273e-10,TRUE
"phase1",10,6,81916,0.049242950526211,0.731475,0.00769725248341047,FALSE
"phase1",13,6,106489,0.000125065949974087,0.838532,-9.15406417334452e-10,TRUE
"phase1",16,6,131062,0.435334638734135,0.879494,10.8215814771183,FALSE
"phase1",19,6,155635,2.19732121000198e-05,0.859723,-1.22417986858636e-09,TRUE
"phase1",22,6,180208,0.411854034820754,0.861155,11.0959484827392,FALSE
"phase1",25,6,204781,3.98865890443371e-06,0.545588,-1.79610992745438e-09,TRUE
"phase1",28,6,229354,1.08148924923129e-05,0.619546,-1.03315187516273e-08,TRUE
"phase1",31,6,253927,0.107849965424239,0.612841,1.11629072854623,FALSE
"phase1",34,6,278500,0.0996181034233505,0.600766,0.210542028624111,FALSE
"phase1",37,6,303073,0.183588895016144,0.591961,3.29227999083275,FALSE
"phase1",40,6,327646,0.0806470030105079,0.606396,0.377920550991547,FALSE
"phase1",43,6,352219,0.36859042384509,0.593048,17.9456608294752,FALSE
"phase1",46,6,376792,0.251308126570919,0.569458,8.26089259607205,FALSE
"phase1",49,6,401365,0.299899155567499,0.690627,27.5595868656553,FALSE
"phase1",1,7,8198,3.61960153051071e-06,0.74641,-3.19118953484576e-10,TRUE
"phase1",4,7,32771,0.230904543325441,0.740054,3.42231750862743,FALSE
"phase1",7,7,57344,0.000112299117001933,0.723555,-1.87787918548565e-09,TRUE
"phase1",10,7,81917,5.70129882818793e-06,0.76301,-1.09469056042144e-09,TRUE
"phase1",13,7,106490,5.05972217397981e-05,0.773412,-1.20348886412103e-09,TRUE
"phase1",16,7,131063,0.280403087609271,0.849094,2.57205939971601,FALSE
"phase1",19,7,155636,2.50929833306252e-05,0.927554,-1.70689418155234e-09,TRUE
"phase1",22,7,180209,0.534658450007548,0.955499,12.8198218852332,FALSE
"phase1",25,7,204782,6.06657843268267e-06,0.668064,-2.70853206529864e-09,TRUE
"phase1",28,7,229355,1.55989379498409e-05,0.607123,-6.78683420574089e-09,TRUE
"phase1",31,7,253928,1.43312566529951e-05,0.570343,-1.92308391433471e-08,TRUE
"phase1",34,7,278501,8.13208905361297e-06,0.492557,-2.56342858051539e-09,TRUE
"phase1",37,7,303074,1.947047290677e-05,0.54005,-8.80329764640919e-09,TRUE
"phase1",40,7,327647,0.0570427846810435,0.637667,0.0816309434880793,FALSE
"phase1",43,7,352220,0.0301187993691885,0.607382,0.00304284375037867,FALSE
"phase1",46,7,376793,0.295944337551125,0.617829,12.1391176455486,FALSE
"phase1",49,7,401366,0.297878325784203,0.671229,28.4275607868007,FALSE
"phase1",1,8,8199,0.158000222726576,0.792807,0.262973745503473,FALSE
"phase1",4,8,32772,0.149604084808848,0.780938,0.430838308879117,FALSE
"phase1",7,8,57345,0.280293921622481,0.774348,1.68009141817299,FALSE
"phase1",10,8,81918,0.364559202299523,0.807648,17.5617338623642,FALSE
"phase1",13,8,106491,1.99252593760815e-05,0.80999,-1.63043978318456e-09,TRUE
"phase1",16,8,131064,0.132537651898812,0.785315,0.137395732688162,FALSE
"phase1",19,8,155637,0.460976375044443,0.853689,11.9382344003908,FALSE
"phase1",22,8,180210,0.443573952266861,0.868715,15.9433710969437,FALSE
"phase1",25,8,204783,5.95485496268313e-06,0.549165,-3.4813893989849e-09,TRUE
"phase1",28,8,229356,7.40634436733667e-06,0.616508,-6.03851901814778e-09,TRUE
"phase1",31,8,253929,2.18247061107391e-05,0.586773,-1.42767362376617e-08,TRUE
"phase1",34,8,278502,0.102623035629733,0.586665,0.205151236847463,FALSE
"phase1",37,8,303075,1.28245798255981e-05,0.599446,-7.30838678464352e-09,TRUE
"phase1",40,8,327648,0.0953022930874825,0.61181,0.850374285383481,FALSE
"phase1",43,8,352221,0.265994109310605,0.590788,4.55791384091393,FALSE
"phase1",46,8,376794,0.240117991369569,0.627218,6.27202970259279,FALSE
"phase1",49,8,401367,0.264371246611603,0.658753,19.5484984886883,FALSE
"phase1",1,9,8200,5.39813251713542e-06,0.746309,-3.7005065678386e-10,TRUE
"phase1",4,9,32773,0.195176988780249,0.807028,0.651724604793287,FALSE
"phase1",7,9,57346,1.49374913813716e-05,0.76807,-1.93381310964469e-09,TRUE
"phase1",10,9,81919,0.185364461632788,0.763878,1.11345755845963,FALSE
"phase1",13,9,106492,0.531550492072404,0.876068,22.8844403201131,FALSE
"phase1",16,9,131065,0.306854611419671,0.856827,3.66289601029814,FALSE
"phase1",19,9,155638,7.17944745072207e-05,0.925593,-1.86469151230995e-09,TRUE
"phase1",22,9,180211,0.49143983537375,0.905552,18.2326510524306,FALSE
"phase1",25,9,204784,6.85567004605162e-06,0.569081,-2.2616575279244e-09,TRUE
"phase1",28,9,229357,0.0857520007822843,0.597611,0.137747216360339,FALSE
"phase1",31,9,253930,1.26281965846864e-05,0.552073,-2.3150334982347e-08,TRUE
"phase1",34,9,278503,6.02870008677807e-06,0.524026,-2.58578936040976e-09,TRUE
"phase1",37,9,303076,0.103789182684863,0.542027,0.404389981420508,FALSE
"phase1",40,9,327649,0.05394818806104,0.607218,0.0848584994277815,FALSE
"phase1",43,9,352222,0.288503940612204,0.588127,6.47619116087786,FALSE
"phase1",46,9,376795,0.0236391844675242,0.644402,0.000765957724439659,TRUE
"phase1",49,9,401368,0.265304446963472,0.632041,24.6846955651416,FALSE
"phase1",1,10,8201,0.100531704762979,0.758579,0.0340597485596277,FALSE
"phase1",4,10,32774,7.38847714687977e-06,0.766401,-9.03924046724569e-10,TRUE
"phase1",7,10,57347,1.99770885269431e-05,0.728071,-1.41142209031386e-09,TRUE
"phase1",10,10,81920,0.270970924445456,0.759972,7.28740449836187,FALSE
"phase1",13,10,106493,1.09645135319823e-05,0.907934,-4.7975845518522e-11,TRUE
"phase1",16,10,131066,0.244430797389433,0.775165,2.20872655934107,FALSE
"phase1",19,10,155639,0.574904452926211,0.914959,40.1728356342371,FALSE
"phase1",22,10,180212,0.460890380357018,0.881766,16.1418860087726,FALSE
"phase1",25,10,204785,2.55422941174146e-05,0.615204,-4.56925164371569e-09,TRUE
"phase1",28,10,229358,1.28583692834805e-05,0.574969,-5.95682081439008e-09,TRUE
"phase1",31,10,253931,0.0430469378925506,0.563853,0.0457071670344931,FALSE
"phase1",34,10,278504,0.155158932228823,0.609421,0.539496912728673,FALSE
"phase1",37,10,303077,0.214311867101704,0.596626,4.63339304766036,FALSE
"phase1",40,10,327650,0.0810276858502466,0.629044,0.37867384283831,FALSE
"phase1",43,10,352223,0.421385518640901,0.787454,9.91298574439699,FALSE
"phase1",46,10,376796,0.158125916759629,0.525102,2.35345104380181,FALSE
"phase1",49,10,401369,0.330331060249099,0.653248,41.0895523564722,FALSE
"phase1",1,11,8202,3.33701220305477e-06,0.747399,-4.33544755651383e-10,TRUE
"phase1",4,11,32775,1.29860234422977e-05,0.722111,-1.63231561600696e-09,TRUE
"phase1",7,11,57348,0.239086625004836,0.776401,0.817794502412681,FALSE
"phase1",10,11,81921,0.166133016593986,0.734712,1.29135481555045,FALSE
"phase1",13,11,106494,0.263498324212525,0.720483,2.1585323986632,FALSE
"phase1",16,11,131067,0.168020103647356,0.82149,0.158329695252348,FALSE
"phase1",19,11,155640,0.4943664587021,0.989259,3.37777367586801,FALSE
"phase1",22,11,180213,0.647188157235319,0.957719,51.2943281753851,FALSE
"phase1",25,11,204786,7.30823104268647e-06,0.564979,-2.50503973120431e-09,TRUE
"phase1",28,11,229359,1.47682157900843e-05,0.541644,-4.36414637761118e-09,TRUE
"phase1",31,11,253932,1.60044845088724e-05,0.536049,-1.72205147919158e-08,TRUE
"phase1",34,11,278505,0.0134531865100427,0.54813,6.96280718344156e-05,TRUE
"phase1",37,11,303078,0.0812854185029829,0.518909,0.226019225031798,FALSE
"phase1",40,11,327651,0.117308683751388,0.60034,1.61083856795386,FALSE
"phase1",43,11,352224,0.18786530252814,0.626386,1.38811646735727,FALSE
"phase1",46,11,376797,0.234373286405651,0.59668,5.53892844446543,FALSE
"phase1",49,11,401370,0.198131480299426,0.603619,10.5461266424659,FALSE
"phase1",1,12,8203,0.224484529989573,0.737568,3.1648310112312,FALSE
"phase1",4,12,32776,5.5786653976492e-06,0.803369,-9.27002474782057e-10,TRUE
"phase1",7,12,57349,0.000151112646796645,0.770571,-7.5061734605697e-10,TRUE
"phase1",10,12,81922,0.1473719890683,0.768769,0.528694121277226,FALSE
"phase1",13,12,106495,0.4092177753421,0.844988,4.76287633091385,FALSE
"phase1",16,12,131068,9.8110250391975e-06,0.78207,-8.51059667184018e-10,TRUE
"phase1",19,12,155641,2.52828830511101e-05,0.847139,-1.36316202770104e-09,TRUE
"phase1",22,12,180214,0.342542812399846,0.925037,1.36298614892064,FALSE
"phase1",25,12,204787,2.61564246700347e-05,0.630101,-3.76458331174945e-09,TRUE
"phase1",28,12,229360,0.0924470410431503,0.542342,0.297654912932629,FALSE
"phase1",31,12,253933,9.54928734671259e-06,0.544577,-1.63075242198829e-08,TRUE
"phase1",34,12,278506,0.0831337308144049,0.571162,0.102299678557912,FALSE
"phase1",37,12,303079,0.15119654411684,0.613424,1.18919122101886,FALSE
"phase1",40,12,327652,0.0768655708213962,0.584227,0.322457659489174,FALSE
"phase1",43,12,352225,0.162498731543925,0.58786,0.782169931853275,FALSE
"phase1",46,12,376798,0.239980028093705,0.617007,5.0351683993908,FALSE
"phase1",49,12,401371,0.322930022768841,0.637068,48.3429882771184,FALSE
"phase1",1,13,8204,1.15151319700399e-05,0.786053,-6.44035935692955e-11,TRUE
"phase1",4,13,32777,0.153880346401471,0.763184,0.726498792320967,FALSE
"phase1",7,13,57350,2.89351625096315e-05,0.776436,-5.82133452553535e-10,TRUE
"phase1",10,13,81923,0.0984091589177272,0.774522,0.062081100355158,FALSE
"phase1",13,13,106496,0.292260156237971,0.731812,4.13895524939639,FALSE
"phase1",16,13,131069,0.319853893853473,0.760868,9.86992742133469,FALSE
"phase1",19,13,155642,0.521842359544788,0.910224,16.6196019700953,FALSE
"phase1",22,13,180215,0.361182865076601,0.817524,11.5136810135039,FALSE
"phase1",25,13,204788,1.00717299804861e-05,0.647769,-3.65933772172866e-09,TRUE
"phase1",28,13,229361,0.14912139707931,0.559532,1.72915162685864,FALSE
"phase1",31,13,253934,0.0425942350639783,0.57546,0.0360949311621823,FALSE
"phase1",34,13,278507,0.141854754780892,0.605283,0.557271271410585,FALSE
"phase1",37,13,303080,3.63193307382917e-05,0.632398,-9.17913212106214e-09,TRUE
"phase1",40,13,327653,0.179807668739798,0.578775,8.8433890942986,FALSE
"phase1",43,13,352226,1.19560843541683e-05,0.620541,-2.76454414915861e-09,TRUE
"phase1",46,13,376799,0.421821342503205,0.737056,26.3900101334537,FALSE
"phase1",49,13,401372,0.307157691146519,0.661622,33.8723488372642,FALSE
"phase1",1,14,8205,3.33908017226352e-05,0.791823,-4.98630470247008e-10,TRUE
"phase1",4,14,32778,0.207954890563272,0.774295,2.53653761947487,FALSE
"phase1",7,14,57351,2.39647878070713e-05,0.774883,-2.7985151973553e-09,TRUE
"phase1",10,14,81924,1.25084284249714e-05,0.813737,-2.63372612607782e-09,TRUE
"phase1",13,14,106497,3.71266934129527e-05,0.798959,-1.83638348971726e-09,TRUE
"phase1",16,14,131070,0.277054420385102,0.770436,4.07742359825176,FALSE
"phase1",19,14,155643,0.437120583126521,0.854962,12.33513485308,FALSE
"phase1",22,14,180216,0.259738782989145,0.947298,0.25361789448317,FALSE
"phase1",25,14,204789,7.89957454014093e-06,0.544487,-3.3917828545782e-09,TRUE
"phase1",28,14,229362,6.94540526972108e-06,0.593744,-5.25170662513119e-09,TRUE
"phase1",31,14,253935,0.129217225240694,0.602883,2.44122390876092,FALSE
"phase1",34,14,278508,0.0381535067539576,0.609804,0.0030626201800743,FALSE
"phase1",37,14,303081,7.02933568318223e-06,0.560934,-5.6105875501089e-09,TRUE
"phase1",40,14,327654,0.0222760677378408,0.597957,0.00270534511017217,FALSE
"phase1",43,14,352227,8.15303469628628e-06,0.607968,-3.50926399050877e-09,TRUE
"phase1",46,14,376800,0.373113879908099,0.654787,24.9493906283386,FALSE
"phase1",49,14,401373,0.28397213707691,0.659956,24.8419260489801,FALSE
"phase1",1,15,8206,1.67612770674657e-05,0.713903,-2.73945488515892e-09,TRUE
"phase1",4,15,32779,0.169431389541742,0.761504,0.880208530689572,FALSE
"phase1",7,15,57352,1.57059037442942e-05,0.872111,-2.13202611121233e-09,TRUE
"phase1",10,15,81925,8.95288887617963e-06,0.737957,-3.02611624647398e-09,TRUE
"phase1",13,15,106498,0.435316418142381,0.829308,17.646681284986,FALSE
"phase1",16,15,131071,0.378885647353996,0.813417,8.13215306226414,FALSE
"phase1",19,15,155644,1.93158987603083e-05,0.732323,-1.44734713103389e-09,TRUE
"phase1",22,15,180217,0.243068158235444,0.747176,5.51070320533239,FALSE
"phase1",25,15,204790,7.61959837404479e-06,0.554763,-2.44264697357721e-09,TRUE
"phase1",28,15,229363,0.156881718151741,0.631606,1.64516134270168,FALSE
"phase1",31,15,253936,0.0407100462880908,0.572309,0.0357053011673543,FALSE
"phase1",34,15,278509,0.0695517861467507,0.518228,0.0724571768380287,FALSE
"phase1",37,15,303082,0.129417543754407,0.651915,0.785778806460172,FALSE
"phase1",40,15,327655,0.0438798471006357,0.59805,0.0333858263952322,FALSE
"phase1",43,15,352228,0.129457065674818,0.632118,0.352537386953543,FALSE
"phase1",46,15,376801,0.373881606640806,0.672792,19.3298410189488,FALSE
"phase1",49,15,401374,0.237057464204334,0.645732,16.5695643091033,FALSE
"phase1",1,16,8207,4.9101465561659e-06,0.759734,-7.33280103304423e-10,TRUE
"phase1",4,16,32780,0.142070202732671,0.724518,0.557669729457473,FALSE
"phase1",7,16,57353,7.40487740365171e-05,0.750908,-1.37288225232624e-09,TRUE
"phase1",10,16,81926,0.281569224982711,0.840311,2.8304093471599,FALSE
"phase1",13,16,106499,0.288261621773815,0.798906,2.89880976479782,FALSE
"phase1",16,16,131072,0.271241511808576,0.763985,3.02036399821037,FALSE
"phase1",19,16,155645,0.611628066330446,1.01805,9.57110344877685,FALSE
"phase1",22,16,180218,0.458113002614052,0.821619,38.3217266672854,FALSE
"phase1",25,16,204791,8.44644604316473e-06,0.521246,-2.9266331580402e-09,TRUE
"phase1",28,16,229364,0.0329717225252495,0.589063,0.00487321664778051,FALSE
"phase1",31,16,253937,1.209163781638e-05,0.612013,-1.93424511962803e-08,TRUE
"phase1",34,16,278510,0.204845290482658,0.689191,1.80578688523077,FALSE
"phase1",37,16,303083,1.3043994364809e-05,0.63188,-5.86673820635042e-09,TRUE
"phase1",40,16,327656,0.0949887675177894,0.547771,1.0149440901223,FALSE
"phase1",43,16,352229,0.316738653376518,0.556011,12.3159416307081,FALSE
"phase1",46,16,376802,0.284581453016437,0.654242,7.44983247034764,FALSE
"phase1",49,16,401375,0.283732905048623,0.679299,22.8295984449794,FALSE
"phase1",1,17,8208,1.00334489191333e-05,0.782045,-1.08434505818877e-09,TRUE
"phase1",4,17,32781,7.03981482475324e-06,0.804758,-2.16022044696729e-09,TRUE
"phase1",7,17,57354,0.304529027696638,0.735799,19.4496373509652,FALSE
"phase1",10,17,81927,0.164188426369484,0.769728,0.736499590425524,FALSE
"phase1",13,17,106500,0.246510290731302,0.774875,1.84904621932242,FALSE
"phase1",16,17,131073,0.0668207594079593,0.803695,0.00656094936573481,FALSE
"phase1",19,17,155646,1.52705908423429e-05,0.883708,-5.20060439157533e-10,TRUE
"phase1",22,17,180219,0.44175541651063,0.908937,4.16436402603978,FALSE
"phase1",25,17,204792,0.139534264799984,0.597413,0.545683471720857,FALSE
"phase1",28,17,229365,0.0511037114705123,0.57074,0.0284397624910468,FALSE
"phase1",31,17,253938,0.0132456153809194,0.609064,0.00034250287782811,TRUE
"phase1",34,17,278511,0.160785717920713,0.608258,0.932823151887263,FALSE
"phase1",37,17,303084,0.0513610192815453,0.590762,0.0206862223998314,FALSE
"phase1",40,17,327657,0.0911146314642017,0.580895,0.53149867590912,FALSE
"phase1",43,17,352230,0.175603102974937,0.568192,1.35244104829656,FALSE
"phase1",46,17,376803,0.286267859677796,0.615349,9.8601766345737,FALSE
"phase1",49,17,401376,0.25805529073633,0.646107,21.7467884662372,FALSE
"phase1",1,18,8209,0.152709405169746,0.68778,0.438154814887383,FALSE
"phase1",4,18,32782,9.84113240581668e-06,0.78131,-2.02771843760274e-09,TRUE
"phase1",7,18,57355,0.183036182650113,0.739522,1.16213715979572,FALSE
"phase1",10,18,81928,0.230382564884975,0.773486,3.85452207810221,FALSE
"phase1",13,18,106501,7.13682195214413e-05,0.792742,-2.32358843277325e-09,TRUE
"phase1",16,18,131074,0.118583428712769,0.793122,0.0952559919816736,FALSE
"phase1",19,18,155647,0.337705148707596,0.943799,0.458151663412792,FALSE
"phase1",22,18,180220,0.422433680810436,0.844333,9.40463471075276,FALSE
"phase1",25,18,204793,1.2118266179265e-05,0.633726,-3.55701956777921e-09,TRUE
"phase1",28,18,229366,0.109635528510568,0.620244,0.340084094486954,FALSE
"phase1",31,18,253939,7.56374043511237e-06,0.581744,-1.74948695530475e-08,TRUE
"phase1",34,18,278512,0.136604143496792,0.620921,0.491121747069805,FALSE
"phase1",37,18,303085,0.159376798977784,0.532557,2.62521139388111,FALSE
"phase1",40,18,327658,0.0609911553946057,0.559853,0.171425940380431,FALSE
"phase1",43,18,352231,0.301070110589007,0.598045,9.0651242254901,FALSE
"phase1",46,18,376804,0.179755396798878,0.504265,3.81982075200591,FALSE
"phase1",49,18,401377,0.246980338317909,0.603739,20.6177464662052,FALSE
"phase1",1,19,8210,3.29928233859618e-06,0.764749,-2.06341610464733e-10,TRUE
"phase1",4,19,32783,5.9029265032015e-06,0.77628,-2.09399786399445e-09,TRUE
"phase1",7,19,57356,1.55237663845371e-05,0.769697,-7.69318830862176e-10,TRUE
"phase1",10,19,81929,0.197443891643407,0.771319,2.47536885835331,FALSE
"phase1",13,19,106502,4.66014555942317e-05,0.852926,-1.60349600264453e-09,TRUE
"phase1",16,19,131075,0.153271968078193,0.822868,0.162810905549406,FALSE
"phase1",19,19,155648,0.670693790332196,0.963101,64.0424109410422,FALSE
"phase1",22,19,180221,0.531019054967786,0.944542,12.7244497156576,FALSE
"phase1",25,19,204794,1.10525192575407e-05,0.610847,-2.4671322762515e-09,TRUE
"phase1",28,19,229367,0.115482098120193,0.564444,0.646945831772967,FALSE
"phase1",31,19,253940,0.0658813768684667,0.590215,0.180811302529605,FALSE
"phase1",34,19,278513,0.124758864427645,0.541633,0.41899947813765,FALSE
"phase1",37,19,303086,0.11554770562678,0.560006,0.586533068504011,FALSE
"phase1",40,19,327659,0.0702158487862833,0.580416,0.268564498550404,FALSE
"phase1",43,19,352232,0.0974203641750537,0.458072,0.308194977901845,FALSE
"phase1",46,19,376805,0.263286129135257,0.610442,7.30662827382233,FALSE
"phase1",49,19,401378,0.309536422484131,0.667885,31.7476539085017,FALSE
"phase1",1,20,8211,1.33143054749121e-06,0.796887,-1.49498191603925e-11,TRUE
"phase1",4,20,32784,0.088037581455419,0.780297,0.02535222193751,FALSE
"phase1",7,20,57357,0.0426592348352451,0.731036,0.00136187585425773,FALSE
"phase1",10,20,81930,1.37804503346153e-05,0.751678,-1.86616944120033e-09,TRUE
"phase1",13,20,106503,1.513401970403e-05,0.792331,-6.45513864583336e-10,TRUE
"phase1",16,20,131076,3.38031848522968e-05,0.784959,-1.99975147552323e-09,TRUE
"phase1",19,20,155649,0.383063396263786,0.837511,11.5897546601821,FALSE
"phase1",22,20,180222,0.517833034867613,0.952377,12.6509945635746,FALSE
"phase1",25,20,204795,7.25068896210583e-06,0.501078,-2.42862441268699e-09,TRUE
"phase1",28,20,229368,5.98593845440145e-06,0.544967,-4.1168704001393e-09,TRUE
"phase1",31,20,253941,2.32814430861156e-05,0.592806,-2.40717668020807e-08,TRUE
"phase1",34,20,278514,0.0964465385986415,0.594723,0.124333817570616,FALSE
"phase1",37,20,303087,9.66374672431027e-06,0.631581,-5.8968225857825e-09,TRUE
"phase1",40,20,327660,0.0905903226392829,0.60123,0.556980966792906,FALSE
"phase1",43,20,352233,0.265450076524255,0.698536,3.31739171186355,FALSE
"phase1",46,20,376806,0.186641287159023,0.694461,2.08961743876945,FALSE
"phase1",49,20,401379,0.350998010363763,0.68463,51.5935672993015,FALSE
"phase1",1,21,8212,2.76999234174064e-05,0.810067,-1.40221345645841e-09,TRUE
"phase1",4,21,32785,0.183614123390538,0.760309,0.605710555461656,FALSE
"phase1",7,21,57358,1.29834547859101e-05,0.718075,-1.21258381113876e-09,TRUE
"phase1",10,21,81931,5.72701183510924e-06,0.81727,-8.14054601505632e-10,TRUE
"phase1",13,21,106504,3.26394350103599e-05,0.7947,-1.20132881420432e-09,TRUE
"phase1",16,21,131077,0.423251962915056,0.841049,26.3436138310342,FALSE
"phase1",19,21,155650,4.13518636392055e-05,0.837728,-1.6901253729884e-09,TRUE
"phase1",22,21,180223,0.41642207021141,1.09311,0.607699786365686,FALSE
"phase1",25,21,204796,4.79667606737369e-06,0.529614,-2.2681589939566e-09,TRUE
"phase1",28,21,229369,2.64064788656638e-05,0.589104,-7.15006365226145e-09,TRUE
"phase1",31,21,253942,6.44603567957514e-05,0.560674,-1.72604188719561e-08,TRUE
"phase1",34,21,278515,0.136229146417645,0.560019,0.681109809041004,FALSE
"phase1",37,21,303088,0.122143372177099,0.60654,0.666573664663588,FALSE
"phase1",40,21,327661,0.153170081017202,0.563059,6.05876771302562,FALSE
"phase1",43,21,352234,0.308406099991457,0.617939,5.33074085193816,FALSE
"phase1",46,21,376807,0.115603316859615,0.642517,0.413306999841822,FALSE
"phase1",49,21,401380,0.209427099490615,0.63583,10.6892413857666,FALSE
"phase1",1,22,8213,0.258797622374272,0.843701,1.56458646167243,FALSE
"phase1",4,22,32786,4.59262040262007e-06,0.746662,-1.5320438251365e-09,TRUE
"phase1",7,22,57359,0.179456289428846,0.802195,0.812483676810643,FALSE
"phase1",10,22,81932,0.266852088166398,0.849773,2.17909371250403,FALSE
"phase1",13,22,106505,2.91720820429193e-05,0.784467,-1.47349510370987e-09,TRUE
"phase1",16,22,131078,0.417152571410561,0.833265,23.4303227994003,FALSE
"phase1",19,22,155651,0.417319634930394,0.924158,2.12019023630765,FALSE
"phase1",22,22,180224,0.244311711669344,0.948137,0.207714359279919,FALSE
"phase1",25,22,204797,0.131174375022241,0.653655,0.293983558170751,FALSE
"phase1",28,22,229370,8.21209318148278e-06,0.547091,-7.26755899904674e-09,TRUE
"phase1",31,22,253943,1.10054827278117e-05,0.579337,-2.59045407347003e-08,TRUE
"phase1",34,22,278516,2.33826353321287e-05,0.689503,-3.88990173405546e-09,TRUE
"phase1",37,22,303089,0.0994707825575004,0.555397,0.330159716749179,FALSE
"phase1",40,22,327662,0.107339704007925,0.567159,1.67106313666523,FALSE
"phase1",43,22,352235,0.251672524550054,0.707934,2.68160071338264,FALSE
"phase1",46,22,376808,0.29771014197761,0.605905,11.9136991251182,FALSE
"phase1",49,22,401381,0.184888223188945,0.591755,6.84061738274659,FALSE
"phase1",1,23,8214,7.74307348823933e-06,0.754099,-2.85240275843535e-10,TRUE
"phase1",4,23,32787,0.0888123748208907,0.788058,0.0809604410655425,FALSE
"phase1",7,23,57360,0.45695360232066,0.793251,31.7664370313162,FALSE
"phase1",10,23,81933,1.42431217768613e-05,0.810315,-5.15416331836605e-09,TRUE
"phase1",13,23,106506,0.466003006772837,0.813947,42.1403189243417,FALSE
"phase1",16,23,131079,0.301819743479115,0.840186,5.05583040680352,FALSE
"phase1",19,23,155652,0.676667962520087,1.05186,25.6894142322946,FALSE
"phase1",22,23,180225,0.354309570543839,0.874604,4.30049680283662,FALSE
"phase1",25,23,204798,1.1025595726284e-05,0.614121,-4.6105768092275e-09,TRUE
"phase1",28,23,229371,5.12347105213592e-06,0.596948,-4.83863971112442e-09,TRUE
"phase1",31,23,253944,1.17111839338246e-05,0.603946,-2.05992307655833e-08,TRUE
"phase1",34,23,278517,7.86501295247822e-06,0.539768,-2.93450597155243e-09,TRUE
"phase1",37,23,303090,0.108562488896833,0.623076,0.350366226683988,FALSE
"phase1",40,23,327663,0.108635684403539,0.607433,1.12795895847586,FALSE
"phase1",43,23,352236,8.38330117105728e-06,0.619299,-2.7488766818351e-09,TRUE
"phase1",46,23,376809,0.352429930026732,0.756082,13.2613540414157,FALSE
"phase1",49,23,401382,0.315010422081454,0.693111,30.9692038382263,FALSE
"phase1",1,24,8215,0.0990705860307239,0.726386,0.0464335136839225,FALSE
"phase1",4,24,32788,3.2775969331014e-05,0.796074,-1.60434865392745e-09,TRUE
"phase1",7,24,57361,0.142042072648413,0.657165,0.711642522011033,FALSE
"phase1",10,24,81934,0.0906006611351867,0.758298,0.0414948321638917,FALSE
"phase1",13,24,106507,1.68511117885103e-05,0.880013,-2.69608335656812e-10,TRUE
"phase1",16,24,131080,0.316706854839391,0.845742,2.63218909052711,FALSE
"phase1",19,24,155653,0.22065730294098,0.796527,0.809972522685456,FALSE
"phase1",22,24,180226,0.445866808455673,0.897091,8.06804293631114,FALSE
"phase1",25,24,204799,5.30159939362223e-06,0.598918,-3.2195544008573e-09,TRUE
"phase1",28,24,229372,0.040901086230856,0.572511,0.0169980617096286,FALSE
"phase1",31,24,253945,0.0545937645727931,0.559323,0.121513564427772,FALSE
"phase1",34,24,278518,1.11397632907788e-05,0.573428,-3.30949490034982e-09,TRUE
"phase1",37,24,303091,2.26397467847252e-05,0.545665,-8.27836288408434e-09,TRUE
"phase1",40,24,327664,0.0773606077950357,0.550838,0.413983735487847,FALSE
"phase1",43,24,352237,0.178143176983033,0.593672,1.1417908294832,FALSE
"phase1",46,24,376810,0.312689350567367,0.685892,11.7123599904437,FALSE
"phase1",49,24,401383,0.297616780047722,0.6325,32.4132715985722,FALSE
"phase1",1,25,8216,1.13234530954862e-05,0.719381,-1.12498810267425e-09,TRUE
"phase1",4,25,32789,3.85737128337218e-05,0.7343,-2.07421635423088e-09,TRUE
"phase1",7,25,57362,0.2918404921853,0.809048,6.4775624211311,FALSE
"phase1",10,25,81935,0.0716968137715979,0.732249,0.042748061595546,FALSE
"phase1",13,25,106508,0.496666607565953,0.889136,22.0770876528897,FALSE
"phase1",16,25,131081,0.323575066415114,0.870178,4.3686072482916,FALSE
"phase1",19,25,155654,2.51666924695887e-05,0.821777,-4.8754600356915e-10,TRUE
"phase1",22,25,180227,0.424933398865978,0.92481,7.10028800994854,FALSE
"phase1",25,25,204800,0.106723468658053,0.582884,0.240462818500212,FALSE
"phase1",28,25,229373,1.11008120308446e-05,0.611685,-8.89620821453718e-09,TRUE
"phase1",31,25,253946,1.65760317051804e-05,0.570705,-2.10632151720347e-08,TRUE
"phase1",34,25,278519,1.25944204742688e-05,0.579357,-2.78451750546083e-09,TRUE
"phase1",37,25,303092,8.63293308485338e-06,0.506169,-5.33275112957199e-09,TRUE
"phase1",40,25,327665,0.11365654276945,0.565172,1.66370906409944,FALSE
"phase1",43,25,352238,0.00371645687076479,0.502733,5.04002542811577e-07,TRUE
"phase1",46,25,376811,0.227968161650146,0.695895,4.14729615933823,FALSE
"phase1",49,25,401384,0.272964285175973,0.632261,23.9955292569673,FALSE
"phase1",1,26,8217,0.349823267431046,0.789243,5.9630788859981,FALSE
"phase1",4,26,32790,0.010539355584747,0.778992,4.70887385972674e-06,TRUE
"phase1",7,26,57363,1.93012611949854e-05,0.762002,-3.16765635943739e-09,TRUE
"phase1",10,26,81936,0.124645269605799,0.750194,0.358118199250157,FALSE
"phase1",13,26,106509,8.0916953058871e-06,0.795584,-1.35855771077331e-10,TRUE
"phase1",16,26,131082,0.252158775307195,0.790283,2.98983354243484,FALSE
"phase1",19,26,155655,0.489715828910219,0.887718,28.8054718916164,FALSE
"phase1",22,26,180228,0.556751419846908,0.92519,25.2586789563803,FALSE
"phase1",25,26,204801,7.57992891920723e-06,0.63045,-3.63398555691674e-09,TRUE
"phase1",28,26,229374,6.88654436015866e-06,0.587238,-5.17731280069711e-09,TRUE
"phase1",31,26,253947,0.0621589553005991,0.546465,0.212503561732291,FALSE
"phase1",34,26,278520,8.50972921139695e-06,0.584598,-2.10728856586684e-09,TRUE
"phase1",37,26,303093,0.0739410135998366,0.621489,0.0794514857087876,FALSE
"phase1",40,26,327666,0.101360709611259,0.616974,1.01853820077295,FALSE
"phase1",43,26,352239,0.0560419044092147,0.611175,0.0135483332859394,FALSE
"phase1",46,26,376812,0.279539013646504,0.659101,7.89144624719026,FALSE
"phase1",49,26,401385,0.191130616518956,0.614278,7.21068467590075,FALSE
"phase1",1,27,8218,0.244013061174898,0.775093,1.1571690053878,FALSE
"phase1",4,27,32791,0.213761540673904,0.778761,1.3404111052057,FALSE
"phase1",7,27,57364,8.88785627742994e-06,0.788066,-1.56848045662628e-09,TRUE
"phase1",10,27,81937,0.301369857079127,0.813116,4.98316377886232,FALSE
"phase1",13,27,106510,0.306337971178577,0.833031,1.50900886105208,FALSE
"phase1",16,27,131083,4.9009759841145e-05,0.877972,-4.10597067457275e-09,TRUE
"phase1",19,27,155656,0.49128901347882,0.927578,6.61341469577914,FALSE
"phase1",22,27,180229,7.33916645172604e-05,0.944903,-2.05989181267796e-09,TRUE
"phase1",25,27,204802,1.04051623245668e-05,0.546415,-3.30703642248409e-09,TRUE
"phase1",28,27,229375,4.13909975256052e-05,0.558304,-8.09626499176375e-09,TRUE
"phase1",31,27,253948,1.27361268334873e-05,0.597709,-2.14523652175558e-08,TRUE
"phase1",34,27,278521,7.45899693915461e-06,0.537126,-3.86125975637697e-09,TRUE
"phase1",37,27,303094,0.202492232619775,0.605174,3.26653217583176,FALSE
"phase1",40,27,327667,0.0365695270643853,0.584067,0.0193567119370641,FALSE
"phase1",43,27,352240,0.213387251830903,0.600514,2.3884635061471,FALSE
"phase1",46,27,376813,0.291199477548665,0.659503,7.4372631452905,FALSE
"phase1",49,27,401386,0.267864227657755,0.640941,19.0839030166617,FALSE
"phase1",1,28,8219,1.8597141309713e-05,0.780866,-1.54716417455347e-09,TRUE
"phase1",4,28,32792,0.0675061681082955,0.715533,0.018208185010792,FALSE
"phase1",7,28,57365,0.260373266887032,0.776677,3.87057677407483,FALSE
"phase1",10,28,81938,3.93672713332667e-05,0.848795,-5.71134251003969e-09,TRUE
"phase1",13,28,106511,6.44630659326511e-06,0.760281,-1.47906575875822e-10,TRUE
"phase1",16,28,131084,0.243294520423347,0.836701,0.650706697335806,FALSE
"phase1",19,28,155657,0.547302684753314,0.945472,32.9004796151813,FALSE
"phase1",22,28,180230,0.353454585271303,0.941601,1.20330829370437,FALSE
"phase1",25,28,204803,1.12843655478421e-05,0.660046,-3.65250940603801e-09,TRUE
"phase1",28,28,229376,1.86597973316539e-05,0.587237,-6.10081940521923e-09,TRUE
"phase1",31,28,253949,7.8915508433078e-06,0.560878,-1.60409570071351e-08,TRUE
"phase1",34,28,278522,1.04045156119987e-05,0.551164,-3.22785354001098e-09,TRUE
"phase1",37,28,303095,0.0837154669993795,0.565417,0.173526941273479,FALSE
"phase1",40,28,327668,0.0987686650388175,0.581074,0.931142838404355,FALSE
"phase1",43,28,352241,0.211369799771749,0.675198,1.97423381057255,FALSE
"phase1",46,28,376814,0.202237048476244,0.675406,3.36347616978225,FALSE
"phase1",49,28,401387,0.234290526571437,0.655272,13.8527973889889,FALSE
"phase1",1,29,8220,0.186433294521721,0.738804,1.17862966558599,FALSE
"phase1",4,29,32793,0.234487904713042,0.772069,1.74481524824563,FALSE
"phase1",7,29,57366,1.18728632789337e-05,0.759551,-1.22957999337814e-09,TRUE
"phase1",10,29,81939,2.20117458205959e-05,0.817879,-1.64857283380115e-09,TRUE
"phase1",13,29,106512,4.54953887715639e-06,0.813839,-1.5688783605583e-10,TRUE
"phase1",16,29,131085,3.40276149050178e-05,0.871599,-4.53951543022413e-10,TRUE
"phase1",19,29,155658,0.390026836968695,0.773839,10.3613533485676,FALSE
"phase1",22,29,180231,0.563349911273815,0.892363,36.970000324693,FALSE
"phase1",25,29,204804,1.02324685404501e-05,0.554955,-3.58494389729458e-09,TRUE
"phase1",28,29,229377,6.42693399226281e-06,0.576083,-5.23606047408975e-09,TRUE
"phase1",31,29,253950,1.44558077963607e-05,0.554864,-1.89679099094064e-08,TRUE
"phase1",34,29,278523,1.10307221366098e-05,0.665017,-4.24370227847248e-09,TRUE
"phase1",37,29,303096,1.96195867269217e-05,0.594884,-7.37894367830449e-09,TRUE
"phase1",40,29,327669,0.110108345068697,0.609725,1.53315921301333,FALSE
"phase1",43,29,352242,0.241629109798264,0.641661,2.44905862531508,FALSE
"phase1",46,29,376815,0.361966706401022,0.687413,19.0144772431024,FALSE
"phase1",49,29,401388,0.243743763049087,0.624102,17.363101413381,FALSE
"phase1",1,30,8221,8.09413835180203e-06,0.762836,-5.94127413933165e-10,TRUE
"phase1",4,30,32794,0.159133528350692,0.772011,0.632483961073603,FALSE
"phase1",7,30,57367,0.234072914295942,0.728512,3.08881180870199,FALSE
"phase1",10,30,81940,1.46244803366001e-05,0.773809,-2.2962467483012e-09,TRUE
"phase1",13,30,106513,0.396032730974499,0.891994,3.16958276163854,FALSE
"phase1",16,30,131086,0.323647373640329,0.793452,5.69247371774384,FALSE
"phase1",19,30,155659,8.46980866916495e-05,0.890172,-5.08691755385371e-10,TRUE
"phase1",22,30,180232,0.323064097466905,0.88998,2.84670279086987,FALSE
"phase1",25,30,204805,7.1820890782536e-06,0.646396,-3.81016462824846e-09,TRUE
"phase1",28,30,229378,1.2502019437378e-05,0.624608,-6.41196606920857e-09,TRUE
"phase1",31,30,253951,1.71568982102974e-05,0.567044,-1.65570668286819e-08,TRUE
"phase1",34,30,278524,0.161387147755735,0.593483,0.76834562982102,FALSE
"phase1",37,30,303097,0.0727347876187578,0.624494,0.0755341822427056,FALSE
"phase1",40,30,327670,0.0794424131655649,0.57707,0.416184821233401,FALSE
"phase1",43,30,352243,0.348070001695229,0.729989,6.28396839107905,FALSE
"phase1",46,30,376816,0.131413792197794,0.646538,1.05993961043518,FALSE
"phase1",49,30,401389,0.274285044293747,0.698942,18.5002184205489,FALSE
"phase1",1,31,8222,1.26046929686121e-05,0.68793,-2.24895302380901e-09,TRUE
"phase1",4,31,32795,0.119383579088627,0.774454,0.236619331844508,FALSE
"phase1",7,31,57368,4.99524135962281e-05,0.74442,-2.27805685426574e-09,TRUE
"phase1",10,31,81941,2.70723510738465e-05,0.810485,-2.1455548449012e-09,TRUE
"phase1",13,31,106514,1.31668505451704e-05,0.793916,-1.50862433656584e-09,TRUE
"phase1",16,31,131087,1.29923133432532e-05,0.759418,-2.66442157226265e-09,TRUE
"phase1",19,31,155660,2.21259306689156e-05,0.853441,-7.18387127562892e-10,TRUE
"phase1",22,31,180233,0.397103023967135,0.981513,1.58408238490046,FALSE
"phase1",25,31,204806,1.37871834360619e-05,0.5534,-3.23097282262097e-09,TRUE
"phase1",28,31,229379,0.120085092577885,0.622367,0.662196468261357,FALSE
"phase1",31,31,253952,9.81230895628215e-06,0.591853,-1.58383102188964e-08,TRUE
"phase1",34,31,278525,1.10417294272613e-05,0.600213,-3.38586403358931e-09,TRUE
"phase1",37,31,303098,0.100147402342076,0.586974,0.33129293589414,FALSE
"phase1",40,31,327671,1.71783809776016e-05,0.577287,-2.92214394903567e-08,TRUE
"phase1",43,31,352244,0.405723573865155,0.736688,9.20984195938997,FALSE
"phase1",46,31,376817,0.349618597820508,0.703493,12.999285269257,FALSE
"phase1",49,31,401390,0.294407428185353,0.64103,28.5309808828615,FALSE
"phase1",1,32,8223,3.67313187001389e-05,0.74677,-2.15663931157906e-10,TRUE
"phase1",4,32,32796,1.29364484853246e-05,0.772353,-1.1943939171033e-09,TRUE
"phase1",7,32,57369,5.63377459657413e-05,0.812707,-1.50816958921496e-09,TRUE
"phase1",10,32,81942,0.194322570982201,0.745965,1.5314471421928,FALSE
"phase1",13,32,106515,9.41812906721408e-06,0.829274,-2.04977368412074e-10,TRUE
"phase1",16,32,131088,2.87937573450008e-05,0.792866,-1.63873892233823e-09,TRUE
"phase1",19,32,155661,6.54047833829848e-05,0.896602,-2.0501147446339e-09,TRUE
"phase1",22,32,180234,0.613823065291266,0.975072,27.7392133624817,FALSE
"phase1",25,32,204807,5.51225868720054e-06,0.562748,-2.3121842218643e-09,TRUE
"phase1",28,32,229380,1.11661208230717e-05,0.556015,-6.21731999217445e-09,TRUE
"phase1",31,32,253953,0.0671993600630494,0.566922,0.254726893257526,FALSE
"phase1",34,32,278526,0.044855360782495,0.678099,0.00846705360651612,FALSE
"phase1",37,32,303099,0.233832909513796,0.593862,7.07598921210902,FALSE
"phase1",40,32,327672,0.158054489010912,0.592761,4.97773952913749,FALSE
"phase1",43,32,352245,0.212411846386104,0.699807,1.30814032864571,FALSE
"phase1",46,32,376818,0.27363321119571,0.678833,7.34796299113594,FALSE
"phase1",49,32,401391,0.307305117334598,0.668172,36.1113021301845,FALSE
"phase1",1,33,8224,0.332055382260218,0.760109,10.0719801732844,FALSE
"phase1",4,33,32797,3.05710262387444e-05,0.75177,-1.5197088032437e-09,TRUE
"phase1",7,33,57370,8.74268429004147e-06,0.806335,-8.31619217933621e-10,TRUE
"phase1",10,33,81943,0.163327222309375,0.75992,0.563635126456859,FALSE
"phase1",13,33,106516,0.183768624807941,0.781836,0.859670115922654,FALSE
"phase1",16,33,131089,0.237949587292736,0.754835,1.99674203322587,FALSE
"phase1",19,33,155662,0.351328292806146,0.811013,5.09922815636776,FALSE
"phase1",22,33,180235,0.434610101664856,0.935087,4.49346601919837,FALSE
"phase1",25,33,204808,1.19120824455645e-05,0.641084,-3.51052875657842e-09,TRUE
"phase1",28,33,229381,2.6792828280115e-05,0.640154,-5.5197233450599e-09,TRUE
"phase1",31,33,253954,0.04773551764741,0.596942,0.0561339097488087,FALSE
"phase1",34,33,278527,8.96309312254739e-06,0.762516,-4.52467929790146e-09,TRUE
"phase1",37,33,303100,0.127107334536304,0.585966,0.700954006636024,FALSE
"phase1",40,33,327673,0.0780971073959153,0.621982,0.284161740415044,FALSE
"phase1",43,33,352246,0.376935906510556,0.579563,15.2000390501086,FALSE
"phase1",46,33,376819,0.161554358483539,0.553707,2.23245640289365,FALSE
"phase1",49,33,401392,0.204065604820743,0.59868,9.61734433144755,FALSE
"phase1",1,34,8225,0.165134281603932,0.760112,0.350517918946309,FALSE
"phase1",4,34,32798,4.77394238778164e-06,0.768172,-1.18984644359443e-09,TRUE
"phase1",7,34,57371,1.95419730166042e-05,0.719842,-1.1957013157371e-09,TRUE
"phase1",10,34,81944,9.18984966310521e-06,0.76646,-9.34335275815101e-10,TRUE
"phase1",13,34,106517,0.315031422905699,0.804497,5.88176274750148,FALSE
"phase1",16,34,131090,0.390844515703071,0.84986,11.4287511798202,FALSE
"phase1",19,34,155663,0.521490429697027,0.859377,20.2589800949807,FALSE
"phase1",22,34,180236,0.544359754749542,1.03337,10.8965975672139,FALSE
"phase1",25,34,204809,1.10397616263788e-05,0.612777,-4.84109818899014e-09,TRUE
"phase1",28,34,229382,0.13739247935198,0.614403,0.803276435611139,FALSE
"phase1",31,34,253955,1.91575807499075e-05,0.53889,-2.18107345517637e-08,TRUE
"phase1",34,34,278528,0.125906921379532,0.641341,0.371422441429083,FALSE
"phase1",37,34,303101,7.93245066390978e-06,0.607613,-6.45759712369909e-09,TRUE
"phase1",40,34,327674,0.0795789145391381,0.564474,0.471521120630229,FALSE
"phase1",43,34,352247,0.142885675355821,0.640266,0.989445156494018,FALSE
"phase1",46,34,376820,0.267889152285009,0.675667,7.65910525627179,FALSE
"phase1",49,34,401393,0.319716946747706,0.687874,38.5467252501347,FALSE
"phase1",1,35,8226,1.63693306260319e-05,0.745501,-9.88052306638565e-10,TRUE
"phase1",4,35,32799,0.224843485496687,0.743578,5.29620723980497,FALSE
"phase1",7,35,57372,0.213450201018227,0.755625,0.561886100961516,FALSE
"phase1",10,35,81945,0.197791494290897,0.738962,2.33489555557674,FALSE
"phase1",13,35,106518,1.42871117035042e-05,0.831734,-2.70290456683142e-10,TRUE
"phase1",16,35,131091,0.289875984663816,0.822628,2.62198670457701,FALSE
"phase1",19,35,155664,0.237321546059496,0.842453,0.243519132641893,FALSE
"phase1",22,35,180237,0.366044563304282,0.818804,17.276567466538,FALSE
"phase1",25,35,204810,7.63960219895229e-06,0.560738,-3.90539156569503e-09,TRUE
"phase1",28,35,229383,1.16920174433146e-05,0.543372,-7.22604909242364e-09,TRUE
"phase1",31,35,253956,0.0732927364572341,0.580681,0.296143077907118,FALSE
"phase1",34,35,278529,0.13819528554077,0.563442,0.565221443257926,FALSE
"phase1",37,35,303102,0.0714049562413805,0.623627,0.0850945264486711,FALSE
"phase1",40,35,327675,0.134007934990405,0.626728,2.85048241682611,FALSE
"phase1",43,35,352248,0.123438836563237,0.570313,0.377355844626805,FALSE
"phase1",46,35,376821,0.288814794303698,0.611259,10.8059362151939,FALSE
"phase1",49,35,401394,0.31291830871355,0.644246,39.5015637265872,FALSE
"phase1",1,36,8227,0.373843693872342,0.764616,7.69015186135226,FALSE
"phase1",4,36,32800,2.59738047349289e-06,0.767192,-2.51361598202493e-10,TRUE
"phase1",7,36,57373,0.215432350263806,0.750957,0.708837190865012,FALSE
"phase1",10,36,81946,1.04357813072941e-05,0.806862,-1.2380496627884e-09,TRUE
"phase1",13,36,106519,0.457794232438801,0.866759,15.3432258309467,FALSE
"phase1",16,36,131092,1.33704685343904e-05,0.817793,-6.81438905303366e-10,TRUE
"phase1",19,36,155665,0.526878604008106,0.892398,20.9809851877899,FALSE
"phase1",22,36,180238,0.576259108257644,0.979572,15.8168285036105,FALSE
"phase1",25,36,204811,7.92243851351629e-06,0.625592,-3.83262488412583e-09,TRUE
"phase1",28,36,229384,0.054483738722285,0.566777,0.0275852361175737,FALSE
"phase1",31,36,253957,1.11647267869948e-05,0.599226,-2.34824426570412e-08,TRUE
"phase1",34,36,278530,0.0662875220931728,0.568117,0.0342962620686649,FALSE
"phase1",37,36,303103,0.0914665132815868,0.579241,0.248818668723118,FALSE
"phase1",40,36,327676,0.0903342027410687,0.56922,0.651724884113975,FALSE
"phase1",43,36,352249,0.440474572294662,0.716969,12.7623760628798,FALSE
"phase1",46,36,376822,0.116223169052805,0.597073,0.736950477838832,FALSE
"phase1",49,36,401395,0.394059952168543,0.684203,62.2269051886617,FALSE
"phase1",1,37,8228,0.0379447853071192,0.688081,0.00731168510196767,FALSE
"phase1",4,37,32801,3.18041166390185e-05,0.798142,-7.08382685843389e-10,TRUE
"phase1",7,37,57374,1.10741819398151e-05,0.757046,-2.58302179645398e-09,TRUE
"phase1",10,37,81947,1.76029503509833e-05,0.754654,-2.16232365346514e-09,TRUE
"phase1",13,37,106520,7.77731199645543e-06,0.807844,-6.30620888841804e-10,TRUE
"phase1",16,37,131093,0.265451571201,0.786811,5.65683836393873,FALSE
"phase1",19,37,155666,4.40259083398655e-05,0.867301,-4.85783857584465e-10,TRUE
"phase1",22,37,180239,0.408249492914188,0.845957,11.5273348792167,FALSE
"phase1",25,37,204812,0.0562939188188232,0.531994,0.0213141751324528,FALSE
"phase1",28,37,229385,0.0476776054254965,0.531467,0.0286136796827563,FALSE
"phase1",31,37,253958,0.0673935313451792,0.585834,0.263191279168353,FALSE
"phase1",34,37,278531,0.223677958017088,0.602716,2.77142807116425,FALSE
"phase1",37,37,303104,9.64161133616628e-06,0.651305,-5.8764442201209e-09,TRUE
"phase1",40,37,327677,0.174051346699488,0.642197,5.76860926571601,FALSE
"phase1",43,37,352250,0.133685004402168,0.717918,0.407593652664936,FALSE
"phase1",46,37,376823,0.267892511301046,0.583438,11.5008074252813,FALSE
"phase1",49,37,401396,0.34907632189793,0.701721,36.6063401385679,FALSE
"phase1",1,38,8229,9.37008592006026e-06,0.851776,-8.88690010469873e-10,TRUE
"phase1",4,38,32802,0.158861770137487,0.74178,0.567989850560309,FALSE
"phase1",7,38,57375,1.35194967741189e-05,0.690252,-1.87310433830135e-09,TRUE
"phase1",10,38,81948,2.48713353215458e-05,0.777149,-1.81512405106332e-09,TRUE
"phase1",13,38,106521,0.468967937002913,0.816637,24.5005461440768,FALSE
"phase1",16,38,131094,0.211524119883919,0.77084,1.74492326941208,FALSE
"phase1",19,38,155667,0.536453680045389,0.880396,25.6425724530563,FALSE
"phase1",22,38,180240,0.264327051742519,0.791604,3.49615721990557,FALSE
"phase1",25,38,204813,0.0744429025288066,0.671355,0.0539396574969828,FALSE
"phase1",28,38,229386,1.00852643952432e-05,0.642346,-7.92171306329692e-09,TRUE
"phase1",31,38,253959,1.09131173421566e-05,0.615775,-1.80739618826919e-08,TRUE
"phase1",34,38,278532,1.70367590372294e-05,0.517128,-2.07842631994026e-09,TRUE
"phase1",37,38,303105,9.48699351854325e-06,0.643582,-6.48536513381259e-09,TRUE
"phase1",40,38,327678,0.085236689214216,0.564526,0.676854222669249,FALSE
"phase1",43,38,352251,0.186775289166678,0.693571,0.734195906082988,FALSE
"phase1",46,38,376824,0.196284323259463,0.577161,3.88305128256661,FALSE
"phase1",49,38,401397,0.300195526133529,0.666403,30.1839339034379,FALSE
"phase1",1,39,8230,1.34841839735644e-05,0.710559,-1.60071067512035e-09,TRUE
"phase1",4,39,32803,3.60780334624501e-06,0.717001,-8.18261014501331e-10,TRUE
"phase1",7,39,57376,8.66103395070407e-06,0.812942,-2.19017692870693e-10,TRUE
"phase1",10,39,81949,3.57168827794636e-05,0.799679,-2.48314790951554e-09,TRUE
"phase1",13,39,106522,3.08530328245587e-05,0.784034,-1.85275439434918e-09,TRUE
"phase1",16,39,131095,0.289246277649432,0.816819,3.22602314073481,FALSE
"phase1",19,39,155668,1.53458883036272e-05,0.809002,-2.89901436190121e-10,TRUE
"phase1",22,39,180241,0.423951952585949,0.825434,9.44260171888209,FALSE
"phase1",25,39,204814,5.82730700689848e-06,0.542918,-3.04385494587223e-09,TRUE
"phase1",28,39,229387,0.0211775536497687,0.592564,0.000618164514861519,TRUE
"phase1",31,39,253960,0.00505563822466388,0.529795,8.66739154048446e-06,TRUE
"phase1",34,39,278533,9.08317942487076e-06,0.565887,-3.69071528893983e-09,TRUE
"phase1",37,39,303106,0.131830379784506,0.557476,1.17635017501958,FALSE
"phase1",40,39,327679,1.42523063576013e-05,0.625554,-2.0166879721728e-08,TRUE
"phase1",43,39,352252,0.103680243351063,0.74434,0.079713615559541,FALSE
"phase1",46,39,376825,0.297470352784316,0.591221,12.7428594840261,FALSE
"phase1",49,39,401398,0.393716533358667,0.710256,64.0629377754304,FALSE
"phase1",1,40,8231,0.302904033671778,0.814287,3.28762501536818,FALSE
"phase1",4,40,32804,0.14917263188413,0.75931,0.730760089156149,FALSE
"phase1",7,40,57377,2.50062583233069e-05,0.726936,-1.77226411324227e-09,TRUE
"phase1",10,40,81950,0.271101852305124,0.79959,4.55307268008085,FALSE
"phase1",13,40,106523,1.93824471150293e-05,0.756816,-1.97758254216751e-09,TRUE
"phase1",16,40,131096,0.383768026162743,0.822986,22.3547896227731,FALSE
"phase1",19,40,155669,0.446959683975214,0.876502,4.44285095456266,FALSE
"phase1",22,40,180242,0.361569181971457,0.861608,5.25288332362669,FALSE
"phase1",25,40,204815,0.101457055559901,0.679397,0.0901150315841903,FALSE
"phase1",28,40,229388,0.037881195882262,0.58117,0.00852168448297164,FALSE
"phase1",31,40,253961,3.11833041754621e-05,0.551285,-2.36296386901813e-08,TRUE
"phase1",34,40,278534,3.62054718368601e-05,0.697244,-3.33358229909209e-09,TRUE
"phase1",37,40,303107,2.63689695766012e-05,0.587844,-9.94559457012656e-09,TRUE
"phase1",40,40,327680,0.0977290180252116,0.574147,0.83947660367113,FALSE
"phase1",43,40,352253,0.178333091010421,0.558596,1.51693110880591,FALSE
"phase1",46,40,376826,0.162611079298689,0.632144,1.51025355347016,FALSE
"phase1",49,40,401399,0.287728505907021,0.647361,30.227724287279,FALSE
"phase1",1,41,8232,6.55083633337601e-06,0.754001,-6.44490683043841e-10,TRUE
"phase1",4,41,32805,5.31466088527534e-06,0.767627,-1.02511421573581e-09,TRUE
"phase1",7,41,57378,1.98090221558135e-05,0.83465,-1.83572979040036e-09,TRUE
"phase1",10,41,81951,8.73675692828022e-06,0.808348,-2.97370661428431e-09,TRUE
"phase1",13,41,106524,1.514935015617e-05,0.876374,-6.75640876579564e-10,TRUE
"phase1",16,41,131097,0.349434285527148,0.801755,16.2261752973191,FALSE
"phase1",19,41,155670,0.523875030912253,0.809408,31.1363333678929,FALSE
"phase1",22,41,180243,0.243950197684721,0.814291,1.46913144628388,FALSE
"phase1",25,41,204816,1.05003135729535e-05,0.509265,-1.8057093598145e-09,TRUE
"phase1",28,41,229389,1.30912527101612e-05,0.557455,-4.16709156070283e-09,TRUE
"phase1",31,41,253962,1.56379542487389e-05,0.560054,-2.59358046150737e-08,TRUE
"phase1",34,41,278535,5.83471848010234e-06,0.601776,-3.05241343312446e-09,TRUE
"phase1",37,41,303108,1.14355348920887e-05,0.587905,-9.32909927087167e-09,TRUE
"phase1",40,41,327681,0.0628327731712095,0.619894,0.142312330639356,FALSE
"phase1",43,41,352254,0.214155988519352,0.592238,2.884888835519,FALSE
"phase1",46,41,376827,0.351535724495433,0.64242,15.9500897360845,FALSE
"phase1",49,41,401400,0.338892407243565,0.645806,49.8154151049598,FALSE
"phase1",1,42,8233,9.80458301821778e-06,0.748171,-1.66261315825977e-09,TRUE
"phase1",4,42,32806,3.56194312677045e-06,0.745862,-3.56237706000684e-10,TRUE
"phase1",7,42,57379,7.61536111216382e-06,0.775895,-2.37946551351342e-10,TRUE
"phase1",10,42,81952,1.60203712720636e-05,0.805223,-1.92693505596253e-09,TRUE
"phase1",13,42,106525,3.10262023670175e-05,0.793063,-7.82449660619022e-10,TRUE
"phase1",16,42,131098,0.389250636674397,0.858961,18.8490881078402,FALSE
"phase1",19,42,155671,7.66129263120707e-06,0.878118,-7.84439180279151e-11,TRUE
"phase1",22,42,180244,0.310540540037649,0.952038,0.90335552613891,FALSE
"phase1",25,42,204817,7.30910343032238e-06,0.603175,-3.6749838727701e-09,TRUE
"phase1",28,42,229390,0.0530378329613859,0.541466,0.058554579373002,FALSE
"phase1",31,42,253963,8.48849413491647e-06,0.574306,-1.98041334442678e-08,TRUE
"phase1",34,42,278536,0.0748237618415146,0.648284,0.0507165281069746,FALSE
"phase1",37,42,303109,0.0785970158643659,0.649224,0.0929419310744919,FALSE
"phase1",40,42,327682,0.0780981150956656,0.589108,0.420416595547351,FALSE
"phase1",43,42,352255,0.292612695748258,0.623785,5.30809208733198,FALSE
"phase1",46,42,376828,0.0624070631574731,0.657243,0.044120548943809,FALSE
"phase1",49,42,401401,0.301293065095558,0.603718,33.3107086000295,FALSE
"phase1",1,43,8234,6.26742817537547e-06,0.776861,-4.73903583042556e-10,TRUE
"phase1",4,43,32807,4.89799061161912e-06,0.780525,-5.51381162949838e-10,TRUE
"phase1",7,43,57380,0.306488510583769,0.803488,6.75297679308255,FALSE
"phase1",10,43,81953,0.0456101157088205,0.728829,0.00352604271085966,FALSE
"phase1",13,43,106526,2.02806078269498e-05,0.840134,-7.40897121431772e-10,TRUE
"phase1",16,43,131099,0.332535774822863,0.81375,6.1672444862553,FALSE
"phase1",19,43,155672,0.000122354843737646,0.890641,-7.75685293774586e-10,TRUE
"phase1",22,43,180245,0.375191231382073,0.857861,7.77091703223516,FALSE
"phase1",25,43,204818,5.99604867640244e-06,0.643032,-2.53702836516823e-09,TRUE
"phase1",28,43,229391,0.00016067082493452,0.517748,-7.19491310974263e-09,TRUE
"phase1",31,43,253964,2.36406350913991e-05,0.609832,-1.52931534103118e-08,TRUE
"phase1",34,43,278537,0.0976981140357338,0.620942,0.13276218750466,FALSE
"phase1",37,43,303110,0.109016595802575,0.614163,0.385897958069251,FALSE
"phase1",40,43,327683,0.0844430106795727,0.584811,0.595200832448313,FALSE
"phase1",43,43,352256,0.429165682103404,0.677208,16.3560440456389,FALSE
"phase1",46,43,376829,0.321169146003006,0.639348,16.763699543432,FALSE
"phase1",49,43,401402,0.344190541794869,0.67298,43.1851558571165,FALSE
"phase1",1,44,8235,5.44312184874312e-06,0.729049,-4.72255123895593e-10,TRUE
"phase1",4,44,32808,0.132218617349259,0.710425,0.551821874523114,FALSE
"phase1",7,44,57381,1.15478516725508e-05,0.755208,-1.51578660734231e-09,TRUE
"phase1",10,44,81954,4.17816044314259e-06,0.730227,-9.54059942159802e-10,TRUE
"phase1",13,44,106527,2.87681342829064e-05,0.803705,-2.26958718485548e-09,TRUE
"phase1",16,44,131100,0.21927660504959,0.789133,2.54728381951452,FALSE
"phase1",19,44,155673,0.592555585079123,0.952634,27.8309690622903,FALSE
"phase1",22,44,180246,0.476733967964008,0.900768,16.3076227511189,FALSE
"phase1",25,44,204819,0.113835293044151,0.582315,0.288272104681866,FALSE
"phase1",28,44,229392,1.06287394958544e-05,0.61028,-5.40443068075547e-09,TRUE
"phase1",31,44,253965,1.05737858555088e-05,0.581841,-1.65073288371786e-08,TRUE
"phase1",34,44,278538,6.70370148326066e-06,0.602381,-3.12213188635724e-09,TRUE
"phase1",37,44,303111,1.27387823226454e-05,0.56813,-6.91328239099676e-09,TRUE
"phase1",40,44,327684,0.0559138483825803,0.537026,0.201698188354868,FALSE
"phase1",43,44,352257,0.27664379246509,0.675873,2.64745795184681,FALSE
"phase1",46,44,376830,0.118885205315818,0.647159,0.41307356255146,FALSE
"phase1",49,44,401403,0.274822402855868,0.652814,26.1077535369286,FALSE
"phase1",1,45,8236,1.00200018008339e-05,0.728488,-2.42778241954511e-09,TRUE
"phase1",4,45,32809,2.1308133233952e-05,0.756001,-2.99280600302154e-10,TRUE
"phase1",7,45,57382,8.59234070088006e-06,0.76629,-2.93539414997213e-10,TRUE
"phase1",10,45,81955,1.74318067049232e-05,0.758632,-2.3114807845559e-09,TRUE
"phase1",13,45,106528,0.490427024819819,0.930735,12.5316635480646,FALSE
"phase1",16,45,131101,0.138911043918902,0.832967,0.0937968648671017,FALSE
"phase1",19,45,155674,6.66408890917385e-05,0.919961,-1.06496145235724e-09,TRUE
"phase1",22,45,180247,0.396861587601258,0.850361,11.9300388724761,FALSE
"phase1",25,45,204820,8.18333910823254e-06,0.596712,-3.57778873194547e-09,TRUE
"phase1",28,45,229393,0.100952346733527,0.617782,0.387163216762985,FALSE
"phase1",31,45,253966,1.4488328476997e-05,0.564821,-1.55635575538327e-08,TRUE
"phase1",34,45,278539,6.66505474449395e-06,0.528326,-2.20519069671354e-09,TRUE
"phase1",37,45,303112,0.0382793324028819,0.594776,0.00684367737846969,FALSE
"phase1",40,45,327685,0.14339245867694,0.601032,3.71742915464662,FALSE
"phase1",43,45,352258,0.115650453337942,0.496619,0.451380320642183,FALSE
"phase1",46,45,376831,0.156026087660515,0.583325,1.94651558878346,FALSE
"phase1",49,45,401404,0.339741195658606,0.69194,50.8484403363275,FALSE
"phase1",1,46,8237,1.6270253485079e-05,0.697503,-2.54908627539407e-09,TRUE
"phase1",4,46,32810,0.171133767548355,0.751439,0.749793726379835,FALSE
"phase1",7,46,57383,0.201577420166857,0.738894,1.04804643578126,FALSE
"phase1",10,46,81956,0.183179249089619,0.760395,1.6222695586365,FALSE
"phase1",13,46,106529,1.6970826649629e-05,0.865264,-1.05347908174735e-09,TRUE
"phase1",16,46,131102,0.356735904224237,0.837716,8.68968359290568,FALSE
"phase1",19,46,155675,0.46388372281664,0.847414,31.1225651431155,FALSE
"phase1",22,46,180248,0.500174651019902,0.886801,29.9182506800069,FALSE
"phase1",25,46,204821,1.06387180843253e-05,0.550796,-2.47997178348669e-09,TRUE
"phase1",28,46,229394,7.56897095772753e-06,0.579194,-4.95829510782642e-09,TRUE
"phase1",31,46,253967,0.0749376604040185,0.573007,0.332584014037394,FALSE
"phase1",34,46,278540,0.127087834330456,0.585529,0.606561795325071,FALSE
"phase1",37,46,303113,0.118962908698165,0.570034,0.764803288963819,FALSE
"phase1",40,46,327686,0.0567481031996981,0.583026,0.102534817423532,FALSE
"phase1",43,46,352259,0.414403652447086,0.706747,12.2894613723773,FALSE
"phase1",46,46,376832,0.2281191242226,0.595301,6.32272569304568,FALSE
"phase1",49,46,401405,0.322527205898755,0.66833,40.3918925771064,FALSE
"phase1",1,47,8238,0.276723058907413,0.754123,5.11461531243526,FALSE
"phase1",4,47,32811,6.70776794552474e-06,0.763343,-1.13743681140477e-09,TRUE
"phase1",7,47,57384,2.41706690465468e-05,0.796902,-1.62339119924582e-09,TRUE
"phase1",10,47,81957,6.20097207588494e-06,0.72621,-1.48952494782861e-09,TRUE
"phase1",13,47,106530,0.534861822315145,0.89508,44.434650557126,FALSE
"phase1",16,47,131103,6.00777631895072e-05,0.869802,-2.35894503930467e-09,TRUE
"phase1",19,47,155676,6.493084518792e-05,0.907324,-3.54930307366885e-10,TRUE
"phase1",22,47,180249,0.711131459488254,1.07261,44.4705519669645,FALSE
"phase1",25,47,204822,6.46765950055351e-06,0.507066,-3.64601504543316e-09,TRUE
"phase1",28,47,229395,0.109932214828327,0.578593,0.562923157400931,FALSE
"phase1",31,47,253968,0.0642447725859362,0.623195,0.155540018442281,FALSE
"phase1",34,47,278541,1.21172429779496e-05,0.627132,-3.22631166227438e-09,TRUE
"phase1",37,47,303114,0.0878034468642005,0.628929,0.156819480626041,FALSE
"phase1",40,47,327687,0.0980289889691383,0.527408,1.46080180547574,FALSE
"phase1",43,47,352260,0.335310047475516,0.614295,11.0363801740936,FALSE
"phase1",46,47,376833,0.319736004959308,0.676425,12.5842040154851,FALSE
"phase1",49,47,401406,0.25345279718609,0.623749,20.6662206929117,FALSE
"phase1",1,48,8239,1.60147851220831e-05,0.736922,-1.79056769411545e-09,TRUE
"phase1",4,48,32812,0.149993657966575,0.792832,0.580407366403961,FALSE
"phase1",7,48,57385,0.159549348467904,0.764877,0.331958419843687,FALSE
"phase1",10,48,81958,1.09431142502274e-05,0.760783,-2.50304310611682e-09,TRUE
"phase1",13,48,106531,0.113261952120993,0.810082,0.0204754832611513,FALSE
"phase1",16,48,131104,0.367954604120219,0.841739,9.40003907228913,FALSE
"phase1",19,48,155677,0.628036623225714,0.937773,45.2911210738509,FALSE
"phase1",22,48,180250,0.288569275832925,0.876694,3.13499768572706,FALSE
"phase1",25,48,204823,2.93370590181943e-05,0.536983,-3.05324121541162e-09,TRUE
"phase1",28,48,229396,2.11008358895559e-05,0.560113,-8.36605806853186e-09,TRUE
"phase1",31,48,253969,1.21745484782298e-05,0.639839,-1.73592411556456e-08,TRUE
"phase1",34,48,278542,0.091033234542448,0.600748,0.170929420692961,FALSE
"phase1",37,48,303115,0.134357690555072,0.584073,0.943217276585202,FALSE
"phase1",40,48,327688,0.0465488480871882,0.545794,0.0579776752208829,FALSE
"phase1",43,48,352261,0.275707230123928,0.682159,3.86522318951013,FALSE
"phase1",46,48,376834,0.131750718437386,0.57296,1.02250045481131,FALSE
"phase1",49,48,401407,0.25340392470619,0.665509,17.08462553733,FALSE
"phase1",1,49,8240,0.306180032070301,0.815956,4.37625435122266,FALSE
"phase1",4,49,32813,6.82656869973594e-06,0.772357,-1.01823616205365e-09,TRUE
"phase1",7,49,57386,1.07954029290784e-05,0.819462,-1.94677340914495e-09,TRUE
"phase1",10,49,81959,3.27294729702982e-06,0.747014,-7.35212779545691e-10,TRUE
"phase1",13,49,106532,8.2489095243375e-06,0.872541,-2.88139290205436e-10,TRUE
"phase1",16,49,131105,0.146791327057371,0.847725,0.204347436512819,FALSE
"phase1",19,49,155678,0.445866701357709,0.881596,7.03104849240103,FALSE
"phase1",22,49,180251,0.50080170839322,0.934173,13.3800879740248,FALSE
"phase1",25,49,204824,7.38375268653851e-06,0.465783,-2.4870416837075e-09,TRUE
"phase1",28,49,229397,1.07991472495343e-05,0.613742,-9.76599778823584e-09,TRUE
"phase1",31,49,253970,7.62783646659712e-06,0.608341,-1.73911587353359e-08,TRUE
"phase1",34,49,278543,0.155981156865383,0.578497,0.935990276252745,FALSE
"phase1",37,49,303116,0.107031378609405,0.675304,0.239570518777413,FALSE
"phase1",40,49,327689,1.81229771208366e-05,0.599641,-1.87912689852965e-08,TRUE
"phase1",43,49,352262,0.201001430835138,0.530703,1.99928286981935,FALSE
"phase1",46,49,376835,0.361155607236747,0.728461,13.3725140733153,FALSE
"phase1",49,49,401408,0.202646149697919,0.645946,8.47928794173896,FALSE
"phase1",1,50,8241,0.291734297441794,0.782529,5.37252624637313,FALSE
"phase1",4,50,32814,0.0685698326340672,0.764975,0.0161306583536316,FALSE
"phase1",7,50,57387,8.90978967638706e-06,0.701604,-1.50441792357014e-09,TRUE
"phase1",10,50,81960,0.196824620973998,0.788492,1.2387622620513,FALSE
"phase1",13,50,106533,0.448189434913778,0.883726,9.27249820960947,FALSE
"phase1",16,50,131106,0.325544815929397,0.864486,1.5059365592553,FALSE
"phase1",19,50,155679,1.27587249588841e-05,0.898423,-2.51759502134519e-10,TRUE
"phase1",22,50,180252,0.120829593941549,0.801527,0.0701040473010153,FALSE
"phase1",25,50,204825,9.62548463802494e-06,0.665224,-4.03051814146238e-09,TRUE
"phase1",28,50,229398,1.15632756762284e-05,0.619778,-7.47107264942315e-09,TRUE
"phase1",31,50,253971,1.54278808402375e-05,0.589291,-2.19769447085127e-08,TRUE
"phase1",34,50,278544,0.138638520956515,0.610919,0.637166759937521,FALSE
"phase1",37,50,303117,0.154642823829472,0.569458,1.59615809019523,FALSE
"phase1",40,50,327690,0.0941479126303565,0.588978,0.933719164761527,FALSE
"phase1",43,50,352263,0.306602139748829,0.774986,4.85089370797213,FALSE
"phase1",46,50,376836,0.294372915793823,0.59751,12.654734930874,FALSE
"phase1",49,50,401409,0.20991766573345,0.639567,8.9523119203958,FALSE
"phase1",1,51,8242,2.37266580729301e-05,0.793601,-1.3350813787838e-09,TRUE
"phase1",4,51,32815,0.155084881774811,0.745085,1.27860239653916,FALSE
"phase1",7,51,57388,1.21013875638436e-05,0.777163,-1.55102952703601e-09,TRUE
"phase1",10,51,81961,7.36174334283001e-06,0.768914,-8.84256223798729e-10,TRUE
"phase1",13,51,106534,0.474373432890398,0.825358,18.1749110167744,FALSE
"phase1",16,51,131107,1.54986406096672e-06,0.726417,-5.96855898038484e-11,TRUE
"phase1",19,51,155680,0.629577474640764,0.918928,48.6298761884624,FALSE
"phase1",22,51,180253,0.563824406794049,0.918601,32.6324392463895,FALSE
"phase1",25,51,204826,1.77714031899986e-05,0.5691,-2.79331402452954e-09,TRUE
"phase1",28,51,229399,0.0572562228399786,0.649754,0.0368872632716801,FALSE
"phase1",31,51,253972,1.06095984633333e-05,0.58087,-2.43108786435187e-08,TRUE
"phase1",34,51,278545,7.57919457075241e-06,0.652886,-4.58005189329924e-09,TRUE
"phase1",37,51,303118,1.35474757209645e-05,0.602646,-9.4977679054864e-09,TRUE
"phase1",40,51,327691,0.134108742043263,0.558188,3.9463774933148,FALSE
"phase1",43,51,352264,0.42731381747649,0.765945,10.729380774397,FALSE
"phase1",46,51,376837,0.351801468976996,0.756298,15.5933286557826,FALSE
"phase1",49,51,401410,0.220471981968539,0.596122,14.3875695483676,FALSE
"phase1",1,52,8243,9.30464387152732e-06,0.767904,-5.45298917131731e-10,TRUE
"phase1",4,52,32816,0.128868049321025,0.745644,0.30744353346131,FALSE
"phase1",7,52,57389,0.357734387930975,0.729372,18.4565041789056,FALSE
"phase1",10,52,81962,0.165931111198774,0.768305,0.668337282939092,FALSE
"phase1",13,52,106535,2.4161752915127e-05,0.691246,-2.56540033660713e-09,TRUE
"phase1",16,52,131108,0.0506759977475989,0.740772,0.00994525321220863,FALSE
"phase1",19,52,155681,0.448840455087251,0.87817,5.36543544436984,FALSE
"phase1",22,52,180254,0.651246756556166,0.964479,61.5440215292782,FALSE
"phase1",25,52,204827,1.0818459106955e-05,0.521048,-2.60616417335768e-09,TRUE
"phase1",28,52,229400,1.21863161876827e-05,0.632211,-8.08965694432118e-09,TRUE
"phase1",31,52,253973,0.000345778808080116,0.573019,-2.4358911332456e-08,TRUE
"phase1",34,52,278546,0.158598056546001,0.515592,0.996591374819999,FALSE
"phase1",37,52,303119,1.60919939492981e-05,0.588576,-9.36283583996556e-09,TRUE
"phase1",40,52,327692,0.145470267663129,0.562091,4.6917816140982,FALSE
"phase1",43,52,352265,0.164514777595076,0.613909,0.927346651082516,FALSE
"phase1",46,52,376838,0.387949970143936,0.653135,21.5151212023486,FALSE
"phase1",49,52,401411,0.230948621063494,0.628931,13.7746554984929,FALSE
"phase1",1,53,8244,0.232917175930415,0.779595,1.15623799750003,FALSE
"phase1",4,53,32817,6.51945904327343e-06,0.711528,-1.58644297698629e-09,TRUE
"phase1",7,53,57390,3.26389266338213e-05,0.758506,-6.89567514200462e-10,TRUE
"phase1",10,53,81963,0.166032584176107,0.797613,0.235961118901173,FALSE
"phase1",13,53,106536,3.18284623626734e-05,0.839149,-1.45718104249681e-09,TRUE
"phase1",16,53,131109,0.277534818204297,0.812235,2.33510554038099,FALSE
"phase1",19,53,155682,0.425543048952232,0.82143,7.15660211363866,FALSE
"phase1",22,53,180255,0.50004067159261,0.857871,17.9705365039537,FALSE
"phase1",25,53,204828,5.91072848904814e-06,0.521437,-2.7480382414069e-09,TRUE
"phase1",28,53,229401,7.58061659011618e-06,0.564914,-7.1332806328428e-09,TRUE
"phase1",31,53,253974,1.25122679905419e-05,0.579153,-1.30755495320045e-08,TRUE
"phase1",34,53,278547,8.91377677461124e-06,0.531852,-2.57702836847784e-09,TRUE
"phase1",37,53,303120,0.210234511090956,0.605018,4.15194377940141,FALSE
"phase1",40,53,327693,0.0608838798898049,0.629221,0.123237220094552,FALSE
"phase1",43,53,352266,4.00274220213711e-05,0.627449,-2.7945930014539e-09,TRUE
"phase1",46,53,376839,0.204686391015511,0.758498,2.17753229985364,FALSE
"phase1",49,53,401412,0.296982650241167,0.689569,28.6063436690073,FALSE
"phase1",1,54,8245,0.0386195270917343,0.821999,0.000369007007066102,TRUE
"phase1",4,54,32818,0.127938766583991,0.773008,0.193112626447999,FALSE
"phase1",7,54,57391,0.271959893486747,0.692279,9.55618810807306,FALSE
"phase1",10,54,81964,5.68054192925885e-06,0.772061,-3.27872839989141e-10,TRUE
"phase1",13,54,106537,0.167913388522199,0.776687,0.324191255890497,FALSE
"phase1",16,54,131110,0.327117756591469,0.835761,3.47658079863464,FALSE
"phase1",19,54,155683,0.597850003506666,0.892653,34.7709253329934,FALSE
"phase1",22,54,180256,0.475854229027398,0.881106,26.1622587826091,FALSE
"phase1",25,54,204829,0.167357310086865,0.46189,1.88595429267713,FALSE
"phase1",28,54,229402,1.12836426322508e-05,0.55331,-8.66064908677799e-09,TRUE
"phase1",31,54,253975,2.04220025559869e-05,0.607815,-2.28112639888423e-08,TRUE
"phase1",34,54,278548,5.52721149808941e-06,0.527418,-2.3691129058534e-09,TRUE
"phase1",37,54,303121,0.0302855782996301,0.532338,0.00391868211126223,FALSE
"phase1",40,54,327694,0.12670597000808,0.554813,2.68699341998982,FALSE
"phase1",43,54,352267,0.194055490887489,0.566281,1.43600445048637,FALSE
"phase1",46,54,376840,1.26867915875236e-05,0.552465,-6.30326724149199e-09,TRUE
"phase1",49,54,401413,0.291398637530938,0.674879,26.1800303410097,FALSE
"phase1",1,55,8246,1.14379443944399e-05,0.748774,-1.11515419121133e-09,TRUE
"phase1",4,55,32819,4.41084055700028e-06,0.761048,-7.85689735494088e-10,TRUE
"phase1",7,55,57392,1.81165646121896e-05,0.824116,-1.89595539268339e-09,TRUE
"phase1",10,55,81965,0.241589465020363,0.770719,8.65010847073984,FALSE
"phase1",13,55,106538,0.209009232505863,0.847753,0.423173496158739,FALSE
"phase1",16,55,131111,0.214483457963338,0.935569,0.313103194680878,FALSE
"phase1",19,55,155684,0.414751839091109,0.86303,8.33804960276541,FALSE
"phase1",22,55,180257,0.595176274738089,0.945138,33.1834446072359,FALSE
"phase1",25,55,204830,8.18686971732138e-06,0.582886,-2.46166820261351e-09,TRUE
"phase1",28,55,229403,6.43254532316047e-06,0.605023,-5.833726390847e-09,TRUE
"phase1",31,55,253976,1.67557626152053e-05,0.545374,-1.4945754855944e-08,TRUE
"phase1",34,55,278549,0.100974804156552,0.595293,0.253796011425543,FALSE
"phase1",37,55,303122,1.14206428540114e-05,0.599862,-6.45481179617491e-09,TRUE
"phase1",40,55,327695,0.080119452663715,0.564451,0.432875574767792,FALSE
"phase1",43,55,352268,0.470078766031547,0.753447,14.4377010887348,FALSE
"phase1",46,55,376841,0.16100664587403,0.585657,1.57812639386472,FALSE
"phase1",49,55,401414,0.337078225491813,0.694534,44.0783366462847,FALSE
"phase1",1,56,8247,0.212605091851545,0.74494,1.63245529862834,FALSE
"phase1",4,56,32820,3.93749625798897e-05,0.774354,-3.66480890079401e-09,TRUE
"phase1",7,56,57393,6.84494617941771e-06,0.747483,-4.57191617897479e-10,TRUE
"phase1",10,56,81966,1.41361697724504e-06,0.754442,-6.50288711767644e-11,TRUE
"phase1",13,56,106539,4.81786690075633e-06,0.77858,-1.44098066812148e-10,TRUE
"phase1",16,56,131112,0.203271280915685,0.842867,0.466895413805389,FALSE
"phase1",19,56,155685,0.120357177380466,0.896505,0.00846700318291482,FALSE
"phase1",22,56,180258,0.202185072662583,0.899315,0.265290467820023,FALSE
"phase1",25,56,204831,7.08692528588083e-06,0.576449,-3.01510283406969e-09,TRUE
"phase1",28,56,229404,0.140482370657001,0.627086,1.02596010177317,FALSE
"phase1",31,56,253977,1.12091940523615e-05,0.595101,-2.12741326777177e-08,TRUE
"phase1",34,56,278550,7.65865940146822e-06,0.586808,-3.44394024409667e-09,TRUE
"phase1",37,56,303123,1.5943761356155e-05,0.64819,-8.9026741534326e-09,TRUE
"phase1",40,56,327696,0.0850274778280592,0.619373,0.481704343522267,FALSE
"phase1",43,56,352269,0.16146278738186,0.611487,0.884117713333673,FALSE
"phase1",46,56,376842,1.41072048462765e-05,0.565498,-9.14171494059701e-09,TRUE
"phase1",49,56,401415,0.336490438575577,0.677495,40.5538319635999,FALSE
"phase1",1,57,8248,2.47364058502461e-05,0.783689,-9.01081875781529e-10,TRUE
"phase1",4,57,32821,2.5107979969009e-05,0.794349,-1.77317360794405e-09,TRUE
"phase1",7,57,57394,1.22575742587785e-05,0.740256,-6.06121375312796e-10,TRUE
"phase1",10,57,81967,0.22612594787762,0.846314,1.66490055498753,FALSE
"phase1",13,57,106540,1.33898166179572e-05,0.781962,-1.82694748218637e-10,TRUE
"phase1",16,57,131113,0.0601336862701653,0.734942,0.00744409482234687,FALSE
"phase1",19,57,155686,0.56946883066394,0.933333,21.1320089231689,FALSE
"phase1",22,57,180259,0.409993404822419,0.838124,16.3109756621006,FALSE
"phase1",25,57,204832,5.36492761663412e-06,0.553065,-2.20873630496499e-09,TRUE
"phase1",28,57,229405,1.61116978415111e-05,0.644126,-6.35800745385495e-09,TRUE
"phase1",31,57,253978,1.22785573351799e-05,0.602872,-1.94594917957147e-08,TRUE
"phase1",34,57,278551,2.0781997758047e-05,0.691944,-3.94490484723065e-09,TRUE
"phase1",37,57,303124,0.060849185435334,0.609826,0.0417434936732803,FALSE
"phase1",40,57,327697,0.0762587841737787,0.599033,0.3117665309573,FALSE
"phase1",43,57,352270,0.206321380583641,0.58193,2.6535448810661,FALSE
"phase1",46,57,376843,0.251085398261626,0.600397,6.9278619077768,FALSE
"phase1",49,57,401416,0.289678340876899,0.65464,28.6865350414929,FALSE
"phase1",1,58,8249,0.199045065286495,0.698924,1.53411598292945,FALSE
"phase1",4,58,32822,0.0533077503696585,0.783865,0.00439527630487646,FALSE
"phase1",7,58,57395,0.226442028714061,0.767705,2.11050941011672,FALSE
"phase1",10,58,81968,0.093563286846965,0.741855,0.0762904147760537,FALSE
"phase1",13,58,106541,0.501046511608635,0.84697,32.4269928005396,FALSE
"phase1",16,58,131114,8.20964639082082e-06,0.827819,-3.42197381542064e-10,TRUE
"phase1",19,58,155687,1.78098758500427e-05,0.819266,-4.32237357017584e-10,TRUE
"phase1",22,58,180260,0.298985859296981,0.90759,0.639542524686931,FALSE
"phase1",25,58,204833,6.5587235846237e-06,0.517418,-2.23979057523138e-09,TRUE
"phase1",28,58,229406,7.73914422845647e-06,0.639018,-6.11825612395478e-09,TRUE
"phase1",31,58,253979,2.56646063736367e-05,0.582854,-2.12502868635056e-08,TRUE
"phase1",34,58,278552,1.33791488809074e-05,0.618278,-2.34968666745772e-09,TRUE
"phase1",37,58,303125,0.0991586110011768,0.616666,0.288815166603612,FALSE
"phase1",40,58,327698,0.089264017959371,0.551359,0.66515513763764,FALSE
"phase1",43,58,352271,0.262151940988828,0.741267,2.97406112051269,FALSE
"phase1",46,58,376844,0.0966356992067034,0.543243,0.315618672702385,FALSE
"phase1",49,58,401417,0.257066806644024,0.651086,21.0215372556213,FALSE
"phase1",1,59,8250,0.236193897768727,0.747424,2.46732671147026,FALSE
"phase1",4,59,32823,0.086932013339088,0.733918,0.0702164609673446,FALSE
"phase1",7,59,57396,2.76529969402334e-06,0.723722,-1.09821485239081e-10,TRUE
"phase1",10,59,81969,0.178390278696178,0.694145,2.16131729662152,FALSE
"phase1",13,59,106542,0.38701575371824,0.79481,16.23909288495,FALSE
"phase1",16,59,131115,0.119814159382174,0.78684,0.134931866242596,FALSE
"phase1",19,59,155688,0.566387539739227,0.927688,14.2169100479805,FALSE
"phase1",22,59,180261,0.375334568807933,0.858991,8.14491680077356,FALSE
"phase1",25,59,204834,7.31531626129954e-06,0.532292,-2.8763409432031e-09,TRUE
"phase1",28,59,229407,1.05557287860851e-05,0.649943,-6.28028828941751e-09,TRUE
"phase1",31,59,253980,1.67922525566552e-05,0.596111,-2.04030072836758e-08,TRUE
"phase1",34,59,278553,8.7533637400851e-06,0.552949,-3.00988745038921e-09,TRUE
"phase1",37,59,303126,1.42556119050018e-05,0.643808,-7.98725352524343e-09,TRUE
"phase1",40,59,327699,0.122962571242974,0.579794,2.17517767971856,FALSE
"phase1",43,59,352272,0.266440528638707,0.55992,6.24311416785619,FALSE
"phase1",46,59,376845,0.310083626695977,0.63436,14.0215388279255,FALSE
"phase1",49,59,401418,0.357348403288248,0.685722,47.7141740557088,FALSE
"phase1",1,60,8251,0.226543981606967,0.676948,3.50162340852916,FALSE
"phase1",4,60,32824,9.84624004489275e-06,0.781503,-2.50639686782961e-09,TRUE
"phase1",7,60,57397,2.65145780067474e-05,0.727296,-2.70784994427231e-09,TRUE
"phase1",10,60,81970,2.27777131783304e-05,0.76256,-1.83945303433575e-09,TRUE
"phase1",13,60,106543,2.25038360888262e-05,0.75772,-1.13345777208451e-09,TRUE
"phase1",16,60,131116,0.196064069429064,0.82481,0.297812392226945,FALSE
"phase1",19,60,155689,0.564254907765505,0.927982,9.45352191979259,FALSE
"phase1",22,60,180262,0.579809323066306,0.92761,42.0017117887205,FALSE
"phase1",25,60,204835,0.180455831568717,0.5748,1.93285298542199,FALSE
"phase1",28,60,229408,1.06087601956514e-05,0.505709,-7.04013558561201e-09,TRUE
"phase1",31,60,253981,0.0887123348167966,0.598995,0.615517129230113,FALSE
"phase1",34,60,278554,0.15139687961049,0.56482,0.710315860888905,FALSE
"phase1",37,60,303127,0.183549725521074,0.594296,2.86963559075541,FALSE
"phase1",40,60,327700,0.0464092392734411,0.597255,0.0463431666796055,FALSE
"phase1",43,60,352273,0.0590512864193739,0.704724,0.0214964729687637,FALSE
"phase1",46,60,376846,0.196973317364475,0.698663,2.60020333348054,FALSE
"phase1",49,60,401419,0.278777777074396,0.644148,25.9135669470787,FALSE
"phase1",1,61,8252,0.180138178463221,0.76863,0.297292280985943,FALSE
"phase1",4,61,32825,2.18543582496872e-05,0.757707,-1.34866695589153e-09,TRUE
"phase1",7,61,57398,1.30341096922614e-05,0.823388,-4.90956608700799e-10,TRUE
"phase1",10,61,81971,1.71387876397494e-05,0.740076,-1.84377313416917e-09,TRUE
"phase1",13,61,106544,0.000121593077148128,0.853483,-1.26124177768361e-09,TRUE
"phase1",16,61,131117,0.274883644778776,0.808334,1.62363610253107,FALSE
"phase1",19,61,155690,5.29490794036931e-05,0.964084,-8.66634763951879e-10,TRUE
"phase1",22,61,180263,0.43430349349798,0.963501,2.40609298963261,FALSE
"phase1",25,61,204836,3.1071069992825e-05,0.647648,-2.29177032906591e-09,TRUE
"phase1",28,61,229409,2.51314228732403e-05,0.58308,-4.93766094677994e-09,TRUE
"phase1",31,61,253982,8.24661736135896e-06,0.568135,-1.48810954669898e-08,TRUE
"phase1",34,61,278555,0.125151012213005,0.520706,0.620303655432082,FALSE
"phase1",37,61,303128,2.75221730004669e-05,0.604048,-6.88324064412882e-09,TRUE
"phase1",40,61,327701,0.103410442435473,0.520618,1.63199961130508,FALSE
"phase1",43,61,352274,0.28057595533344,0.659853,3.72346253383581,FALSE
"phase1",46,61,376847,0.220580999657304,0.591584,4.8952451840635,FALSE
"phase1",49,61,401420,0.269307663786771,0.623358,25.5042068482352,FALSE
"phase1",1,62,8253,2.19354306184887e-05,0.748141,-7.11850134393899e-10,TRUE
"phase1",4,62,32826,0.233742236981226,0.779876,2.34818805220254,FALSE
"phase1",7,62,57399,1.32616776344732e-05,0.685469,-2.23553797695786e-09,TRUE
"phase1",10,62,81972,0.252801602181246,0.759612,5.24511653538008,FALSE
"phase1",13,62,106545,0.333300008994843,0.80997,4.14338779332471,FALSE
"phase1",16,62,131118,0.42534049072216,0.858422,19.9674453389003,FALSE
"phase1",19,62,155691,0.586193103961512,0.944076,19.6680046656318,FALSE
"phase1",22,62,180264,0.457665301684623,0.872003,25.5779997507193,FALSE
"phase1",25,62,204837,9.9847972065984e-06,0.596549,-2.7090081289316e-09,TRUE
"phase1",28,62,229410,0.0707771654843194,0.624406,0.079887227638352,FALSE
"phase1",31,62,253983,0.0795353649395701,0.575691,0.523984166535882,FALSE
"phase1",34,62,278556,3.40162713869353e-06,0.490503,-1.56665436179537e-09,TRUE
"phase1",37,62,303129,6.67696041054991e-06,0.624382,-6.13701445217885e-09,TRUE
"phase1",40,62,327702,0.114201091344018,0.564983,1.61978976012972,FALSE
"phase1",43,62,352275,0.336032067939445,0.62069,7.97125757820099,FALSE
"phase1",46,62,376848,0.314324031171579,0.578218,15.9084590447078,FALSE
"phase1",49,62,401421,0.276091049074895,0.663136,20.6192679275159,FALSE
"phase1",1,63,8254,0.341141140397627,0.749736,13.700959614414,FALSE
"phase1",4,63,32827,6.85258244523597e-06,0.779419,-1.32314426082303e-09,TRUE
"phase1",7,63,57400,0.212132557436951,0.675277,3.01989758700145,FALSE
"phase1",10,63,81973,4.80068121513483e-06,0.767422,-4.73221462016227e-10,TRUE
"phase1",13,63,106546,0.000186935396629835,0.801583,-2.07990069611697e-09,TRUE
"phase1",16,63,131119,0.320811498091338,0.841406,4.52790362544766,FALSE
"phase1",19,63,155692,0.478907860483859,0.955644,5.5724114236134,FALSE
"phase1",22,63,180265,0.549525403851473,0.931416,31.33059069174,FALSE
"phase1",25,63,204838,7.18962527595299e-06,0.565411,-2.8636719662245e-09,TRUE
"phase1",28,63,229411,6.93521161838696e-06,0.511306,-4.60543958524795e-09,TRUE
"phase1",31,63,253984,1.9906547843811e-05,0.585572,-2.54732128723845e-08,TRUE
"phase1",34,63,278557,1.09560792735226e-05,0.633537,-4.30745217272488e-09,TRUE
"phase1",37,63,303130,9.93658425691917e-06,0.572675,-9.70418057022471e-09,TRUE
"phase1",40,63,327703,0.0810462777503233,0.603045,0.437356196055475,FALSE
"phase1",43,63,352276,0.175193428718805,0.649432,0.802737573844638,FALSE
"phase1",46,63,376849,0.183761065856876,0.677693,2.11020069879348,FALSE
"phase1",49,63,401422,0.29263827113304,0.643998,30.1412577869454,FALSE
"phase1",1,64,8255,0.238207728306814,0.742571,1.9351307439282,FALSE
"phase1",4,64,32828,6.15536198346655e-06,0.784611,-2.50548737312783e-09,TRUE
"phase1",7,64,57401,1.28353826888088e-05,0.770851,-8.52708126330981e-10,TRUE
"phase1",10,64,81974,6.90794556150371e-06,0.739407,-1.87924342753831e-10,TRUE
"phase1",13,64,106547,0.372791478614021,0.786917,13.2815824581512,FALSE
"phase1",16,64,131120,0.302408702125362,0.811781,6.05275398060348,FALSE
"phase1",19,64,155693,0.614465151904028,1.01063,12.3127119571798,FALSE
"phase1",22,64,180266,0.639847796164084,0.961686,64.5170642737418,FALSE
"phase1",25,64,204839,0.127786480840943,0.488253,0.630553029049665,FALSE
"phase1",28,64,229412,1.20563509445758e-05,0.576352,-7.27651183751732e-09,TRUE
"phase1",31,64,253985,0.0876070902214248,0.580151,0.683435762688021,FALSE
"phase1",34,64,278558,0.249050599928976,0.711133,2.44967584269129,FALSE
"phase1",37,64,303131,1.24281692021696e-05,0.571498,-6.2765366237727e-09,TRUE
"phase1",40,64,327704,0.135050132852258,0.609832,2.11805476045106,FALSE
"phase1",43,64,352277,6.46881246245932e-06,0.492193,-4.3040131458838e-09,TRUE
"phase1",46,64,376850,0.243979449099923,0.534618,7.39728659744978,FALSE
"phase1",49,64,401423,0.288206775461718,0.669468,27.3988666974962,FALSE
"phase1",1,65,8256,0.121260977984498,0.758124,0.0887103001707885,FALSE
"phase1",4,65,32829,1.21056576595783e-05,0.746283,-1.72718728208565e-09,TRUE
"phase1",7,65,57402,0.195592648803343,0.813408,0.344500414076776,FALSE
"phase1",10,65,81975,5.34798646470172e-06,0.774606,-8.05584932095371e-10,TRUE
"phase1",13,65,106548,0.489702675020269,0.892438,9.54467878248971,FALSE
"phase1",16,65,131121,0.28429249424741,0.81076,3.87166457809872,FALSE
"phase1",19,65,155694,0.548735487329966,0.821637,59.7731231292269,FALSE
"phase1",22,65,180267,0.552324083582134,0.978417,18.5093522774758,FALSE
"phase1",25,65,204840,7.90739795280323e-06,0.537336,-4.18394563439506e-09,TRUE
"phase1",28,65,229413,0.03275718630103,0.534197,0.00855285760888336,FALSE
"phase1",31,65,253986,0.0290391216426683,0.554693,0.00871530821984834,FALSE
"phase1",34,65,278559,0.0513277227845936,0.640239,0.014401729338104,FALSE
"phase1",37,65,303132,8.52080769849369e-06,0.563294,-8.266454187833e-09,TRUE
"phase1",40,65,327705,0.0949746353080965,0.570964,0.836513140293675,FALSE
"phase1",43,65,352278,0.281582515200047,0.627126,4.09871585892733,FALSE
"phase1",46,65,376851,0.215633883327737,0.623139,3.63463720097653,FALSE
"phase1",49,65,401424,0.317797512336372,0.653799,39.7342142820248,FALSE
"phase1",1,66,8257,0.0541367593742571,0.770973,0.00619376852938558,FALSE
"phase1",4,66,32830,0.103085303678741,0.73943,0.18151308931391,FALSE
"phase1",7,66,57403,8.04995197353865e-06,0.820125,-4.12171630159719e-10,TRUE
"phase1",10,66,81976,0.339377491128247,0.764141,19.0316870412444,FALSE
"phase1",13,66,106549,1.56948230208473e-05,0.844648,-6.29768237558892e-10,TRUE
"phase1",16,66,131122,0.0519745376859095,0.777418,0.0016336352404096,FALSE
"phase1",19,66,155695,0.651254778899395,0.983064,36.2179180350527,FALSE
"phase1",22,66,180268,0.609735363589364,0.968789,30.7699602978327,FALSE
"phase1",25,66,204841,3.37399869609411e-05,0.66386,-4.96274310535227e-09,TRUE
"phase1",28,66,229414,0.0117897855877603,0.578519,9.99113725868028e-05,TRUE
"phase1",31,66,253987,2.2058435934302e-05,0.561351,-1.67197811151709e-08,TRUE
"phase1",34,66,278560,6.90686161631591e-06,0.536701,-2.7351347853255e-09,TRUE
"phase1",37,66,303133,1.22464691127113e-05,0.546396,-4.21247392523583e-09,TRUE
"phase1",40,66,327706,0.0283463263540664,0.57462,0.00713293666564141,FALSE
"phase1",43,66,352279,0.112739870629749,0.594544,0.33351991096432,FALSE
"phase1",46,66,376852,0.299948529106289,0.67536,8.10575138505769,FALSE
"phase1",49,66,401425,0.345227394185523,0.649506,45.6179200419392,FALSE
"phase1",1,67,8258,0.326545520292129,0.765383,6.41392409430884,FALSE
"phase1",4,67,32831,8.73469635508033e-06,0.758329,-1.69626446222537e-09,TRUE
"phase1",7,67,57404,0.324221999059031,0.781084,2.50518547313044,FALSE
"phase1",10,67,81977,0.20600280195869,0.822256,0.776215608140888,FALSE
"phase1",13,67,106550,0.38421678451067,0.833448,5.55427712114835,FALSE
"phase1",16,67,131123,0.26330141688077,0.783476,2.64187671587939,FALSE
"phase1",19,67,155696,5.55073409406715e-06,0.925036,-1.67119651450776e-11,TRUE
"phase1",22,67,180269,0.385921819328162,0.947241,3.7438450032584,FALSE
"phase1",25,67,204842,0.0529012162518073,0.672894,0.00839891735999032,FALSE
"phase1",28,67,229415,0.0133557224597362,0.518346,0.000266881214209036,TRUE
"phase1",31,67,253988,6.6919165065678e-06,0.548046,-1.44578109484428e-08,TRUE
"phase1",34,67,278561,2.51424133673806e-05,0.628692,-3.20538617870625e-09,TRUE
"phase1",37,67,303134,6.77037085896589e-06,0.544043,-6.3775900116525e-09,TRUE
"phase1",40,67,327707,0.105089373302544,0.620794,0.836840840714132,FALSE
"phase1",43,67,352280,0.386107288629392,0.771788,8.38133773283174,FALSE
"phase1",46,67,376853,0.413250550683811,0.705791,28.36514411731,FALSE
"phase1",49,67,401426,0.185471432510629,0.591906,8.21408390711585,FALSE
"phase1",1,68,8259,4.03576496986743e-05,0.741101,-1.30665966935339e-09,TRUE
"phase1",4,68,32832,1.31258057026545e-05,0.755246,-5.32054400537163e-10,TRUE
"phase1",7,68,57405,3.31980929074626e-05,0.872631,-2.97990254694014e-09,TRUE
"phase1",10,68,81978,0.158236179267514,0.790774,0.321346268021443,FALSE
"phase1",13,68,106551,1.13011568724373e-05,0.787992,-9.61620116868289e-10,TRUE
"phase1",16,68,131124,5.66373807778604e-06,0.774093,-7.26913640392013e-10,TRUE
"phase1",19,68,155697,0.668022791367485,0.967446,37.6060879969741,FALSE
"phase1",22,68,180270,0.430193833633371,0.873314,9.83195195497387,FALSE
"phase1",25,68,204843,9.59751722541866e-06,0.60038,-3.48208573086595e-09,TRUE
"phase1",28,68,229416,7.8758997746222e-06,0.620233,-7.67280994296016e-09,TRUE
"phase1",31,68,253989,2.40419711893211e-05,0.584619,-2.35916388646729e-08,TRUE
"phase1",34,68,278562,0.152515884870958,0.557269,0.851249506232662,FALSE
"phase1",37,68,303135,0.101261430238319,0.559193,0.302618456932606,FALSE
"phase1",40,68,327708,0.0776672582399863,0.5997,0.349075435035786,FALSE
"phase1",43,68,352281,0.225722485122017,0.648622,4.0419195801896,FALSE
"phase1",46,68,376854,0.378294386205488,0.668824,19.1083518106383,FALSE
"phase1",49,68,401427,0.284903585868149,0.636381,24.7711887859184,FALSE
"phase1",1,69,8260,0.204801648741408,0.824238,0.31211241936802,FALSE
"phase1",4,69,32833,0.0477468823916712,0.735555,0.00864854732014919,FALSE
"phase1",7,69,57406,0.313836015186954,0.787891,8.27002161585517,FALSE
"phase1",10,69,81979,6.5143984038002e-06,0.757905,-5.51722223463003e-10,TRUE
"phase1",13,69,106552,8.26852141463366e-06,0.836423,-1.42165390570881e-10,TRUE
"phase1",16,69,131125,0.293104590359442,0.820447,5.88629964780182,FALSE
"phase1",19,69,155698,0.452400627394465,0.8076,26.5899504086819,FALSE
"phase1",22,69,180271,0.455631068524658,0.886854,12.0211233272996,FALSE
"phase1",25,69,204844,8.58801967052694e-06,0.557659,-2.88646617718769e-09,TRUE
"phase1",28,69,229417,6.48959926567436e-06,0.555829,-5.24590859640739e-09,TRUE
"phase1",31,69,253990,2.0292689962206e-05,0.595238,-1.86090574061382e-08,TRUE
"phase1",34,69,278563,0.0837780479825737,0.574643,0.105546170608505,FALSE
"phase1",37,69,303136,8.98787409114429e-06,0.516768,-5.80020298457384e-09,TRUE
"phase1",40,69,327709,0.150436988924671,0.561613,4.76162487389212,FALSE
"phase1",43,69,352282,0.517577797298717,0.736197,24.4760893063456,FALSE
"phase1",46,69,376855,0.297663488993483,0.66933,12.0476517093198,FALSE
"phase1",49,69,401428,0.255449407534288,0.701577,15.5299864889456,FALSE
"phase1",1,70,8261,1.25721055166285e-05,0.76944,-2.19301909964997e-10,TRUE
"phase1",4,70,32834,6.6176279606818e-06,0.773891,-1.07223740997142e-09,TRUE
"phase1",7,70,57407,2.05480269526744e-05,0.722805,-1.75089098775061e-09,TRUE
"phase1",10,70,81980,9.98697650573955e-06,0.7995,-1.45575995702529e-09,TRUE
"phase1",13,70,106553,0.401371107528401,0.793721,11.2352253131043,FALSE
"phase1",16,70,131126,0.206521430861953,0.792922,0.6850622655557,FALSE
"phase1",19,70,155699,2.45444178538913e-05,1.04466,-3.39696271112189e-10,TRUE
"phase1",22,70,180272,0.667729975050363,1.05658,24.3017742368759,FALSE
"phase1",25,70,204845,7.72632779791179e-06,0.565343,-3.05221448115844e-09,TRUE
"phase1",28,70,229418,0.0692835272564926,0.566325,0.0994252201667223,FALSE
"phase1",31,70,253991,1.15123532450262e-05,0.554242,-1.87702084986086e-08,TRUE
"phase1",34,70,278564,0.0467435139178604,0.499034,0.0215485249474661,FALSE
"phase1",37,70,303137,0.175008774331746,0.614608,1.89374920791295,FALSE
"phase1",40,70,327710,0.0672378596543492,0.607364,0.19863175377148,FALSE
"phase1",43,70,352283,0.31924879115191,0.695036,7.57016082584629,FALSE
"phase1",46,70,376856,0.290454075933227,0.715233,7.94360517533646,FALSE
"phase1",49,70,401429,0.306890832605883,0.669034,32.1300271347303,FALSE
"phase1",1,71,8262,6.97190235715253e-06,0.736851,-7.82620190875605e-10,TRUE
"phase1",4,71,32835,1.6706882541606e-05,0.747852,-3.90184595744358e-09,TRUE
"phase1",7,71,57408,1.41497309678737e-05,0.758929,-2.46916442847578e-09,TRUE
"phase1",10,71,81981,0.185219074140408,0.801163,1.34227128377097,FALSE
"phase1",13,71,106554,9.14806472058994e-05,0.874475,-6.96388724463759e-10,TRUE
"phase1",16,71,131127,0.309851384977217,0.778312,19.2655100420525,FALSE
"phase1",19,71,155700,3.51019469567509e-05,0.898468,-8.6390627984656e-10,TRUE
"phase1",22,71,180273,0.637681173399832,0.974367,43.6243582230221,FALSE
"phase1",25,71,204846,7.45946547986429e-06,0.488698,-2.73485767365855e-09,TRUE
"phase1",28,71,229419,7.64567793313309e-06,0.645987,-7.44482520076417e-09,TRUE
"phase1",31,71,253992,9.62951448409666e-06,0.563593,-2.04636876333097e-08,TRUE
"phase1",34,71,278565,7.10912687578306e-06,0.502852,-2.63902677488659e-09,TRUE
"phase1",37,71,303138,0.133931100623738,0.581253,0.882916804408737,FALSE
"phase1",40,71,327711,0.117320176792661,0.599316,2.18486471184497,FALSE
"phase1",43,71,352284,0.132867044091964,0.516095,0.750835454306181,FALSE
"phase1",46,71,376857,0.501070846989583,0.804391,38.5510535444485,FALSE
"phase1",49,71,401430,0.271665895924928,0.621102,24.8853012641531,FALSE
"phase1",1,72,8263,2.21474252670815e-05,0.851597,-3.71642272511963e-10,TRUE
"phase1",4,72,32836,6.40543813422928e-06,0.759644,-1.63367985805962e-09,TRUE
"phase1",7,72,57409,0.282062453911531,0.795748,2.34131766479285,FALSE
"phase1",10,72,81982,1.04790633117177e-05,0.793972,-3.14645376420231e-09,TRUE
"phase1",13,72,106555,2.54041384534448e-05,0.790714,-6.50345555186504e-10,TRUE
"phase1",16,72,131128,0.311348425529788,0.821483,2.11378937984387,FALSE
"phase1",19,72,155701,0.432951489135107,0.86583,3.00187602510638,FALSE
"phase1",22,72,180274,0.000222372053084142,0.906706,-1.9039134713239e-09,TRUE
"phase1",25,72,204847,0.0688625282876777,0.540227,0.0678484965280397,FALSE
"phase1",28,72,229420,5.2773777016401e-06,0.504767,-6.17077944298217e-09,TRUE
"phase1",31,72,253993,0.0740741031636814,0.634331,0.249991365069548,FALSE
"phase1",34,72,278566,0.187498024409056,0.696901,1.05015588870371,FALSE
"phase1",37,72,303139,4.2692967369868e-05,0.593141,-4.79143125176051e-09,TRUE
"phase1",40,72,327712,0.153509278641262,0.601514,3.98009770615337,FALSE
"phase1",43,72,352285,0.241436366282248,0.607751,4.12166232239467,FALSE
"phase1",46,72,376858,0.156512341564393,0.689227,1.01156894720762,FALSE
"phase1",49,72,401431,0.292745871544523,0.663169,30.5281721435144,FALSE
"phase1",1,73,8264,0.37928972655199,0.775045,7.02808288441241,FALSE
"phase1",4,73,32837,7.07252521816422e-06,0.766549,-3.08602920995327e-10,TRUE
"phase1",7,73,57410,1.09518896498162e-05,0.757275,-2.31352714763489e-10,TRUE
"phase1",10,73,81983,1.42873529496041e-05,0.779161,-1.71024794326513e-09,TRUE
"phase1",13,73,106556,0.301609982183223,0.744002,3.83762882775125,FALSE
"phase1",16,73,131129,0.252107156050975,0.777721,4.42177809785477,FALSE
"phase1",19,73,155702,0.624048743022681,1.02548,10.5523941554666,FALSE
"phase1",22,73,180275,0.565401175083103,0.927497,37.9489951236512,FALSE
"phase1",25,73,204848,5.93781149908523e-06,0.543109,-3.55512241867473e-09,TRUE
"phase1",28,73,229421,8.60489633999339e-06,0.562485,-5.55418466774427e-09,TRUE
"phase1",31,73,253994,1.37068543475214e-05,0.620832,-2.24951861582667e-08,TRUE
"phase1",34,73,278567,0.0727265131886945,0.646463,0.0544125809079645,FALSE
"phase1",37,73,303140,0.0400611689593517,0.663479,0.00583511545217164,FALSE
"phase1",40,73,327713,0.0356816964067483,0.584743,0.0201629191339805,FALSE
"phase1",43,73,352286,0.091624164072571,0.608612,0.159783677961663,FALSE
"phase1",46,73,376859,0.164071953151142,0.572483,1.94447489305405,FALSE
"phase1",49,73,401432,0.338546952877638,0.643828,46.5493718105437,FALSE
"phase1",1,74,8265,1.23782144603617e-05,0.770832,-6.55461462883977e-10,TRUE
"phase1",4,74,32838,4.59455322993114e-06,0.725745,-4.12683220929466e-10,TRUE
"phase1",7,74,57411,0.246149902111722,0.690783,4.57350719257977,FALSE
"phase1",10,74,81984,0.136454427810927,0.824026,0.288527449620119,FALSE
"phase1",13,74,106557,0.452644564396308,0.866548,8.17458936167381,FALSE
"phase1",16,74,131130,0.242717735182271,0.827215,2.41626765609203,FALSE
"phase1",19,74,155703,0.586577721898506,0.938759,38.4716486902678,FALSE
"phase1",22,74,180276,0.524239913760023,0.884138,41.7598637615122,FALSE
"phase1",25,74,204849,8.7050699865188e-06,0.661627,-3.67825947478195e-09,TRUE
"phase1",28,74,229422,9.70685502548235e-06,0.603928,-8.75466810157377e-09,TRUE
"phase1",31,74,253995,2.6088862355492e-05,0.584198,-1.58771058522689e-08,TRUE
"phase1",34,74,278568,4.21316740084267e-06,0.576231,-2.3679902483309e-09,TRUE
"phase1",37,74,303141,7.65697694041363e-06,0.562582,-5.85612269787816e-09,TRUE
"phase1",40,74,327714,0.0795404552461668,0.602967,0.437780543344672,FALSE
"phase1",43,74,352287,0.277601946077902,0.549416,7.95166103570866,FALSE
"phase1",46,74,376860,0.205512921263856,0.641307,4.07921025220463,FALSE
"phase1",49,74,401433,0.369344194762956,0.657417,58.5187067439712,FALSE
"phase1",1,75,8266,0.130594037821805,0.687405,0.248232273696374,FALSE
"phase1",4,75,32839,6.34542341109894e-06,0.754765,-4.60943283542292e-10,TRUE
"phase1",7,75,57412,1.11729810605449e-05,0.676926,-1.92642346519278e-09,TRUE
"phase1",10,75,81985,0.168911235021816,0.76606,0.85894570669609,FALSE
"phase1",13,75,106558,4.41833253829418e-06,0.795889,-9.27684595808387e-11,TRUE
"phase1",16,75,131131,0.326574177160125,0.838109,3.72703678746734,FALSE
"phase1",19,75,155704,0.43918722883775,1.02884,1.38872919386426,FALSE
"phase1",22,75,180277,0.442886213281366,0.824071,37.384437760476,FALSE
"phase1",25,75,204850,9.00036703712661e-06,0.600131,-3.90644316894395e-09,TRUE
"phase1",28,75,229423,5.36568337164661e-06,0.567091,-3.96602928276479e-09,TRUE
"phase1",31,75,253996,0.0864751468579234,0.580873,0.593635284781556,FALSE
"phase1",34,75,278569,0.216548307383742,0.617061,1.56620146071575,FALSE
"phase1",37,75,303142,1.65517661693538e-05,0.522907,-4.5935166781419e-09,TRUE
"phase1",40,75,327715,0.127687905047423,0.601647,2.47069631076377,FALSE
"phase1",43,75,352288,0.193225772591101,0.561844,1.40613332937725,FALSE
"phase1",46,75,376861,0.188945125891452,0.658251,2.26259762421199,FALSE
"phase1",49,75,401434,0.22605656240239,0.660739,12.5163231788446,FALSE
"phase1",1,76,8267,0.2676020815874,0.733525,2.8897544490342,FALSE
"phase1",4,76,32840,0.21141840148711,0.764272,4.12043486302787,FALSE
"phase1",7,76,57413,0.131040938989405,0.772127,0.0709978324649114,FALSE
"phase1",10,76,81986,1.54010867680475e-05,0.8251,-1.58905777425389e-09,TRUE
"phase1",13,76,106559,0.235390687354877,0.783734,0.80141414016984,FALSE
"phase1",16,76,131132,0.140774727552621,0.837493,0.14406225237957,FALSE
"phase1",19,76,155705,0.644874188325522,1.02172,25.5272477706015,FALSE
"phase1",22,76,180278,0.593268938960872,0.92836,33.1568452148044,FALSE
"phase1",25,76,204851,6.37443373363348e-06,0.452654,-2.70183875272778e-09,TRUE
"phase1",28,76,229424,2.01648680749372e-05,0.580435,-4.44211423200613e-09,TRUE
"phase1",31,76,253997,0.102862627218512,0.55493,1.32664209572181,FALSE
"phase1",34,76,278570,7.7223303844621e-06,0.543603,-2.46492248834329e-09,TRUE
"phase1",37,76,303143,0.000111012835618976,0.616015,-5.93657034642092e-09,TRUE
"phase1",40,76,327716,0.078239589020707,0.562086,0.475926546150816,FALSE
"phase1",43,76,352289,0.278230696191949,0.509219,7.77289048183269,FALSE
"phase1",46,76,376862,0.189376404904767,0.671172,3.02514290928156,FALSE
"phase1",49,76,401435,0.332514894352932,0.611949,46.8818126548857,FALSE
"phase1",1,77,8268,0.312321382003708,0.750325,12.061269583422,FALSE
"phase1",4,77,32841,1.23479091110268e-05,0.776142,-2.41703901338042e-09,TRUE
"phase1",7,77,57414,1.72817856038097e-05,0.739869,-2.14129158848664e-09,TRUE
"phase1",10,77,81987,0.0170082402723277,0.837719,4.48079185275674e-05,TRUE
"phase1",13,77,106560,0.439521304676925,0.817845,11.5375365239625,FALSE
"phase1",16,77,131133,0.397023187783943,0.841236,18.004967340869,FALSE
"phase1",19,77,155706,2.51768748940071e-05,0.88699,-4.11432665714528e-10,TRUE
"phase1",22,77,180279,0.334074281906878,0.947602,0.898864918598747,FALSE
"phase1",25,77,204852,0.163919727669621,0.533572,1.44478742940361,FALSE
"phase1",28,77,229425,6.88426996814533e-06,0.600347,-8.45297165597003e-09,TRUE
"phase1",31,77,253998,0.0418295255610401,0.558942,0.04430263954265,FALSE
"phase1",34,77,278571,1.35728524622589e-05,0.662349,-5.39642996955081e-09,TRUE
"phase1",37,77,303144,0.144470761194709,0.526519,1.57246781825319,FALSE
"phase1",40,77,327717,0.16171201858152,0.630027,4.19971203975535,FALSE
"phase1",43,77,352290,0.461496223646898,0.709113,23.1473474050075,FALSE
"phase1",46,77,376863,0.167324419611653,0.600205,1.8667865354347,FALSE
"phase1",49,77,401436,0.258217473255165,0.663362,16.2019262617989,FALSE
"phase1",1,78,8269,3.57692195071869e-06,0.78415,-5.70707925362512e-11,TRUE
"phase1",4,78,32842,0.0896076399750202,0.719141,0.0717920888553749,FALSE
"phase1",7,78,57415,0.405874426401849,0.838497,13.0527876924336,FALSE
"phase1",10,78,81988,0.19655215623973,0.824568,0.52331372854286,FALSE
"phase1",13,78,106561,0.311149879104538,0.760454,8.35883397954149,FALSE
"phase1",16,78,131134,1.01661477776447e-05,0.794925,-1.11754161480349e-09,TRUE
"phase1",19,78,155707,0.634261088130106,0.938643,33.2356052054914,FALSE
"phase1",22,78,180280,0.596425281987926,0.949813,28.3877676997545,FALSE
"phase1",25,78,204853,0.00048246111163682,0.545093,-3.41696093641985e-09,TRUE
"phase1",28,78,229426,0.0678213339695324,0.56668,0.072318021769334,FALSE
"phase1",31,78,253999,1.27728501424419e-05,0.611115,-1.92850961866498e-08,TRUE
"phase1",34,78,278572,9.93890578823732e-06,0.700803,-3.13469428192548e-09,TRUE
"phase1",37,78,303145,7.96170176743343e-06,0.551168,-4.98764052281331e-09,TRUE
"phase1",40,78,327718,0.105197623555447,0.588688,1.02586062254144,FALSE
"phase1",43,78,352291,0.356584570806613,0.701483,6.63667303692654,FALSE
"phase1",46,78,376864,0.291660354496574,0.654382,8.5259092445462,FALSE
"phase1",49,78,401437,0.33209763029105,0.664658,44.8384933270716,FALSE
"phase1",1,79,8270,9.59669096229699e-06,0.757934,-5.09260189573979e-10,TRUE
"phase1",4,79,32843,0.120652926393677,0.794158,0.119438939150655,FALSE
"phase1",7,79,57416,0.335209876720054,0.768238,12.0523726428464,FALSE
"phase1",10,79,81989,0.263960810486371,0.851395,2.3160304330205,FALSE
"phase1",13,79,106562,0.330077921805113,0.821232,2.88925383835482,FALSE
"phase1",16,79,131135,0.369815383024645,0.776967,13.2377872832826,FALSE
"phase1",19,79,155708,0.690669776917081,0.99365,39.8387392101072,FALSE
"phase1",22,79,180281,0.532531321146247,0.879657,25.9318597740792,FALSE
"phase1",25,79,204854,6.9768160753487e-06,0.592655,-2.84275358808372e-09,TRUE
"phase1",28,79,229427,2.16267041305264e-05,0.67819,-9.57454915351263e-09,TRUE
"phase1",31,79,254000,2.10619913102396e-05,0.61394,-2.27798579999217e-08,TRUE
"phase1",34,79,278573,8.6286967236644e-06,0.612656,-2.62358668123852e-09,TRUE
"phase1",37,79,303146,0.125611776427543,0.609584,0.611700405997524,FALSE
"phase1",40,79,327719,0.0619238568928766,0.596469,0.152158085988759,FALSE
"phase1",43,79,352292,0.313432919844451,0.589714,12.6157508561483,FALSE
"phase1",46,79,376865,0.358320080967308,0.685345,19.968894381129,FALSE
"phase1",49,79,401438,0.318876651013559,0.673879,37.7401925061667,FALSE
"phase1",1,80,8271,2.10507326539232e-05,0.839037,-2.51839082920924e-09,TRUE
"phase1",4,80,32844,1.7400926375581e-06,0.707573,-1.28125066112261e-10,TRUE
"phase1",7,80,57417,0.319716584668389,0.778055,6.40519995075982,FALSE
"phase1",10,80,81990,0.306166088019824,0.798998,8.39754488925098,FALSE
"phase1",13,80,106563,0.30845991319039,0.900874,1.43234436493438,FALSE
"phase1",16,80,131136,0.314727710823208,0.836572,6.59754841107144,FALSE
"phase1",19,80,155709,0.705455063180206,0.9435,74.2725596133427,FALSE
"phase1",22,80,180282,0.557661909702119,0.954081,14.3851217307799,FALSE
"phase1",25,80,204855,5.10144004528726e-06,0.592283,-2.49978882038704e-09,TRUE
"phase1",28,80,229428,4.07358140857599e-05,0.605038,-6.14122086517455e-09,TRUE
"phase1",31,80,254001,0.0473717224772804,0.602091,0.04776420722132,FALSE
"phase1",34,80,278574,6.48772823236832e-06,0.637988,-3.3488305462015e-09,TRUE
"phase1",37,80,303147,0.182173713408792,0.555257,3.47032986628166,FALSE
"phase1",40,80,327720,0.0589190387760975,0.608767,0.0987110391605199,FALSE
"phase1",43,80,352293,0.268607637560219,0.673478,3.52740615122249,FALSE
"phase1",46,80,376866,0.252443494970998,0.625434,7.43040970615282,FALSE
"phase1",49,80,401439,0.299114039076055,0.644866,36.0153173328558,FALSE
"phase1",1,81,8272,0.1394327424288,0.814531,0.078018607155883,FALSE
"phase1",4,81,32845,7.41327435510878e-06,0.769912,-1.05205799627583e-09,TRUE
"phase1",7,81,57418,1.10519972718827e-05,0.766794,-7.44080352887977e-10,TRUE
"phase1",10,81,81991,6.94983210081294e-05,0.78958,-1.09173470264068e-09,TRUE
"phase1",13,81,106564,0.542868597930637,0.883109,26.3026492693954,FALSE
"phase1",16,81,131137,0.296183519503325,0.827548,3.30800842325931,FALSE
"phase1",19,81,155710,0.493346220142929,0.923258,10.3961345046447,FALSE
"phase1",22,81,180283,8.111384860068e-05,0.864023,-5.99925442656968e-10,TRUE
"phase1",25,81,204856,0.068709918460826,0.489163,0.0945490350644071,FALSE
"phase1",28,81,229429,0.187386585254973,0.618579,3.64983551662083,FALSE
"phase1",31,81,254002,9.31299623164321e-06,0.594954,-1.60767967827269e-08,TRUE
"phase1",34,81,278575,1.81634614686166e-05,0.656093,-3.03840863580263e-09,TRUE
"phase1",37,81,303148,1.23969008612612e-05,0.594424,-5.7391247310079e-09,TRUE
"phase1",40,81,327721,0.0908578861272489,0.599397,0.551084474572463,FALSE
"phase1",43,81,352294,0.288385753969604,0.643912,5.33771108826896,FALSE
"phase1",46,81,376867,0.195461537094026,0.648711,2.89312104201926,FALSE
"phase1",49,81,401440,0.325197732903547,0.676552,39.537031555648,FALSE
"phase1",1,82,8273,2.56456463909344e-05,0.731415,-1.31922206492163e-09,TRUE
"phase1",4,82,32846,3.9685414534786e-06,0.738017,-6.16864781477489e-10,TRUE
"phase1",7,82,57419,7.93483955447224e-06,0.744348,-9.20294951356482e-10,TRUE
"phase1",10,82,81992,9.7202043837222e-06,0.752984,-1.8560513126431e-09,TRUE
"phase1",13,82,106565,0.249265168582572,0.733399,3.61398510754657,FALSE
"phase1",16,82,131138,0.369966467903703,0.850599,9.76337948690247,FALSE
"phase1",19,82,155711,6.44998044213752e-05,0.829366,-1.32058630697429e-09,TRUE
"phase1",22,82,180284,0.661444111874059,1.03302,37.7818677964461,FALSE
"phase1",25,82,204857,0.0864111240920859,0.467534,0.210287225228853,FALSE
"phase1",28,82,229430,1.15220303296929e-05,0.553885,-6.66068444843404e-09,TRUE
"phase1",31,82,254003,0.00296925039614716,0.536583,1.03601851719759e-06,TRUE
"phase1",34,82,278576,5.77695780772937e-06,0.634464,-2.90089730015097e-09,TRUE
"phase1",37,82,303149,4.10624110846845e-05,0.607226,-6.57880150356505e-09,TRUE
"phase1",40,82,327722,0.14115482104392,0.578787,3.5205138986808,FALSE
"phase1",43,82,352295,0.32058914864843,0.63979,7.84575017730329,FALSE
"phase1",46,82,376868,0.237770076181025,0.633949,6.0379484764469,FALSE
"phase1",49,82,401441,0.377118104303238,0.673226,63.684098229969,FALSE
"phase1",1,83,8274,1.21490124224374e-05,0.75788,-2.5226540856238e-09,TRUE
"phase1",4,83,32847,1.35196636005816e-05,0.717216,-1.07218056655256e-09,TRUE
"phase1",7,83,57420,4.37236281663945e-05,0.720953,-1.29006139104604e-09,TRUE
"phase1",10,83,81993,7.00407368163654e-06,0.769901,-9.37006916501559e-10,TRUE
"phase1",13,83,106566,0.407878642350857,0.806401,10.161746480145,FALSE
"phase1",16,83,131139,0.349481563115166,0.825618,6.98780086407874,FALSE
"phase1",19,83,155712,0.440187939123887,0.906135,8.0276149877044,FALSE
"phase1",22,83,180285,0.191708796063196,0.805733,0.478317829141758,FALSE
"phase1",25,83,204858,1.90514214667647e-05,0.450417,-3.143338034306e-09,TRUE
"phase1",28,83,229431,2.0226830962091e-05,0.625778,-9.26925736166595e-09,TRUE
"phase1",31,83,254004,3.95356746312241e-05,0.576864,-2.197009507654e-08,TRUE
"phase1",34,83,278577,0.129686355321753,0.626838,0.350855502402716,FALSE
"phase1",37,83,303150,0.108599299234535,0.544773,0.637664173992356,FALSE
"phase1",40,83,327723,0.131488599953251,0.523673,3.86360350792356,FALSE
"phase1",43,83,352296,0.224663535943343,0.57472,3.70482620695577,FALSE
"phase1",46,83,376869,0.231058269745407,0.594588,5.21265585848485,FALSE
"phase1",49,83,401442,0.269478381837754,0.641106,25.7767845505547,FALSE
"phase1",1,84,8275,7.23405603078703e-06,0.80291,-3.06954461848363e-10,TRUE
"phase1",4,84,32848,5.00470561365465e-06,0.707116,-1.58274815476034e-09,TRUE
"phase1",7,84,57421,0.231197821473572,0.736349,1.96903850405636,FALSE
"phase1",10,84,81994,9.53158376217805e-06,0.768871,-2.94153323920909e-09,TRUE
"phase1",13,84,106567,0.393847222960722,0.764928,12.4798210025067,FALSE
"phase1",16,84,131140,0.435916268009139,0.862779,16.6903482934973,FALSE
"phase1",19,84,155713,4.19982404975877e-05,0.995697,-3.88979515264509e-10,TRUE
"phase1",22,84,180286,0.293313698349635,0.833402,2.72631014623107,FALSE
"phase1",25,84,204859,7.52708270579935e-06,0.609043,-2.64225263890694e-09,TRUE
"phase1",28,84,229432,2.11353970069438e-05,0.627488,-6.3748757384019e-09,TRUE
"phase1",31,84,254005,1.83721464403566e-05,0.59798,-1.69787028880819e-08,TRUE
"phase1",34,84,278578,0.127760043966097,0.66101,0.222375023052223,FALSE
"phase1",37,84,303151,1.76883634911811e-05,0.539129,-6.71974476063042e-09,TRUE
"phase1",40,84,327724,0.151541128182477,0.592295,4.59748994487637,FALSE
"phase1",43,84,352297,0.342215971004011,0.664425,5.94708764814862,FALSE
"phase1",46,84,376870,0.230586956322683,0.600749,4.83760197915338,FALSE
"phase1",49,84,401443,0.269474523122902,0.629845,24.8166781881922,FALSE
"phase1",1,85,8276,0.293739832050849,0.758898,3.92365464384497,FALSE
"phase1",4,85,32849,0.216840228646893,0.762104,2.82768762992282,FALSE
"phase1",7,85,57422,3.51222649360067e-05,0.786143,-2.22752305489848e-09,TRUE
"phase1",10,85,81995,4.20074570145866e-06,0.740711,-3.65446339856135e-10,TRUE
"phase1",13,85,106568,7.35968760338171e-05,0.724913,-1.19814558274811e-09,TRUE
"phase1",16,85,131141,0.232231052088131,0.820758,2.00443022502145,FALSE
"phase1",19,85,155714,6.17974374365545e-05,0.9265,-1.62287960847607e-09,TRUE
"phase1",22,85,180287,0.430561854311272,0.920216,5.97069768335956,FALSE
"phase1",25,85,204860,7.5993959029793e-06,0.516092,-2.45632492124059e-09,TRUE
"phase1",28,85,229433,9.82567894002633e-06,0.582168,-7.18529236110044e-09,TRUE
"phase1",31,85,254006,0.0558055809484529,0.560369,0.119043862131832,FALSE
"phase1",34,85,278579,0.145528642047662,0.560487,0.664780632879527,FALSE
"phase1",37,85,303152,1.02323151223497e-05,0.555009,-6.55204246413632e-09,TRUE
"phase1",40,85,327725,0.107163567471163,0.613073,1.24297421467995,FALSE
"phase1",43,85,352298,0.26835682969243,0.701847,5.02421301907795,FALSE
"phase1",46,85,376871,0.189739680002209,0.555289,3.04917960897147,FALSE
"phase1",49,85,401444,0.263681355791223,0.645074,20.5220714027502,FALSE
"phase1",1,86,8277,0.138708118762144,0.780834,0.0522982904773812,FALSE
"phase1",4,86,32850,0.137127882867514,0.776919,0.505780766373505,FALSE
"phase1",7,86,57423,8.80146135388257e-06,0.775911,-4.65661287307739e-10,TRUE
"phase1",10,86,81996,0.183086774494183,0.774955,0.900380647521217,FALSE
"phase1",13,86,106569,0.109082788964678,0.851941,0.0158643713498634,FALSE
"phase1",16,86,131142,0.222758048058383,0.765888,1.83721256872582,FALSE
"phase1",19,86,155715,7.1291255903146e-05,1.06127,-6.09304606769001e-10,TRUE
"phase1",22,86,180288,0.420373029172914,0.87504,8.5658911213946,FALSE
"phase1",25,86,204861,5.94512593870229e-06,0.738475,-2.78980394341488e-09,TRUE
"phase1",28,86,229434,8.84882008492548e-06,0.59288,-6.3539431494064e-09,TRUE
"phase1",31,86,254007,2.5641841845131e-05,0.606581,-1.54314250266907e-08,TRUE
"phase1",34,86,278580,4.67250926140413e-06,0.568502,-2.374072494149e-09,TRUE
"phase1",37,86,303153,0.127068870190001,0.553444,0.923414067798362,FALSE
"phase1",40,86,327726,0.0220638057828597,0.610441,0.00287416207561364,FALSE
"phase1",43,86,352299,7.96481958334258e-06,0.623482,-4.38852509887511e-09,TRUE
"phase1",46,86,376872,0.310187923614608,0.688241,11.8780380687808,FALSE
"phase1",49,86,401445,0.278277134809535,0.661325,24.4531266183058,FALSE
"phase1",1,87,8278,9.82131514148879e-05,0.864788,-2.5210624698957e-09,TRUE
"phase1",4,87,32851,6.88189068580171e-06,0.781915,-9.2154550657142e-10,TRUE
"phase1",7,87,57424,0.284074708432167,0.808238,2.83890803215331,FALSE
"phase1",10,87,81997,1.88091624723587e-05,0.827529,-1.52431312017143e-09,TRUE
"phase1",13,87,106570,1.29918981840263e-05,0.854703,-1.92071070159727e-09,TRUE
"phase1",16,87,131143,0.353559234624126,0.864994,4.9772914608161,FALSE
"phase1",19,87,155716,0.000162569277774809,0.966415,-1.92483184946468e-09,TRUE
"phase1",22,87,180289,0.590935653038565,0.910586,51.3363524555268,FALSE
"phase1",25,87,204862,3.03578166801593e-05,0.597287,-3.9938470308698e-09,TRUE
"phase1",28,87,229435,0.0167855249434243,0.677069,0.000215297668020753,TRUE
"phase1",31,87,254008,0.054505925809014,0.577999,0.0926343048865306,FALSE
"phase1",34,87,278581,3.53796733322266e-05,0.624693,-4.98476993016084e-09,TRUE
"phase1",37,87,303154,0.0964923637959012,0.589317,0.259204976879346,FALSE
"phase1",40,87,327727,0.111780194146314,0.580836,1.36644363946377,FALSE
"phase1",43,87,352300,0.292397310033126,0.708282,3.98229552210036,FALSE
"phase1",46,87,376873,0.469822663467444,0.770448,32.6450923580044,FALSE
"phase1",49,87,401446,0.225400822892948,0.607577,17.0097712158964,FALSE
"phase1",1,88,8279,4.29730024810424e-05,0.741609,-4.76916284242179e-10,TRUE
"phase1",4,88,32852,0.0888890636809562,0.816695,0.0318037263152746,FALSE
"phase1",7,88,57425,0.12623770945815,0.828315,0.0262258437957996,FALSE
"phase1",10,88,81998,4.82915900817564e-06,0.769659,-4.15525391872507e-10,TRUE
"phase1",13,88,106571,2.02188511377136e-05,0.747807,-1.31547039927682e-09,TRUE
"phase1",16,88,131144,0.336798033423303,0.790448,9.78614825109759,FALSE
"phase1",19,88,155717,1.02529649257843e-05,0.879337,-6.73026079311967e-11,TRUE
"phase1",22,88,180290,0.346952667448462,0.82078,6.65410047689483,FALSE
"phase1",25,88,204863,6.01722633515678e-06,0.641246,-2.88856227825818e-09,TRUE
"phase1",28,88,229436,1.51447429634615e-05,0.569817,-9.52935863551829e-09,TRUE
"phase1",31,88,254009,1.06253789825926e-05,0.565993,-2.23279528199782e-08,TRUE
"phase1",34,88,278582,9.98403683316791e-06,0.666007,-2.5025599370565e-09,TRUE
"phase1",37,88,303155,1.0731772408795e-05,0.621852,-7.05165348335868e-09,TRUE
"phase1",40,88,327728,0.119013933659434,0.566776,1.94746425393251,FALSE
"phase1",43,88,352301,0.174554004061502,0.626418,0.881490973667269,FALSE
"phase1",46,88,376874,0.283055511209754,0.593913,10.7091696537801,FALSE
"phase1",49,88,401447,0.228388430152106,0.603127,15.7807769813481,FALSE
"phase1",1,89,8280,2.30501339668933e-05,0.894753,-1.91437266039429e-09,TRUE
"phase1",4,89,32853,6.31092590903676e-05,0.789173,-2.40993358602282e-09,TRUE
"phase1",7,89,57426,0.392060462400351,0.8098,8.17508389982135,FALSE
"phase1",10,89,81999,3.40419403757488e-06,0.737145,-4.86238604935352e-10,TRUE
"phase1",13,89,106572,2.09740333467125e-05,0.860103,-6.94171831128187e-10,TRUE
"phase1",16,89,131145,1.60140641292274e-05,0.808003,-5.2409632189665e-10,TRUE
"phase1",19,89,155718,2.18650436199121e-05,0.933189,-3.69425379176391e-10,TRUE
"phase1",22,89,180291,0.492356824539494,0.949913,7.15514073517539,FALSE
"phase1",25,89,204864,6.71970268974877e-06,0.544321,-2.88757107114179e-09,TRUE
"phase1",28,89,229437,0.158383392296009,0.599845,1.41876602277004,FALSE
"phase1",31,89,254010,0.0967932100747048,0.607792,0.803713646978935,FALSE
"phase1",34,89,278583,0.108831872111057,0.547116,0.353129930445416,FALSE
"phase1",37,89,303156,8.93424846723633e-06,0.569409,-5.70659608456481e-09,TRUE
"phase1",40,89,327729,0.0766142949862726,0.630832,0.280886039763686,FALSE
"phase1",43,89,352302,0.311551603143593,0.711061,5.23830558815236,FALSE
"phase1",46,89,376875,0.251280546199039,0.627668,7.45708668908404,FALSE
"phase1",49,89,401448,0.319059080246944,0.649915,35.0395490493544,FALSE
"phase1",1,90,8281,0.309564544155066,0.852842,3.30865551504871,FALSE
"phase1",4,90,32854,7.55818619052127e-06,0.67993,-2.80704171018442e-09,TRUE
"phase1",7,90,57427,8.91849212127266e-06,0.856752,-7.43114014767343e-10,TRUE
"phase1",10,90,82000,0.137637156617615,0.757648,0.175395301329786,FALSE
"phase1",13,90,106573,0.257925995647759,0.858569,0.703739424667816,FALSE
"phase1",16,90,131146,6.6132344628301e-05,0.858929,-1.52414258991485e-09,TRUE
"phase1",19,90,155719,0.678704536176764,1.00762,23.1365311033118,FALSE
"phase1",22,90,180292,0.444837617677738,0.915142,6.49612797004721,FALSE
"phase1",25,90,204865,0.16307088558662,0.650755,0.641921994091661,FALSE
"phase1",28,90,229438,1.15727316987243e-05,0.607376,-6.3423470919588e-09,TRUE
"phase1",31,90,254011,0.0624169566028604,0.525835,0.222481092266406,FALSE
"phase1",34,90,278584,1.30287393503929e-05,0.560819,-2.9620608188452e-09,TRUE
"phase1",37,90,303157,0.159095450204955,0.616307,1.8186426325247,FALSE
"phase1",40,90,327730,0.0771002872410098,0.562457,0.439403583209156,FALSE
"phase1",43,90,352303,0.337289232232641,0.597675,9.14122425517958,FALSE
"phase1",46,90,376876,0.290020365854417,0.686439,6.67975398702777,FALSE
"phase1",49,90,401449,0.242295777911557,0.619729,19.2138161128215,FALSE
"phase1",1,91,8282,0.00022712401850459,0.726916,-1.1801830623881e-09,TRUE
"phase1",4,91,32855,4.87233698158125e-06,0.749056,-6.74049260851461e-10,TRUE
"phase1",7,91,57428,0.228785230152112,0.775495,1.67863243925044,FALSE
"phase1",10,91,82001,9.0605343997496e-06,0.746372,-1.99634087039158e-10,TRUE
"phase1",13,91,106574,4.9710388584908e-06,0.751212,-2.47098341787932e-10,TRUE
"phase1",16,91,131147,0.188821488780875,0.783385,0.304954333441231,FALSE
"phase1",19,91,155720,0.568975425821582,0.933721,29.4719523613494,FALSE
"phase1",22,91,180293,0.443911488822068,0.888296,13.787927178352,FALSE
"phase1",25,91,204866,1.06635877481646e-05,0.514126,-2.46441089757354e-09,TRUE
"phase1",28,91,229439,0.125947167202324,0.583848,0.989545595223703,FALSE
"phase1",31,91,254012,0.0590555809663329,0.587988,0.113747956544614,FALSE
"phase1",34,91,278585,1.05323965023446e-05,0.60416,-2.78816969512263e-09,TRUE
"phase1",37,91,303158,0.152317672785073,0.554564,1.47207794258185,FALSE
"phase1",40,91,327731,0.119606779089179,0.60055,2.10658213040094,FALSE
"phase1",43,91,352304,0.0842268833358062,0.576071,0.0874536314064258,FALSE
"phase1",46,91,376877,1.10747752170351e-05,0.561922,-5.50583934000315e-09,TRUE
"phase1",49,91,401450,0.251061605712488,0.626114,22.75291179728,FALSE
"phase1",1,92,8283,0.0732069628128866,0.767832,0.00447929291163973,FALSE
"phase1",4,92,32856,9.7360334912152e-06,0.793619,-1.6840431271703e-09,TRUE
"phase1",7,92,57429,3.25614675923833e-05,0.787674,-1.69961822393816e-09,TRUE
"phase1",10,92,82002,8.88754760656694e-06,0.782221,-2.37866970564937e-09,TRUE
"phase1",13,92,106575,2.65122625782094e-05,0.731785,-1.95694838112104e-09,TRUE
"phase1",16,92,131148,0.203162120249157,0.756122,2.28789116501974,FALSE
"phase1",19,92,155721,0.573225489470026,1.02664,9.45645101642873,FALSE
"phase1",22,92,180294,0.618410221164311,0.976022,33.5298085668431,FALSE
"phase1",25,92,204867,1.59669455649476e-05,0.581593,-3.40903483220245e-09,TRUE
"phase1",28,92,229440,1.14673234102505e-05,0.581893,-6.86458179188776e-09,TRUE
"phase1",31,92,254013,0.0601785779117095,0.573588,0.146112751698524,FALSE
"phase1",34,92,278586,5.64745575343533e-06,0.538607,-2.33583818953775e-09,TRUE
"phase1",37,92,303159,0.125697779083059,0.639155,0.557315083941347,FALSE
"phase1",40,92,327732,0.0903021332091683,0.580205,0.644109805600635,FALSE
"phase1",43,92,352305,0.212843264474478,0.713042,1.47092169404337,FALSE
"phase1",46,92,376878,0.384102272633476,0.656179,24.3708238691657,FALSE
"phase1",49,92,401451,0.299628185125961,0.676556,30.0148723321832,FALSE
"phase1",1,93,8284,0.140767584912464,0.75812,0.121759942808723,FALSE
"phase1",4,93,32857,2.94582268751718e-05,0.713361,-7.8722450780333e-10,TRUE
"phase1",7,93,57430,0.170380252037819,0.725707,0.396173919452536,FALSE
"phase1",10,93,82003,0.331511059206883,0.789519,14.5087886263111,FALSE
"phase1",13,93,106576,0.140880783682344,0.824863,0.0634042772377654,FALSE
"phase1",16,93,131149,0.139594666437478,0.858446,0.0592294602740253,FALSE
"phase1",19,93,155722,0.428459897618924,0.994077,1.25747911366267,FALSE
"phase1",22,93,180295,0.549329392093289,0.909573,36.3796355012506,FALSE
"phase1",25,93,204868,9.00211923949623e-06,0.629862,-4.90776130845916e-09,TRUE
"phase1",28,93,229441,0.0654863221647808,0.545061,0.107685969763452,FALSE
"phase1",31,93,254014,1.62550223654751e-05,0.617294,-1.81900645657151e-08,TRUE
"phase1",34,93,278587,0.156754183366235,0.529999,0.781858431759304,FALSE
"phase1",37,93,303160,0.175827552020999,0.563452,2.91940700602949,FALSE
"phase1",40,93,327733,0.0330286825529606,0.582777,0.0159981089151984,FALSE
"phase1",43,93,352306,0.280304217286246,0.540669,7.23911711588552,FALSE
"phase1",46,93,376879,0.111241958499288,0.624252,0.44067777447961,FALSE
"phase1",49,93,401452,0.280240534978311,0.653075,24.435096919349,FALSE
"phase1",1,94,8285,1.4549326413919e-05,0.72028,-1.97724148165435e-09,TRUE
"phase1",4,94,32858,9.72196047726358e-06,0.723394,-3.01554337056587e-10,TRUE
"phase1",7,94,57431,0.291057028515718,0.794871,1.71462611894009,FALSE
"phase1",10,94,82004,0.394759614723054,0.841894,22.3215021767902,FALSE
"phase1",13,94,106577,4.22848581848186e-05,0.773375,-1.34627953229938e-09,TRUE
"phase1",16,94,131150,0.08724355847976,0.809555,0.0132303611898692,FALSE
"phase1",19,94,155723,0.242529025399302,0.952688,0.373200625506968,FALSE
"phase1",22,94,180296,0.526514523571293,0.931794,31.6064835130827,FALSE
"phase1",25,94,204869,5.49786204628566e-06,0.580791,-2.12799733390057e-09,TRUE
"phase1",28,94,229442,7.75367614268225e-06,0.578617,-5.84941517445259e-09,TRUE
"phase1",31,94,254015,2.60863678999053e-05,0.600865,-2.44743034727435e-08,TRUE
"phase1",34,94,278588,9.93695586606696e-06,0.576791,-4.16475387510218e-09,TRUE
"phase1",37,94,303161,0.187693148981318,0.668024,2.39061403807027,FALSE
"phase1",40,94,327734,2.11484891787443e-05,0.616326,-1.72248064700398e-08,TRUE
"phase1",43,94,352307,0.298979871502449,0.599795,9.72466907642202,FALSE
"phase1",46,94,376880,0.384868951620036,0.728108,23.4455166293629,FALSE
"phase1",49,94,401453,0.282553794239107,0.649308,26.9764313266962,FALSE
"phase1",1,95,8286,0.262000735034523,0.74972,4.28735972315584,FALSE
"phase1",4,95,32859,5.67645113866601e-06,0.787345,-6.41534825263079e-10,TRUE
"phase1",7,95,57432,0.000258787415037707,0.763442,-1.11668896352057e-09,TRUE
"phase1",10,95,82005,0.2352629033381,0.790543,1.53160342975377,FALSE
"phase1",13,95,106578,0.0156192378212384,0.773691,2.06941610940703e-05,TRUE
"phase1",16,95,131151,0.303569670659134,0.833826,4.6153565700057,FALSE
"phase1",19,95,155724,0.529456428341974,0.907871,14.8774458067513,FALSE
"phase1",22,95,180297,0.494969826107579,0.894151,21.708946494442,FALSE
"phase1",25,95,204870,6.77721959789888e-06,0.649794,-3.56155993586071e-09,TRUE
"phase1",28,95,229443,1.156948455278e-05,0.663458,-6.81259848533955e-09,TRUE
"phase1",31,95,254016,1.93527198352443e-05,0.540466,-1.79372818820411e-08,TRUE
"phase1",34,95,278589,0.0274388755917545,0.519956,0.00218557530337193,FALSE
"phase1",37,95,303162,1.60005493107964e-05,0.575615,-4.86554085910029e-09,TRUE
"phase1",40,95,327735,1.09844305917737e-05,0.54914,-1.90192110949283e-08,TRUE
"phase1",43,95,352308,0.0496265925472873,0.60749,0.010052068787175,FALSE
"phase1",46,95,376881,0.259203299685633,0.651326,7.53197076114884,FALSE
"phase1",49,95,401454,0.208683027012254,0.627681,9.71909077197287,FALSE
"phase1",1,96,8287,8.49252637197646e-06,0.846981,-5.06702235725243e-10,TRUE
"phase1",4,96,32860,4.49482242210267e-06,0.824035,-2.59092303167563e-10,TRUE
"phase1",7,96,57433,0.137333233414116,0.757,0.114982104962621,FALSE
"phase1",10,96,82006,1.4249720656041e-05,0.745023,-2.27856844503549e-09,TRUE
"phase1",13,96,106579,0.317043813463376,0.812763,4.11474944022748,FALSE
"phase1",16,96,131152,0.43084107682113,0.869752,20.5073957153349,FALSE
"phase1",19,96,155725,0.556705166168502,0.927372,12.4706418676072,FALSE
"phase1",22,96,180298,0.31597669445558,0.789856,6.13031865481992,FALSE
"phase1",25,96,204871,5.54116312415477e-06,0.527698,-2.71510458560442e-09,TRUE
"phase1",28,96,229444,1.32995714090742e-05,0.597576,-6.06327432706166e-09,TRUE
"phase1",31,96,254017,1.98967872072856e-05,0.565609,-2.31428032293479e-08,TRUE
"phase1",34,96,278590,1.32121117726291e-05,0.662114,-3.09963610334307e-09,TRUE
"phase1",37,96,303163,0.0358974427813174,0.597482,0.0063632336901378,FALSE
"phase1",40,96,327736,0.0184208679052774,0.582705,0.00210050109453164,FALSE
"phase1",43,96,352309,0.101381016690746,0.554873,0.253772544319347,FALSE
"phase1",46,96,376882,0.227963424356701,0.576627,7.18562728806003,FALSE
"phase1",49,96,401455,0.442786201219239,0.699182,95.069641744303,FALSE
"phase1",1,97,8288,0.223426998279076,0.798781,0.231295501663055,FALSE
"phase1",4,97,32861,0.258233142970209,0.78632,2.59336947661103,FALSE
"phase1",7,97,57434,0.149879250524136,0.782211,0.434795633553676,FALSE
"phase1",10,97,82007,0.166401984040981,0.72061,1.11781089904667,FALSE
"phase1",13,97,106580,4.6544571902127e-05,0.822984,-3.30294369632611e-09,TRUE
"phase1",16,97,131153,0.417569145897962,0.853159,16.3806263621209,FALSE
"phase1",19,97,155726,0.534514681215165,0.872893,45.2311704044706,FALSE
"phase1",22,97,180299,0.593417624814779,0.938093,23.1513924165172,FALSE
"phase1",25,97,204872,0.113418634915356,0.572081,0.318132096878514,FALSE
"phase1",28,97,229445,9.70826793469606e-06,0.544085,-5.06693709212414e-09,TRUE
"phase1",31,97,254018,1.88251021599214e-05,0.555891,-2.39928681367019e-08,TRUE
"phase1",34,97,278591,0.0602492667782938,0.658127,0.020248732748648,FALSE
"phase1",37,97,303164,0.137454054685619,0.598544,1.22980017664489,FALSE
"phase1",40,97,327737,0.0746841132865386,0.630683,0.295144265777765,FALSE
"phase1",43,97,352310,0.17798903300314,0.570328,1.18632549602534,FALSE
"phase1",46,97,376883,0.219896803746166,0.724468,2.76746911357839,FALSE
"phase1",49,97,401456,0.332716877576733,0.647924,47.2519429002257,FALSE
"phase1",1,98,8289,9.22341008702347e-06,0.780835,-1.03301545095746e-09,TRUE
"phase1",4,98,32862,0.064236817632961,0.736859,0.0290513472816656,FALSE
"phase1",7,98,57435,0.211426551760101,0.754411,1.15683040051698,FALSE
"phase1",10,98,82008,0.236682157361606,0.774507,3.06698488455305,FALSE
"phase1",13,98,106581,0.405124742309443,0.864439,5.12435854403273,FALSE
"phase1",16,98,131154,0.185467333806607,0.790355,1.22161401589466,FALSE
"phase1",19,98,155727,0.432087560486403,0.917449,4.37242472464709,FALSE
"phase1",22,98,180300,0.344603566461634,0.847971,6.77546213579154,FALSE
"phase1",25,98,204873,0.14105500126839,0.563896,1.05582581483299,FALSE
"phase1",28,98,229446,0.100738041640729,0.624485,0.358501254991879,FALSE
"phase1",31,98,254019,3.2553862378118e-05,0.57414,-2.54349856732006e-08,TRUE
"phase1",34,98,278592,0.125732185163778,0.615981,0.353246053405535,FALSE
"phase1",37,98,303165,0.0549174263157739,0.60521,0.0386188995505421,FALSE
"phase1",40,98,327738,0.135098229747383,0.611348,3.20390998963916,FALSE
"phase1",43,98,352311,0.385255301522335,0.710485,9.87236186056716,FALSE
"phase1",46,98,376884,0.232354482705261,0.632622,4.2910042731755,FALSE
"phase1",49,98,401457,0.275364294655972,0.643011,26.613018183314,FALSE
"phase1",1,99,8290,0.277646455222825,0.744157,5.11959099614751,FALSE
"phase1",4,99,32863,0.110299832869451,0.771587,0.102182148765735,FALSE
"phase1",7,99,57436,6.94808806345526e-06,0.780911,-4.17230694438331e-10,TRUE
"phase1",10,99,82009,9.42663271099857e-06,0.761155,-1.04040509540937e-09,TRUE
"phase1",13,99,106582,0.448601695226692,0.804738,30.4422220891901,FALSE
"phase1",16,99,131155,0.223736233613106,0.737109,1.79607643814506,FALSE
"phase1",19,99,155728,0.699461879095945,1.04369,52.1907182134744,FALSE
"phase1",22,99,180301,0.571032800232784,0.954891,19.5036624270697,FALSE
"phase1",25,99,204874,4.55128416264427e-06,0.538185,-2.83475998230642e-09,TRUE
"phase1",28,99,229447,1.19724347575684e-05,0.53203,-4.92131846385746e-09,TRUE
"phase1",31,99,254020,0.112202801517425,0.618724,1.3518003801629,FALSE
"phase1",34,99,278593,1.06811906304156e-05,0.584686,-2.94016189172908e-09,TRUE
"phase1",37,99,303166,0.176806609343519,0.568635,3.17768423722353,FALSE
"phase1",40,99,327739,1.06099278336003e-05,0.561883,-1.57764077357569e-08,TRUE
"phase1",43,99,352312,0.329753582140451,0.737453,5.63343844867842,FALSE
"phase1",46,99,376885,0.131236806016414,0.662768,0.58393181611801,FALSE
"phase1",49,99,401458,0.308582119245158,0.689968,26.9212685568438,FALSE
"phase1",1,100,8291,0.209087289042938,0.748276,1.35408428583713,FALSE
"phase1",4,100,32864,2.27256671882625e-05,0.742618,-1.51885615196079e-09,TRUE
"phase1",7,100,57437,2.46168693617113e-05,0.831715,-1.40119027491892e-09,TRUE
"phase1",10,100,82010,2.73624378878139e-05,0.74439,-8.05698618933093e-10,TRUE
"phase1",13,100,106583,0.427060919638327,0.899969,5.43406757397793,FALSE
"phase1",16,100,131156,0.317931683524755,0.808037,4.29136233103196,FALSE
"phase1",19,100,155729,0.468032270905481,0.815549,17.8989088526573,FALSE
"phase1",22,100,180302,3.73123926762263e-05,0.91089,-1.85406179298298e-09,TRUE
"phase1",25,100,204875,5.57865570773053e-06,0.587587,-2.54541987487755e-09,TRUE
"phase1",28,100,229448,9.20730468528036e-06,0.582485,-8.40809377677942e-09,TRUE
"phase1",31,100,254021,1.49259770402581e-05,0.605033,-1.7916732986123e-08,TRUE
"phase1",34,100,278594,8.85365168137624e-06,0.626371,-4.51530723921678e-09,TRUE
"phase1",37,100,303167,0.0684201475367466,0.54129,0.115341258561074,FALSE
"phase1",40,100,327740,0.0606501763495177,0.588055,0.140409037215505,FALSE
"phase1",43,100,352313,0.242554831482787,0.62322,3.12187866766082,FALSE
"phase1",46,100,376886,0.0466284403471185,0.624406,0.0143173931081719,FALSE
"phase1",49,100,401459,0.271328250408365,0.652422,25.3943204513133,FALSE
"verify",1,1,58192,1.80612241805388e-05,0.7078,-1.34889432956697e-09,TRUE
"verify",4,1,82765,1.16965042899816e-05,0.792018,-1.6177637007786e-09,TRUE
"verify",7,1,107338,2.49214136122855e-05,0.810391,-4.30190993938595e-10,TRUE
"verify",10,1,131911,4.98628962424658e-06,0.751744,-1.08161657408345e-09,TRUE
"verify",13,1,156484,3.1164616488006e-05,0.785528,-1.07434061646927e-10,TRUE
"verify",16,1,181057,0.166331743522089,0.818651,0.260232979194711,FALSE
"verify",19,1,205630,0.481650981777189,0.940757,4.05426482425582,FALSE
"verify",22,1,230203,0.388063233392139,0.907872,5.60576701539162,FALSE
"verify",25,1,254776,1.64241208248169e-05,0.646293,-4.03996835984799e-09,TRUE
"verify",28,1,279349,9.49146956039888e-06,0.587829,-7.00411817433633e-09,TRUE
"verify",31,1,303922,3.6979902994806e-05,0.589979,-1.80867232302262e-08,TRUE
"verify",34,1,328495,0.223895632900107,0.621896,3.07512442565032,FALSE
"verify",37,1,353068,0.11696520123826,0.664443,0.445050145287752,FALSE
"verify",40,1,377641,0.05588492931429,0.613119,0.0854893039697515,FALSE
"verify",43,1,402214,0.322643067745126,0.776655,4.38837123791289,FALSE
"verify",46,1,426787,0.153248118385094,0.617978,1.33396293658996,FALSE
"verify",49,1,451360,0.307571400919074,0.645073,33.7552194633639,FALSE
"verify",1,2,58193,2.51521657872448e-05,0.77657,-1.15437615022529e-09,TRUE
"verify",4,2,82766,0.121492571261225,0.792387,0.236594516526452,FALSE
"verify",7,2,107339,0.233239425073431,0.767407,1.94030030858858,FALSE
"verify",10,2,131912,2.36016699696098e-06,0.762885,-1.09821485239081e-10,TRUE
"verify",13,2,156485,6.69094107809501e-06,0.818795,-2.33796981774503e-10,TRUE
"verify",16,2,181058,0.190533797265125,0.836782,0.41155326902873,FALSE
"verify",19,2,205631,0.365580112847821,0.812862,8.21553970628386,FALSE
"verify",22,2,230204,6.41179216231347e-05,0.885033,-3.93004029319854e-09,TRUE
"verify",25,2,254777,0.116203167726579,0.506294,0.365950871422463,FALSE
"verify",28,2,279350,7.47732342851044e-06,0.645967,-6.76227784879302e-09,TRUE
"verify",31,2,303923,0.128403098014336,0.551174,3.25628756677224,FALSE
"verify",34,2,328496,5.31629826704743e-06,0.553095,-2.53342591349792e-09,TRUE
"verify",37,2,353069,0.220479074762982,0.666439,3.62760802317499,FALSE
"verify",40,2,377642,1.33670293233992e-05,0.603402,-1.46164325087739e-08,TRUE
"verify",43,2,402215,0.267823341482827,0.649401,2.91657559185462,FALSE
"verify",46,2,426788,0.229733954260025,0.654536,3.78361762071633,FALSE
"verify",49,2,451361,0.280237195912046,0.621146,29.6437591371167,FALSE
"verify",1,3,58194,6.72554197161329e-06,0.86575,-1.34605215862393e-10,TRUE
"verify",4,3,82767,0.208700660267981,0.819485,1.35327114785099,FALSE
"verify",7,3,107340,1.65045847466918e-05,0.795358,-5.09942310600309e-10,TRUE
"verify",10,3,131913,0.200654798638859,0.800781,0.799937113102317,FALSE
"verify",13,3,156486,0.0361203960119626,0.889638,0.000136572739165786,TRUE
"verify",16,3,181059,1.52945894072299e-05,0.844102,-1.67267444339814e-09,TRUE
"verify",19,3,205632,0.425897837263733,0.870507,8.5564196265953,FALSE
"verify",22,3,230205,0.586463678209379,1.00293,21.0078324354636,FALSE
"verify",25,3,254778,1.30914289662101e-05,0.555098,-3.06498293412005e-09,TRUE
"verify",28,3,279351,0.0495969379310485,0.611853,0.021075293635505,FALSE
"verify",31,3,303924,0.0584373536747526,0.625431,0.101620125700492,FALSE
"verify",34,3,328497,0.102815339368955,0.605174,0.140300774712024,FALSE
"verify",37,3,353070,0.05885499816742,0.493547,0.0715974714935399,FALSE
"verify",40,3,377643,0.083858396310539,0.598274,0.47475423855002,FALSE
"verify",43,3,402216,0.250004413121037,0.64434,3.60993182854875,FALSE
"verify",46,3,426789,0.260858171261076,0.674491,6.79315916541108,FALSE
"verify",49,3,451362,0.25054470321807,0.646177,18.1624805773708,FALSE
"verify",1,4,58195,1.35107405222184e-05,0.821263,-3.27986526826862e-10,TRUE
"verify",4,4,82768,0.199604276444116,0.782551,1.13943803398581,FALSE
"verify",7,4,107341,1.77035081201825e-05,0.802238,-7.37088612368098e-10,TRUE
"verify",10,4,131914,0.237643045327608,0.734944,6.82957521508615,FALSE
"verify",13,4,156487,5.44190663017989e-05,0.929596,-1.52118673213408e-09,TRUE
"verify",16,4,181060,1.36982577006437e-05,0.821068,-8.03765942691825e-11,TRUE
"verify",19,4,205633,3.42694554348636e-05,0.898247,-1.03341335488949e-09,TRUE
"verify",22,4,230206,0.559107020972387,0.976169,11.3254363549539,FALSE
"verify",25,4,254779,1.5263734820408e-05,0.595248,-4.51176163096534e-09,TRUE
"verify",28,4,279352,2.2309631035702e-05,0.652989,-9.97476945485687e-09,TRUE
"verify",31,4,303925,0.0721272615037756,0.580538,0.26902484554131,FALSE
"verify",34,4,328498,0.0800139495767926,0.557936,0.12105714820628,FALSE
"verify",37,4,353071,0.143726408829532,0.668318,1.017733676253,FALSE
"verify",40,4,377644,0.111012227345261,0.585133,1.3921171180445,FALSE
"verify",43,4,402217,0.17856709579512,0.603319,1.56666838230251,FALSE
"verify",46,4,426790,0.271923728727072,0.640129,8.1777344992946,FALSE
"verify",49,4,451363,0.321103427031665,0.633777,33.4983177348492,FALSE
"verify",1,5,58196,1.06938478405807e-05,0.763167,-1.04967057268368e-09,TRUE
"verify",4,5,82769,7.77369459647633e-06,0.788592,-5.41206190973753e-10,TRUE
"verify",7,5,107342,1.66215614843852e-05,0.741533,-2.43028352997499e-09,TRUE
"verify",10,5,131915,0.143773123735284,0.763007,0.529247477020022,FALSE
"verify",13,5,156488,0.271162701711648,0.741517,4.37139076830778,FALSE
"verify",16,5,181061,0.128611887332135,0.748573,0.273267253778954,FALSE
"verify",19,5,205634,0.425803631794207,0.917233,3.49529935032908,FALSE
"verify",22,5,230207,0.474704052145415,0.875804,20.9772639291892,FALSE
"verify",25,5,254780,0.0917460558529495,0.499226,0.172011072648672,FALSE
"verify",28,5,279353,6.97997514185774e-06,0.627141,-6.83344580920675e-09,TRUE
"verify",31,5,303926,1.00706851368373e-05,0.599559,-1.81336190507864e-08,TRUE
"verify",34,5,328499,1.26866926431006e-05,0.639642,-3.87067444762579e-09,TRUE
"verify",37,5,353072,8.10570349500143e-06,0.56273,-5.72212144334117e-09,TRUE
"verify",40,5,377645,1.83824045935884e-05,0.589054,-1.86625470632862e-08,TRUE
"verify",43,5,402218,0.402856060528284,0.684924,10.1273713042927,FALSE
"verify",46,5,426791,0.35779602447158,0.747037,12.4991451470808,FALSE
"verify",49,5,451364,0.349670347313258,0.706158,43.1420067507472,FALSE
"verify",1,6,58197,6.06655025403419e-05,0.746696,-1.11526787804905e-09,TRUE
"verify",4,6,82770,3.40146951326162e-06,0.769571,-4.9033133109333e-10,TRUE
"verify",7,6,107343,1.37042686402978e-05,0.814963,-1.60395074999542e-09,TRUE
"verify",10,6,131916,0.157999062075902,0.764756,0.403242429239754,FALSE
"verify",13,6,156489,0.470632634216435,0.772272,29.657319468449,FALSE
"verify",16,6,181062,0.120184185046865,0.827473,0.0400990207008363,FALSE
"verify",19,6,205635,0.687271455130279,0.99609,58.4056938444174,FALSE
"verify",22,6,230208,0.261444627209693,0.885008,1.00994072806498,FALSE
"verify",25,6,254781,5.65240722304944e-06,0.538684,-3.73120201402344e-09,TRUE
"verify",28,6,279354,0.182425799427495,0.64357,2.22175358129194,FALSE
"verify",31,6,303927,0.0802334236202095,0.610257,0.393759186110771,FALSE
"verify",34,6,328500,0.294947593978601,0.67334,4.95822839718708,FALSE
"verify",37,6,353073,0.1513673492837,0.617881,0.972778641170095,FALSE
"verify",40,6,377646,0.0904366253869893,0.580432,0.657332192878613,FALSE
"verify",43,6,402219,0.239487866461429,0.652783,2.81382072292593,FALSE
"verify",46,6,426792,0.269194249089397,0.710177,5.65273275309713,FALSE
"verify",49,6,451365,0.182482980570693,0.610298,7.05999014800577,FALSE
"verify",1,7,58198,9.92001902958056e-06,0.726813,-6.84053702570964e-10,TRUE
"verify",4,7,82771,7.86145156187028e-06,0.770014,-1.08587983049802e-09,TRUE
"verify",7,7,107344,0.278390906633625,0.760807,2.08259811897929,FALSE
"verify",10,7,131917,9.52972000893476e-06,0.797053,-7.72331532061798e-10,TRUE
"verify",13,7,156490,5.39332590936073e-05,0.801445,-4.83794337924337e-10,TRUE
"verify",16,7,181063,0.11914328488952,0.855271,0.0601757441968971,FALSE
"verify",19,7,205636,0.419312734073996,0.84707,5.67432450034764,FALSE
"verify",22,7,230209,0.494152405817882,0.933754,12.4945513719978,FALSE
"verify",25,7,254782,5.70790287038987e-06,0.49047,-1.43715084277574e-09,TRUE
"verify",28,7,279355,1.19622222118605e-05,0.607297,-8.98450025488273e-09,TRUE
"verify",31,7,303928,1.06395395477256e-05,0.567326,-1.43005252084549e-08,TRUE
"verify",34,7,328501,7.95281714171468e-06,0.603566,-3.93066557080601e-09,TRUE
"verify",37,7,353074,1.0343223620802e-05,0.566891,-5.79251491217292e-09,TRUE
"verify",40,7,377647,0.0741946564520282,0.628157,0.243108582792445,FALSE
"verify",43,7,402220,1.50685891011277e-05,0.658018,-4.39162306520302e-09,TRUE
"verify",46,7,426793,0.0519673520780223,0.604926,0.0238322646356863,FALSE
"verify",49,7,451366,0.222629900163081,0.606633,17.8253545507617,FALSE
"verify",1,8,58199,0.179459551242865,0.750202,0.326033692265213,FALSE
"verify",4,8,82772,0.0702953461758375,0.807993,0.0153881617377465,FALSE
"verify",7,8,107345,0.363597512872979,0.827198,6.57748500879001,FALSE
"verify",10,8,131918,0.168372306376231,0.75235,0.735130902555341,FALSE
"verify",13,8,156491,0.409100224802994,0.72241,38.3211990724053,FALSE
"verify",16,8,181064,1.65028635824905e-05,0.780683,-5.15456122229807e-10,TRUE
"verify",19,8,205637,0.419530464983395,0.940852,2.2347231655765,FALSE
"verify",22,8,230210,0.656665734439459,1.05496,28.4500623934282,FALSE
"verify",25,8,254783,7.1376674552087e-06,0.519377,-2.146375521761e-09,TRUE
"verify",28,8,279356,7.2516917152674e-06,0.663313,-6.16861939306546e-09,TRUE
"verify",31,8,303929,0.0798642123075253,0.575738,0.474364664706684,FALSE
"verify",34,8,328502,5.22612838352891e-06,0.528492,-2.24848406560341e-09,TRUE
"verify",37,8,353075,1.11832087241103e-05,0.663292,-5.13190911988204e-09,TRUE
"verify",40,8,377648,0.0705632014102879,0.611798,0.216466779625705,FALSE
"verify",43,8,402221,0.401161349799272,0.651776,12.5894425547731,FALSE
"verify",46,8,426794,0.234498608198065,0.615471,4.94822817679066,FALSE
"verify",49,8,451367,0.197578164212146,0.614283,9.19403472009051,FALSE
"verify",1,9,58200,1.490734344786e-05,0.764851,-2.41493580688257e-09,TRUE
"verify",4,9,82773,2.37305091834966e-06,0.736687,-8.9698914962355e-11,TRUE
"verify",7,9,107346,0.350208742999628,0.750995,15.4128178544066,FALSE
"verify",10,9,131919,6.67288010624702e-06,0.750608,-3.63399976777146e-10,TRUE
"verify",13,9,156492,4.27297507307155e-05,0.748834,-1.32121158458176e-09,TRUE
"verify",16,9,181065,0.36929434289319,0.855462,8.6051210825363,FALSE
"verify",19,9,205638,0.552919990173922,0.895964,15.5273564575082,FALSE
"verify",22,9,230211,0.347598859075681,0.898624,3.5473494157153,FALSE
"verify",25,9,254784,8.16972825621803e-06,0.583748,-3.64492080962009e-09,TRUE
"verify",28,9,279357,5.9648762065016e-06,0.520893,-4.45898251655308e-09,TRUE
"verify",31,9,303930,0.0504213469217831,0.533396,0.100384081814354,FALSE
"verify",34,9,328503,0.0218818280315703,0.560078,0.000533133248474371,TRUE
"verify",37,9,353076,0.123841896622264,0.491091,1.62030058604841,FALSE
"verify",40,9,377649,0.074019224067214,0.564222,0.372918465717675,FALSE
"verify",43,9,402222,6.92319467218316e-06,0.621114,-2.54015475320557e-09,TRUE
"verify",46,9,426795,0.152981687201333,0.659065,0.996299583711021,FALSE
"verify",49,9,451368,0.285182384248359,0.679714,25.9013628199847,FALSE
"verify",1,10,58201,0.182216806654966,0.728458,0.524760844177109,FALSE
"verify",4,10,82774,2.5213718834001e-06,0.722177,-3.02861735690385e-10,TRUE
"verify",7,10,107347,9.28887082390431e-06,0.716557,-1.0145413398277e-09,TRUE
"verify",10,10,131920,0.201518316624452,0.744779,2.85485176621808,FALSE
"verify",13,10,156493,3.76026240990342e-05,0.794436,-2.15749196286197e-09,TRUE
"verify",16,10,181066,0.276994531533884,0.751668,9.66154574454515,FALSE
"verify",19,10,205639,0.640804966618187,0.977884,37.7382464489895,FALSE
"verify",22,10,230212,0.530961775026745,0.91393,30.8137218007702,FALSE
"verify",25,10,254785,1.11436747002589e-05,0.623682,-2.92941138013703e-09,TRUE
"verify",28,10,279358,0.0706542625924866,0.51426,0.160228370512122,FALSE
"verify",31,10,303931,3.46873470887494e-05,0.587039,-2.30466810080543e-08,TRUE
"verify",34,10,328504,7.0336207093115e-06,0.532917,-3.43177219974677e-09,TRUE
"verify",37,10,353077,0.0744068199793577,0.614972,0.0784835554371597,FALSE
"verify",40,10,377650,0.155858184864237,0.612491,4.24032293536376,FALSE
"verify",43,10,402223,0.223766437419906,0.618602,2.00113871831201,FALSE
"verify",46,10,426796,0.297721079681569,0.643199,10.0458160128265,FALSE
"verify",49,10,451369,0.257537022709627,0.64426,18.293566381564,FALSE
"verify",1,11,58202,0.144501679337649,0.752407,0.217526022277923,FALSE
"verify",4,11,82775,1.51771726974788e-05,0.7962,-1.86093984666513e-09,TRUE
"verify",7,11,107348,4.54029955600674e-06,0.731296,-6.07371930527734e-10,TRUE
"verify",10,11,131921,1.4902710099506e-05,0.833449,-2.68681787929381e-09,TRUE
"verify",13,11,156494,0.137062775156317,0.805413,0.0271074702911278,FALSE
"verify",16,11,181067,0.2420125449045,0.874954,0.565474204259544,FALSE
"verify",19,11,205640,3.74312797813539e-05,0.969404,-9.67531832429813e-10,TRUE
"verify",22,11,230213,0.431357340068443,0.839106,29.4537658856852,FALSE
"verify",25,11,254786,0.0535369115984183,0.578542,0.0140673697035325,FALSE
"verify",28,11,279359,1.35681695274521e-05,0.557115,-6.67128574605158e-09,TRUE
"verify",31,11,303932,0.0683915582244105,0.59534,0.205490582695518,FALSE
"verify",34,11,328505,0.134960680738276,0.717697,0.500982568673166,FALSE
"verify",37,11,353078,2.15966591471236e-05,0.607691,-9.41322753078566e-09,TRUE
"verify",40,11,377651,0.0274365326715519,0.604319,0.00684564667673726,FALSE
"verify",43,11,402224,0.546867042268796,0.752979,29.9356470644627,FALSE
"verify",46,11,426797,0.31903924176306,0.662683,11.302563254071,FALSE
"verify",49,11,451370,0.313529600411381,0.679377,36.2915892675687,FALSE
"verify",1,12,58203,0.303801176826055,0.80833,6.22340849997792,FALSE
"verify",4,12,82776,0.25207736310273,0.77019,5.37769559605476,FALSE
"verify",7,12,107349,1.20309768233722e-05,0.746384,-6.66602772980696e-10,TRUE
"verify",10,12,131922,8.9063499000778e-06,0.820349,-3.31397131958511e-10,TRUE
"verify",13,12,156495,0.250516920168656,0.834693,0.512550499821913,FALSE
"verify",16,12,181068,0.301263774950956,0.802965,5.45655897556378,FALSE
"verify",19,12,205641,0.487468892529513,0.924267,14.4393760854003,FALSE
"verify",22,12,230214,0.434948932808736,0.859202,12.3351338331643,FALSE
"verify",25,12,254787,5.62570225730717e-06,0.469424,-1.89468707390006e-09,TRUE
"verify",28,12,279360,6.41208678400174e-06,0.527084,-6.38064534541627e-09,TRUE
"verify",31,12,303933,0.0546460763309326,0.537707,0.130557041918649,FALSE
"verify",34,12,328506,0.0537098899332971,0.545864,0.0180740205814942,FALSE
"verify",37,12,353079,0.0227200401270765,0.586196,0.000760774786158436,TRUE
"verify",40,12,377652,0.0769226286585468,0.569688,0.388254927014628,FALSE
"verify",43,12,402225,0.270657987469094,0.533751,7.70495151497982,FALSE
"verify",46,12,426798,0.410770396999075,0.687475,26.5591883152687,FALSE
"verify",49,12,451371,0.346954611296411,0.662823,44.9186803727213,FALSE
"verify",1,13,58204,8.63142830822611e-06,0.799332,-4.62705429526977e-10,TRUE
"verify",4,13,82777,0.177358621123962,0.734377,0.960935975980988,FALSE
"verify",7,13,107350,0.379352414163072,0.798429,7.60666038556411,FALSE
"verify",10,13,131923,1.40041236385416e-05,0.772155,-1.92449078895152e-09,TRUE
"verify",13,13,156496,0.204315969927092,0.805671,0.473958120591476,FALSE
"verify",16,13,181069,0.263359384835844,0.830379,1.25868662399353,FALSE
"verify",19,13,205642,0.655628375101845,0.945314,42.5927707900366,FALSE
"verify",22,13,230215,0.54599894680823,0.889006,45.1508723745263,FALSE
"verify",25,13,254788,7.43479105898167e-06,0.526386,-3.9302818777287e-09,TRUE
"verify",28,13,279361,7.64877254424679e-06,0.543884,-4.5177515062278e-09,TRUE
"verify",31,13,303934,8.26031617527638e-06,0.564124,-1.82785697688814e-08,TRUE
"verify",34,13,328507,0.148733452909968,0.519666,1.29188004288884,FALSE
"verify",37,13,353080,2.18852128638538e-05,0.623353,-9.60129398208664e-09,TRUE
"verify",40,13,377653,0.0673931260999873,0.610721,0.242895127531682,FALSE
"verify",43,13,402226,0.257975732030709,0.665219,2.61845690688023,FALSE
"verify",46,13,426799,1.395193279e-05,0.655203,-8.70099370331445e-09,TRUE
"verify",49,13,451372,0.242729447185037,0.658385,14.189766566256,FALSE
"verify",1,14,58205,0.199496295081444,0.678466,1.30797400881781,FALSE
"verify",4,14,82778,0.124188053899988,0.753244,0.0934313457985354,FALSE
"verify",7,14,107351,0.0928235490400033,0.806376,0.0154236981251472,FALSE
"verify",10,14,131924,7.53901568191413e-06,0.768075,-2.60962451648084e-09,TRUE
"verify",13,14,156497,0.130610632646533,0.820799,0.0534754758393206,FALSE
"verify",16,14,181070,0.351972429438227,0.821127,7.24150967141094,FALSE
"verify",19,14,205643,6.20693405536402e-05,0.865306,-8.60922000356368e-10,TRUE
"verify",22,14,230216,0.449218966509804,0.892994,9.64248090362878,FALSE
"verify",25,14,254789,9.68769694557082e-06,0.512664,-2.56982701785091e-09,TRUE
"verify",28,14,279362,0.101945503441611,0.571361,0.504764345801355,FALSE
"verify",31,14,303935,1.41893961118885e-05,0.595576,-2.27371685923572e-08,TRUE
"verify",34,14,328508,0.0800785115681872,0.578502,0.0666569878942127,FALSE
"verify",37,14,353081,1.20660901724749e-05,0.692551,-6.9758669951625e-09,TRUE
"verify",40,14,377654,0.054220139382662,0.608967,0.0803742169390489,FALSE
"verify",43,14,402227,0.141380694276374,0.498658,0.812179142753298,FALSE
"verify",46,14,426800,0.338033169954883,0.698638,14.3152239389455,FALSE
"verify",49,14,451373,0.274073139358405,0.69359,20.2873147116597,FALSE
"verify",1,15,58206,2.41371044240546e-05,0.756529,-5.72867975279223e-10,TRUE
"verify",4,15,82779,1.23740489232085e-05,0.73794,-1.33485400510835e-09,TRUE
"verify",7,15,107352,2.99777161990004e-05,0.723794,-7.1122485678643e-10,TRUE
"verify",10,15,131925,9.42538356583155e-06,0.801839,-8.27242274681339e-10,TRUE
"verify",13,15,156498,0.320449770189182,0.801012,1.22158705081429,FALSE
"verify",16,15,181071,0.160176127958289,0.823398,0.154104155220182,FALSE
"verify",19,15,205644,0.378874739920486,0.884465,2.76971445767632,FALSE
"verify",22,15,230217,0.438552937775718,0.859529,14.216557135251,FALSE
"verify",25,15,254790,7.03934869147119e-06,0.458302,-2.04475369969259e-09,TRUE
"verify",28,15,279363,8.47433933437664e-06,0.555261,-7.37379934889759e-09,TRUE
"verify",31,15,303936,0.0392041826528976,0.547252,0.0277615769364559,FALSE
"verify",34,15,328509,0.243334746121133,0.606408,2.88090262158374,FALSE
"verify",37,15,353082,1.45092528880887e-05,0.574192,-5.48561729374342e-09,TRUE
"verify",40,15,377655,0.0401185566729278,0.562627,0.0370960344137927,FALSE
"verify",43,15,402228,0.0705523172458108,0.643093,0.0418750586782863,FALSE
"verify",46,15,426801,0.27517488693559,0.627131,7.45927910071622,FALSE
"verify",49,15,451374,0.271023650041623,0.651285,20.8662748007193,FALSE
"verify",1,16,58207,8.85221155175006e-06,0.711596,-1.99850092030829e-09,TRUE
"verify",4,16,82780,5.81331378375876e-06,0.750806,-5.022684490541e-10,TRUE
"verify",7,16,107353,9.34162110392678e-06,0.843432,-5.63886715099216e-10,TRUE
"verify",10,16,131926,4.19306754437282e-06,0.755757,-7.86144482844975e-10,TRUE
"verify",13,16,156499,1.73517481974868e-05,0.854225,-1.14641807158478e-09,TRUE
"verify",16,16,181072,0.320449408284085,0.811665,6.96065057385687,FALSE
"verify",19,16,205645,0.365468462029778,0.886584,1.94653810965886,FALSE
"verify",22,16,230218,0.34758404792573,0.754545,16.1807939649501,FALSE
"verify",25,16,254791,0.0751656647009722,0.625795,0.0464347752408258,FALSE
"verify",28,16,279364,1.37654756367231e-05,0.640862,-8.27789392587874e-09,TRUE
"verify",31,16,303937,0.0539161701353934,0.574408,0.121016388987329,FALSE
"verify",34,16,328510,0.108919226981884,0.58301,0.190316916138066,FALSE
"verify",37,16,353083,7.26821579921504e-06,0.591912,-6.33180263776012e-09,TRUE
"verify",40,16,377656,0.108198165220233,0.593365,1.12704842908551,FALSE
"verify",43,16,402229,0.20195769030409,0.584319,2.41102455190547,FALSE
"verify",46,16,426802,0.270174259712447,0.661584,5.70692648066793,FALSE
"verify",49,16,451375,0.269045897418638,0.592301,27.9920907313557,FALSE
"verify",1,17,58208,0.168333139993421,0.721046,0.385783928289442,FALSE
"verify",4,17,82781,7.9292157135362e-06,0.747078,-1.40408928928082e-09,TRUE
"verify",7,17,107354,1.19551073238699e-05,0.773988,-7.67613528296351e-10,TRUE
"verify",10,17,131927,0.274506220819592,0.788501,2.59467660815545,FALSE
"verify",13,17,156500,0.26307653143198,0.782455,1.81656687731743,FALSE
"verify",16,17,181073,0.324381212743041,0.813247,6.95057862434902,FALSE
"verify",19,17,205646,0.381629183279488,0.798494,9.33522377262403,FALSE
"verify",22,17,230219,0.310237553866159,0.841613,2.47270411568633,FALSE
"verify",25,17,254792,6.11638080638003e-06,0.578282,-2.93044166710388e-09,TRUE
"verify",28,17,279365,0.148590638582364,0.64025,0.928981392361436,FALSE
"verify",31,17,303938,1.47197499560721e-05,0.569452,-2.42876865286235e-08,TRUE
"verify",34,17,328511,0.157157917705308,0.570926,1.08068993965312,FALSE
"verify",37,17,353084,8.26881526844941e-06,0.614275,-6.51372999982414e-09,TRUE
"verify",40,17,377657,0.0225702892977745,0.565013,0.00300733128744923,FALSE
"verify",43,17,402230,0.0720813657575393,0.615265,0.06638444796355,FALSE
"verify",46,17,426803,0.36270576154272,0.72243,17.3878246564648,FALSE
"verify",49,17,451376,0.286660615946961,0.644069,25.3448346257403,FALSE
"verify",1,18,58209,2.11585218322376e-05,0.787531,-7.37145455786958e-10,TRUE
"verify",4,18,82782,1.51332638494263e-06,0.747144,-3.5242919693701e-11,TRUE
"verify",7,18,107355,0.180150350628141,0.680844,1.50328422897121,FALSE
"verify",10,18,131928,0.239508067980778,0.811564,2.48594678872024,FALSE
"verify",13,18,156501,9.59247055185994e-06,0.772757,-2.90413026959868e-10,TRUE
"verify",16,18,181074,0.266424924012328,0.846598,1.60762498962936,FALSE
"verify",19,18,205647,0.646890856862504,0.991125,45.367756165394,FALSE
"verify",22,18,230220,0.439551658967752,0.927083,9.01640166103567,FALSE
"verify",25,18,254793,4.15780824843018e-05,0.629295,-3.5796787756226e-09,TRUE
"verify",28,18,279366,8.17441475134207e-06,0.537438,-4.76694594908622e-09,TRUE
"verify",31,18,303939,0.105779149543572,0.597943,1.15175029075894,FALSE
"verify",34,18,328512,0.0898331599831129,0.553537,0.139476514059588,FALSE
"verify",37,18,353085,0.21035130522977,0.600906,4.07781562060227,FALSE
"verify",40,18,377658,1.22075764721594e-05,0.612846,-2.07828065867943e-08,TRUE
"verify",43,18,402231,0.101275862865165,0.66933,0.0884306004909376,FALSE
"verify",46,18,426804,0.297741980195381,0.708638,7.5990978269928,FALSE
"verify",49,18,451377,0.272076276942533,0.726928,18.6784956312131,FALSE
"verify",1,19,58210,0.26240434969611,0.769943,1.7073014019289,FALSE
"verify",4,19,82783,3.92051390119949e-05,0.828916,-5.43229816685198e-09,TRUE
"verify",7,19,107356,1.93251700100542e-05,0.770815,-1.14340537038515e-09,TRUE
"verify",10,19,131929,0.158499468396522,0.756367,0.468696942371935,FALSE
"verify",13,19,156502,0.0269675255368622,0.851334,7.20789995796167e-05,TRUE
"verify",16,19,181075,0.247299234637728,0.748764,3.85315310921055,FALSE
"verify",19,19,205648,0.592412029097069,0.955748,16.4867343734962,FALSE
"verify",22,19,230221,0.632773017664525,0.96741,51.4717957604818,FALSE
"verify",25,19,254794,8.50128187793183e-06,0.574934,-3.44919470762761e-09,TRUE
"verify",28,19,279367,0.0792765429395859,0.51724,0.241493842726477,FALSE
"verify",31,19,303940,0.0478956605423867,0.563782,0.0659440191429894,FALSE
"verify",34,19,328513,3.37876816765619e-05,0.570206,-3.9235459325937e-09,TRUE
"verify",37,19,353086,0.0920152201999039,0.593159,0.27338276945369,FALSE
"verify",40,19,377659,0.122799141361235,0.606606,1.83663169400006,FALSE
"verify",43,19,402232,0.340424705967621,0.758299,5.91103902349003,FALSE
"verify",46,19,426805,0.215146675533028,0.624882,3.71895497518427,FALSE
"verify",49,19,451378,0.303038531834277,0.644158,36.4134568902095,FALSE
"verify",1,20,58211,1.81382446389345e-05,0.713182,-2.54692622547736e-09,TRUE
"verify",4,20,82784,2.87069973605293e-06,0.766872,-2.82966539089102e-10,TRUE
"verify",7,20,107357,4.0049158561165e-05,0.841076,-6.67000676912721e-10,TRUE
"verify",10,20,131930,2.67053435499415e-06,0.732937,-3.48165940522449e-10,TRUE
"verify",13,20,156503,0.182659344239926,0.799155,0.250528670895562,FALSE
"verify",16,20,181076,7.46475205763747e-05,0.828047,-4.15161593991797e-09,TRUE
"verify",19,20,205649,0.271247585287617,0.752468,5.6195523932538,FALSE
"verify",22,20,230222,0.538831975543027,0.925425,39.1773220811179,FALSE
"verify",25,20,254795,1.29972426716307e-05,0.603375,-4.83596807043796e-09,TRUE
"verify",28,20,279368,9.36615563788212e-06,0.594057,-9.40966060625215e-09,TRUE
"verify",31,20,303941,1.04501462240292e-05,0.561045,-2.50894629516552e-08,TRUE
"verify",34,20,328514,0.06954023087672,0.480991,0.0723473539323543,FALSE
"verify",37,20,353087,0.0976674209601019,0.489469,0.445014623445736,FALSE
"verify",40,20,377660,0.118785093176478,0.567249,1.89706357271876,FALSE
"verify",43,20,402233,0.322778380230763,0.683785,6.07994362899104,FALSE
"verify",46,20,426806,0.12904618927699,0.543728,0.945952252188775,FALSE
"verify",49,20,451379,0.241592718787418,0.642742,16.0969368538741,FALSE
"verify",1,21,58212,7.64469649864174e-06,0.800112,-5.219931153988e-10,TRUE
"verify",4,21,82785,2.78479060680161e-05,0.814784,-2.32301999858464e-09,TRUE
"verify",7,21,107358,9.03715169572882e-06,0.770182,-1.44871137308655e-09,TRUE
"verify",10,21,131931,0.283755626427274,0.772743,9.12774191060379,FALSE
"verify",13,21,156504,0.397254930081445,0.797375,14.6487709834003,FALSE
"verify",16,21,181077,0.336284682463904,0.89844,3.03851531612793,FALSE
"verify",19,21,205650,0.0958248757101392,0.771932,0.0153781121300369,FALSE
"verify",22,21,230223,0.433857731255676,0.98197,3.16614243576646,FALSE
"verify",25,21,254796,6.86047365805628e-06,0.584241,-2.83255729982557e-09,TRUE
"verify",28,21,279369,4.12203375490936e-05,0.582763,-7.15017733909917e-09,TRUE
"verify",31,21,303942,0.0538363062373486,0.620249,0.0738593122577242,FALSE
"verify",34,21,328515,5.03286931500745e-06,0.561923,-2.21630358510083e-09,TRUE
"verify",37,21,353088,0.178415328431158,0.60082,2.69713725275071,FALSE
"verify",40,21,377661,0.0950834746701453,0.602707,0.633555415118622,FALSE
"verify",43,21,402234,0.148950197741103,0.533058,0.69041204715041,FALSE
"verify",46,21,426807,0.245924698016441,0.704565,4.76037561561992,FALSE
"verify",49,21,451380,0.32939997041144,0.650865,45.0684931752116,FALSE
"verify",1,22,58213,3.02195482595696e-06,0.766803,-1.86332727025729e-10,TRUE
"verify",4,22,82786,5.55052122251305e-05,0.794161,-4.99181851409958e-09,TRUE
"verify",7,22,107359,0.0888686100016664,0.748477,0.0174558387576269,FALSE
"verify",10,22,131932,8.37109696391024e-06,0.725044,-1.2632881407626e-09,TRUE
"verify",13,22,156505,1.09305301989194e-05,0.80165,-6.74788225296652e-10,TRUE
"verify",16,22,181078,8.01837488394017e-06,0.748235,-7.54653228796087e-10,TRUE
"verify",19,22,205651,0.408761869863652,0.90743,2.6750460944458,FALSE
"verify",22,22,230224,0.444331233842563,0.884732,16.0998926600936,FALSE
"verify",25,22,254797,5.51358380768888e-06,0.582343,-2.22368612412538e-09,TRUE
"verify",28,22,279370,0.158658525036581,0.622507,1.37809373802885,FALSE
"verify",31,22,303943,0.000116421201844175,0.565796,-2.27845475819777e-08,TRUE
"verify",34,22,328516,0.212534706002914,0.561352,2.84691743306291,FALSE
"verify",37,22,353089,0.052632925760484,0.57707,0.0264613511729266,FALSE
"verify",40,22,377662,0.114298466297076,0.61278,1.40219837142274,FALSE
"verify",43,22,402235,0.602688544591151,0.830753,34.4567151524794,FALSE
"verify",46,22,426808,0.29923859189018,0.584934,18.2117120785207,FALSE
"verify",49,22,451381,0.304632618305222,0.653822,33.846742842294,FALSE
"verify",1,23,58214,0.236833394792247,0.753696,1.82578929702618,FALSE
"verify",4,23,82787,0.178197901937335,0.777144,0.734598270816491,FALSE
"verify",7,23,107360,0.245898456770889,0.776078,1.53550873643721,FALSE
"verify",10,23,131933,0.178021370286212,0.760833,1.176825840888,FALSE
"verify",13,23,156506,0.385673606353365,0.789864,12.3774202120865,FALSE
"verify",16,23,181079,0.324960231395419,0.761249,21.915734827807,FALSE
"verify",19,23,205652,6.96500090849966e-05,0.970508,-3.9750602809363e-10,TRUE
"verify",22,23,230225,0.512379043520885,0.957741,10.0184097759051,FALSE
"verify",25,23,254798,4.43528664191196e-06,0.637403,-2.77515965763087e-09,TRUE
"verify",28,23,279371,6.64834545546304e-06,0.519022,-6.25286133981717e-09,TRUE
"verify",31,23,303944,9.15614485405875e-06,0.553607,-1.44943328450609e-08,TRUE
"verify",34,23,328517,0.174674773471054,0.617627,1.37617897870788,FALSE
"verify",37,23,353090,7.44705437124105e-06,0.591957,-5.18673459737329e-09,TRUE
"verify",40,23,377663,7.68662188859026e-05,0.581809,-2.41280702084623e-08,TRUE
"verify",43,23,402236,0.18333174932122,0.555229,1.3208110329773,FALSE
"verify",46,23,426809,0.247580170303111,0.621319,7.579741107369,FALSE
"verify",49,23,451382,0.29126522911248,0.657001,29.7670159676572,FALSE
"verify",1,24,58215,1.75199390915844e-06,0.789879,-6.30393515166361e-11,TRUE
"verify",4,24,82788,3.86660949800379e-06,0.771628,-2.17312390304869e-10,TRUE
"verify",7,24,107361,0.247240486142736,0.748159,2.57647345038853,FALSE
"verify",10,24,131934,1.59149857884553e-05,0.791476,-4.78451056551421e-10,TRUE
"verify",13,24,156507,6.44205158660537e-06,0.824679,-6.62225829728413e-11,TRUE
"verify",16,24,181080,0.299873818319911,0.808278,4.43635952730176,FALSE
"verify",19,24,205653,0.456640866586192,0.915209,4.27174121855836,FALSE
"verify",22,24,230226,0.560946576537091,0.899061,42.7204459687199,FALSE
"verify",25,24,254799,8.07634067242723e-06,0.620686,-3.59450069709055e-09,TRUE
"verify",28,24,279372,1.29615334298364e-05,0.615927,-9.85639303507924e-09,TRUE
"verify",31,24,303945,0.0344261615703356,0.536153,0.0228560617983078,FALSE
"verify",34,24,328518,0.110609664089182,0.59673,0.202005350321713,FALSE
"verify",37,24,353091,0.0669021934709123,0.563075,0.0901982420668332,FALSE
"verify",40,24,377664,0.109914854574546,0.597539,1.31042388616419,FALSE
"verify",43,24,402237,0.279425708639039,0.680678,5.35146985738642,FALSE
"verify",46,24,426810,0.221475396809626,0.636926,3.79094673767774,FALSE
"verify",49,24,451383,0.310055031152777,0.681158,34.3396256558363,FALSE
"verify",1,25,58216,0.215701551041374,0.766276,1.72973780244502,FALSE
"verify",4,25,82789,1.57782184627993e-06,0.741628,-3.42197381542064e-11,TRUE
"verify",7,25,107362,1.03449087613129e-05,0.822773,-3.36171979142819e-10,TRUE
"verify",10,25,131935,4.60488365876496e-06,0.760483,-4.32009983342141e-10,TRUE
"verify",13,25,156508,1.22321367019691e-05,0.804398,-8.6458840087289e-11,TRUE
"verify",16,25,181081,0.352015147878836,0.805347,11.5179369061264,FALSE
"verify",19,25,205654,0.199656543001638,0.882306,0.10723001230761,FALSE
"verify",22,25,230227,0.156443486911637,0.825842,0.129348560074504,FALSE
"verify",25,25,254800,1.57378414840066e-05,0.686759,-2.66562949491345e-09,TRUE
"verify",28,25,279373,5.73865697856407e-06,0.551362,-5.82397774451238e-09,TRUE
"verify",31,25,303946,0.0597366131096577,0.591979,0.122458089220345,FALSE
"verify",34,25,328519,0.0387242144288395,0.602583,0.00262083275387681,FALSE
"verify",37,25,353092,8.29156449462979e-06,0.632494,-7.28476834410685e-09,TRUE
"verify",40,25,377665,0.0957913246193906,0.579781,0.804146596765975,FALSE
"verify",43,25,402238,1.41679195733032e-05,0.561138,-3.22324922308326e-09,TRUE
"verify",46,25,426811,0.258178341459749,0.581909,11.5533988830988,FALSE
"verify",49,25,451384,0.299167564746448,0.654941,32.7327274867056,FALSE
"verify",1,26,58217,2.43387327047477e-05,0.841746,-1.43830902743503e-09,TRUE
"verify",4,26,82790,0.136422378522279,0.761452,0.279390184944361,FALSE
"verify",7,26,107363,2.56094350520486e-05,0.778217,-9.54457846091827e-10,TRUE
"verify",10,26,131936,0.196472426455128,0.758433,1.61014504779291,FALSE
"verify",13,26,156509,5.90776220816848e-05,0.833538,-1.17921672426746e-09,TRUE
"verify",16,26,181082,0.180123614079499,0.774583,0.84247668976036,FALSE
"verify",19,26,205655,0.598172417544957,0.948869,22.3198280773349,FALSE
"verify",22,26,230228,0.549132331677834,0.963686,23.0477166117471,FALSE
"verify",25,26,254801,0.0458499597005575,0.577943,0.00949612211730511,FALSE
"verify",28,26,279374,6.94097784612905e-06,0.562496,-6.54542020583904e-09,TRUE
"verify",31,26,303947,1.27184361773282e-05,0.569631,-1.4636384548794e-08,TRUE
"verify",34,26,328520,0.169175601740047,0.68725,0.717469377905672,FALSE
"verify",37,26,353093,0.150765572408738,0.607203,1.29381915834402,FALSE
"verify",40,26,377666,1.36785292885875e-05,0.562842,-2.22766516344564e-08,TRUE
"verify",43,26,402239,0.163421873426679,0.726543,0.611135412062545,FALSE
"verify",46,26,426812,0.187982270189838,0.63136,2.09643326019984,FALSE
"verify",49,26,451385,0.281777198184242,0.670333,22.4915569327451,FALSE
"verify",1,27,58218,2.69150895672099e-06,0.729581,-1.64277480507735e-10,TRUE
"verify",4,27,82791,0.204834021751733,0.828607,0.854584515701561,FALSE
"verify",7,27,107364,6.25616837665979e-05,0.868661,-2.42062014876865e-09,TRUE
"verify",10,27,131937,0.252344407498771,0.787662,2.69155244856694,FALSE
"verify",13,27,156510,0.253422700190488,0.873662,0.380239141475755,FALSE
"verify",16,27,181083,0.477918869475577,0.94377,16.374446878658,FALSE
"verify",19,27,205656,3.52465210576688e-05,0.906489,-4.41445990873035e-10,TRUE
"verify",22,27,230229,0.337647066487617,0.862432,2.18262468623647,FALSE
"verify",25,27,254802,0.115385263316426,0.597769,0.254059551048606,FALSE
"verify",28,27,279375,8.46115969879685e-06,0.643872,-7.48558193208737e-09,TRUE
"verify",31,27,303948,1.91835057522465e-05,0.561145,-2.08137009849452e-08,TRUE
"verify",34,27,328521,0.139367539815537,0.671187,0.501628702987148,FALSE
"verify",37,27,353094,0.04857310231176,0.638104,0.0200805350150688,FALSE
"verify",40,27,377667,0.065247392748714,0.532587,0.270577805219233,FALSE
"verify",43,27,402240,0.269489690297709,0.546234,4.61742444036612,FALSE
"verify",46,27,426813,0.0870795109661463,0.584477,0.195506348262995,FALSE
"verify",49,27,451386,0.281551139178421,0.68,25.2118128549239,FALSE
"verify",1,28,58219,0.098303609433304,0.799494,0.0345324523327974,FALSE
"verify",4,28,82792,0.105335825077609,0.768088,0.21109887879976,FALSE
"verify",7,28,107365,0.104441040458294,0.757822,0.130638553402378,FALSE
"verify",10,28,131938,9.83193844640995e-06,0.783719,-1.5081127457961e-09,TRUE
"verify",13,28,156511,6.01927967192106e-05,0.963228,-7.71137820265722e-10,TRUE
"verify",16,28,181084,0.367666301634955,0.828367,9.24680480372319,FALSE
"verify",19,28,205657,0.496134527926803,0.873868,5.14901612210835,FALSE
"verify",22,28,230230,0.493885115040928,0.957492,6.77903918514863,FALSE
"verify",25,28,254803,0.0624956175344205,0.507453,0.0353720535194526,FALSE
"verify",28,28,279376,0.142408953736073,0.606115,1.00504144455101,FALSE
"verify",31,28,303949,1.22043680121315e-05,0.534123,-2.20081517454673e-08,TRUE
"verify",34,28,328522,9.83688610806774e-06,0.608531,-4.7324775209745e-09,TRUE
"verify",37,28,353095,1.09332955204928e-05,0.547023,-5.98848259869555e-09,TRUE
"verify",40,28,377668,0.0505465578795852,0.578047,0.0913301263558992,FALSE
"verify",43,28,402241,0.218536244634988,0.589063,1.95068771916021,FALSE
"verify",46,28,426814,0.275888742172957,0.599081,9.47582044237133,FALSE
"verify",49,28,451387,0.333618532235032,0.655669,45.7774263772764,FALSE
"verify",1,29,58220,5.16938386623737e-06,0.805173,-6.54722498438787e-10,TRUE
"verify",4,29,82793,0.120207843917586,0.774203,0.21903735890055,FALSE
"verify",7,29,107366,0.142162115580434,0.736377,0.208850818426242,FALSE
"verify",10,29,131939,0.208701090448831,0.746722,1.97178410134728,FALSE
"verify",13,29,156512,0.158820837475044,0.850247,0.264429918164836,FALSE
"verify",16,29,181085,0.346545722976144,0.808796,8.39765164031149,FALSE
"verify",19,29,205658,5.01725082939071e-05,0.9814,-1.56751411850564e-09,TRUE
"verify",22,29,230231,0.342473595234965,0.856305,3.96293374251462,FALSE
"verify",25,29,254804,0.138168547413344,0.514564,0.778026455181191,FALSE
"verify",28,29,279377,0.0655933337772441,0.590448,0.0720671459160656,FALSE
"verify",31,29,303950,1.30130971293157e-05,0.55546,-1.41855309720995e-08,TRUE
"verify",34,29,328523,0.0653894966847473,0.532749,0.0432873438870018,FALSE
"verify",37,29,353096,0.0710625719914214,0.501478,0.144327804708489,FALSE
"verify",40,29,377669,0.152824252774715,0.643959,3.77892845272129,FALSE
"verify",43,29,402242,2.75159173157181e-05,0.597976,-2.71677436103346e-09,TRUE
"verify",46,29,426815,0.342959471068424,0.662039,16.6115592582876,FALSE
"verify",49,29,451388,0.217707393904187,0.616925,13.2009730749374,FALSE
"verify",1,30,58221,0.0994769688799537,0.772673,0.0489856062536091,FALSE
"verify",4,30,82794,9.00375391315238e-06,0.796144,-3.89542265111231e-09,TRUE
"verify",7,30,107367,9.23823037288478e-06,0.765313,-5.85089310334297e-10,TRUE
"verify",10,30,131940,0.0681849449288748,0.735652,0.0394127263751329,FALSE
"verify",13,30,156513,1.67616039363994e-05,0.793211,-9.17452780413441e-10,TRUE
"verify",16,30,181086,0.19194367585421,0.777772,0.797290007316633,FALSE
"verify",19,30,205659,0.543047064843575,0.927425,11.3362335871773,FALSE
"verify",22,30,230232,0.564957305218547,0.929502,14.9019498602773,FALSE
"verify",25,30,254805,9.86977761810611e-06,0.561192,-3.70109631830928e-09,TRUE
"verify",28,30,279378,0.0233905038211871,0.58884,0.00141063071751546,FALSE
"verify",31,30,303951,1.3512598093038e-05,0.557157,-1.53623602727748e-08,TRUE
"verify",34,30,328524,0.179590959220345,0.619758,1.22778287158111,FALSE
"verify",37,30,353097,8.19244285425095e-06,0.539512,-5.00421037941123e-09,TRUE
"verify",40,30,377670,0.0972137889140519,0.568059,1.15411299402373,FALSE
"verify",43,30,402243,0.229705046182477,0.633713,2.53626189580565,FALSE
"verify",46,30,426816,0.317214938911495,0.648098,11.8741071505264,FALSE
"verify",49,30,451389,0.273128892464237,0.641695,23.2276722654111,FALSE
"verify",1,31,58222,1.04087453574081e-05,0.761169,-1.06933839560952e-09,TRUE
"verify",4,31,82795,0.0592899895131989,0.776108,0.0100112534163372,FALSE
"verify",7,31,107368,1.01525817462111e-05,0.770148,-9.5394625532208e-10,TRUE
"verify",10,31,131941,0.21119169835894,0.80031,1.33045557785374,FALSE
"verify",13,31,156514,1.64795117064322e-05,0.780267,-1.32558852783404e-09,TRUE
"verify",16,31,181087,0.326721121507846,0.824147,7.82729092298769,FALSE
"verify",19,31,205660,0.564102587068174,0.869145,51.3637088823173,FALSE
"verify",22,31,230233,0.375561846564623,0.85203,9.15290200573031,FALSE
"verify",25,31,254806,0.0657382499117006,0.51912,0.0545587397120002,FALSE
"verify",28,31,279379,8.29551477526389e-06,0.705962,-6.02148020334425e-09,TRUE
"verify",31,31,303952,7.26944903210488e-06,0.551934,-1.59059823090502e-08,TRUE
"verify",34,31,328525,0.0492830242213443,0.525587,0.0212559759511564,FALSE
"verify",37,31,353098,0.169060198815573,0.641321,1.60687294854775,FALSE
"verify",40,31,377671,0.097866894614569,0.597458,0.814922747583125,FALSE
"verify",43,31,402244,0.293574490341668,0.671027,3.99161604900008,FALSE
"verify",46,31,426817,0.182357223780063,0.647574,1.55902745832169,FALSE
"verify",49,31,451390,0.319185931669933,0.658342,39.6889920575455,FALSE
"verify",1,32,58223,1.42773062548098e-05,0.709153,-1.10077280623955e-09,TRUE
"verify",4,32,82796,7.29182069544646e-06,0.813404,-9.58380041993223e-11,TRUE
"verify",7,32,107369,1.42871314461547e-05,0.808594,-1.54705048771575e-09,TRUE
"verify",10,32,131942,0.209584166372234,0.703258,5.5594660906969,FALSE
"verify",13,32,156515,1.95739821172222e-05,0.74421,-2.22075868805405e-09,TRUE
"verify",16,32,181088,0.328117998972086,0.763679,8.30894405576095,FALSE
"verify",19,32,205661,0.648876675045835,0.953689,24.3395121208057,FALSE
"verify",22,32,230234,0.433097570354359,0.889335,5.16373062432535,FALSE
"verify",25,32,254807,0.129353537202427,0.507987,0.694233697992054,FALSE
"verify",28,32,279380,7.58489859127297e-06,0.606557,-6.56957865885488e-09,TRUE
"verify",31,32,303953,0.113895391917715,0.544915,2.34117897999411,FALSE
"verify",34,32,328526,6.09138960794848e-06,0.61922,-2.69295696853078e-09,TRUE
"verify",37,32,353099,0.025487186389572,0.581661,0.00202574882233364,FALSE
"verify",40,32,377672,0.0260226147608638,0.617813,0.00534586327330544,FALSE
"verify",43,32,402245,0.38132511736157,0.770352,6.20063934181434,FALSE
"verify",46,32,426818,0.277952532987176,0.653653,8.84219450115751,FALSE
"verify",49,32,451391,0.331803216333852,0.683171,41.5119822272086,FALSE
"verify",1,33,58224,0.090066789570761,0.776915,0.0127400429705347,FALSE
"verify",4,33,82797,3.74560879650218e-06,0.810323,-2.82170731225051e-10,TRUE
"verify",7,33,107370,0.330011909961718,0.758679,13.9746541070892,FALSE
"verify",10,33,131943,2.30021968108939e-05,0.73507,-4.15951717513963e-09,TRUE
"verify",13,33,156516,0.325721963634302,0.798306,6.32168941351756,FALSE
"verify",16,33,181089,0.0579201856988264,0.733533,0.00669713070271882,FALSE
"verify",19,33,205662,0.249612965542049,0.882823,0.283149259817606,FALSE
"verify",22,33,230235,0.297878601845688,0.871906,1.18293392373624,FALSE
"verify",25,33,254808,5.47809153253221e-06,0.495408,-3.20505222362044e-09,TRUE
"verify",28,33,279381,0.112118445928238,0.613291,0.515092618791698,FALSE
"verify",31,33,303954,2.89024128244411e-05,0.57107,-1.96883149783389e-08,TRUE
"verify",34,33,328527,0.0534243414461652,0.542922,0.0222789386626943,FALSE
"verify",37,33,353100,0.116979365943685,0.522919,0.83145500320488,FALSE
"verify",40,33,377673,0.166965537478205,0.58777,5.72332799993717,FALSE
"verify",43,33,402246,1.36705948563568e-05,0.62214,-3.62191343583618e-09,TRUE
"verify",46,33,426819,0.301591849237322,0.718392,8.14479858707185,FALSE
"verify",49,33,451392,0.239122631508821,0.65826,14.8181766230845,FALSE
"verify",1,34,58225,1.7636267223104e-05,0.756442,-1.29256250147591e-09,TRUE
"verify",4,34,82798,1.3174313275861e-05,0.749492,-3.25792370858835e-09,TRUE
"verify",7,34,107371,3.25663924361166e-05,0.767737,-1.03671027318342e-09,TRUE
"verify",10,34,131944,8.8849931661875e-06,0.786738,-9.81231096375268e-10,TRUE
"verify",13,34,156517,0.539545910600243,0.857607,31.6147583011507,FALSE
"verify",16,34,181090,0.105999281927495,0.769351,0.0519064836322514,FALSE
"verify",19,34,205663,0.472315871293529,0.868111,14.7837846498715,FALSE
"verify",22,34,230236,0.597171383568031,0.926669,50.2078082548835,FALSE
"verify",25,34,254809,8.48715049780376e-06,0.70012,-3.60822838274544e-09,TRUE
"verify",28,34,279382,1.11649613968447e-05,0.537402,-7.02139857367001e-09,TRUE
"verify",31,34,303955,0.0440626357444519,0.596516,0.0373279872740966,FALSE
"verify",34,34,328528,0.191450646482157,0.623439,1.10927421693478,FALSE
"verify",37,34,353101,7.58407444035024e-06,0.569564,-7.59597185151506e-09,TRUE
"verify",40,34,377674,0.176178470439641,0.621813,7.26024165071166,FALSE
"verify",43,34,402247,0.36983214284236,0.750017,8.70962450467165,FALSE
"verify",46,34,426820,0.256897083459019,0.74587,5.67230479691162,FALSE
"verify",49,34,451393,0.380706771160214,0.697898,52.96294716652,FALSE
"verify",1,35,58226,0.143447746088505,0.670927,0.184561173009456,FALSE
"verify",4,35,82799,0.145362341602563,0.758888,0.40343391752333,FALSE
"verify",7,35,107372,2.47864174094853e-05,0.703334,-2.65009703070973e-09,TRUE
"verify",10,35,131945,0.240165973666916,0.798608,1.20555471982129,FALSE
"verify",13,35,156518,0.320006872616499,0.767235,5.40068716240876,FALSE
"verify",16,35,181091,0.435093509005878,0.829334,30.2098152314045,FALSE
"verify",19,35,205664,0.475423151075994,0.85891,24.6072421811162,FALSE
"verify",22,35,230237,0.577983233686642,0.925662,50.180611389797,FALSE
"verify",25,35,254810,0.108157219324762,0.574396,0.236960977030073,FALSE
"verify",28,35,279383,1.21151280752191e-05,0.639078,-7.27973770153767e-09,TRUE
"verify",31,35,303956,8.62205279302272e-06,0.580758,-1.88903470643709e-08,TRUE
"verify",34,35,328529,0.172119464001056,0.615979,1.57127473643802,FALSE
"verify",37,35,353102,1.35809025752083e-05,0.571272,-5.35118260813761e-09,TRUE
"verify",40,35,377675,0.073896267182478,0.575986,0.284834942462282,FALSE
"verify",43,35,402248,0.0946474614297134,0.593785,0.122958671867515,FALSE
"verify",46,35,426821,0.21059955166025,0.653325,3.18065006522394,FALSE
"verify",49,35,451394,0.370235816994151,0.685557,52.0316502174716,FALSE
"verify",1,36,58227,8.42529155853436e-06,0.772429,-2.23508322960697e-10,TRUE
"verify",4,36,82800,0.11813887824772,0.720515,0.387177570249492,FALSE
"verify",7,36,107373,0.208677282971506,0.773821,0.537088432993386,FALSE
"verify",10,36,131946,9.91310356611924e-06,0.792038,-3.09751158056315e-09,TRUE
"verify",13,36,156519,0.278457116704058,0.84307,1.947497703447,FALSE
"verify",16,36,181092,1.71478661370724e-05,0.802816,-2.29158558795461e-09,TRUE
"verify",19,36,205665,0.599349365920714,0.925079,23.7163172698617,FALSE
"verify",22,36,230238,0.167981018344136,0.914777,0.0674674255296281,FALSE
"verify",25,36,254811,0.132872491659875,0.56688,0.676529597743809,FALSE
"verify",28,36,279384,8.59118299730109e-06,0.512135,-4.29263735668428e-09,TRUE
"verify",31,36,303957,1.045672716645e-05,0.569378,-1.82575092821935e-08,TRUE
"verify",34,36,328530,1.4891111786563e-05,0.633425,-5.02986097217217e-09,TRUE
"verify",37,36,353103,0.140878500833801,0.634023,0.860484568134567,FALSE
"verify",40,36,377676,0.0530426796557032,0.558071,0.108453578685754,FALSE
"verify",43,36,402249,0.105508366683706,0.643232,0.16495424076669,FALSE
"verify",46,36,426822,0.458610062298389,0.76029,27.5990555146202,FALSE
"verify",49,36,451395,0.311069667932722,0.69689,29.0903514627406,FALSE
"verify",1,37,58228,0.0718130050203254,0.745481,0.025830028579918,FALSE
"verify",4,37,82801,0.0482813231287985,0.763656,0.00214520406706242,FALSE
"verify",7,37,107374,1.41317653472353e-05,0.77751,-1.55841917148791e-09,TRUE
"verify",10,37,131947,0.210454037789776,0.749099,3.58026647406541,FALSE
"verify",13,37,156520,0.378527578681017,0.831593,5.2250011268159,FALSE
"verify",16,37,181093,0.325658621892289,0.826986,9.59207153443197,FALSE
"verify",19,37,205666,5.76201941531899e-05,0.833854,-1.2383338798827e-09,TRUE
"verify",22,37,230239,0.310470110603926,0.831029,6.22641089520141,FALSE
"verify",25,37,254812,7.89048287093177e-06,0.625276,-4.53512427611713e-09,TRUE
"verify",28,37,279385,8.20797588371627e-06,0.572207,-7.73579245105793e-09,TRUE
"verify",31,37,303958,0.0706906881447619,0.578663,0.32233390056939,FALSE
"verify",34,37,328531,8.91598650730984e-06,0.640647,-4.8837733856999e-09,TRUE
"verify",37,37,353104,0.175177811737211,0.656615,2.31287073432533,FALSE
"verify",40,37,377677,1.25370833414559e-05,0.572437,-2.60522483586101e-08,TRUE
"verify",43,37,402250,0.147643898440942,0.645358,0.448390643155655,FALSE
"verify",46,37,426823,0.166682917035498,0.587662,1.86994465023619,FALSE
"verify",49,37,451396,0.302754992960654,0.655182,35.8063663455439,FALSE
"verify",1,38,58229,0.237213093651632,0.745101,2.41336611315592,FALSE
"verify",4,38,82802,0.185897427503406,0.798702,1.78868938811405,FALSE
"verify",7,38,107375,1.77800733945182e-05,0.699312,-1.75145942193922e-09,TRUE
"verify",10,38,131948,1.03842184313475e-05,0.786847,-7.69773578213062e-10,TRUE
"verify",13,38,156521,0.200453406830639,0.808774,0.591581391488376,FALSE
"verify",16,38,181094,0.225131234072674,0.872836,0.651847228145868,FALSE
"verify",19,38,205667,0.4673328989063,0.802719,42.285862904271,FALSE
"verify",22,38,230240,0.436987616373691,0.933679,7.27741936527445,FALSE
"verify",25,38,254813,7.92784433120674e-06,0.591857,-4.28657642714825e-09,TRUE
"verify",28,38,279386,1.7531028037995e-05,0.588165,-6.72316957661678e-09,TRUE
"verify",31,38,303959,2.21671814472714e-05,0.529552,-1.72669842868345e-08,TRUE
"verify",34,38,328532,8.49755011047847e-06,0.574163,-2.7142874614583e-09,TRUE
"verify",37,38,353105,0.0980272153596982,0.653259,0.239781126565504,FALSE
"verify",40,38,377678,0.141921585118565,0.565085,4.68150271097159,FALSE
"verify",43,38,402251,0.232775322471218,0.607346,2.4813636565956,FALSE
"verify",46,38,426824,0.134990809853724,0.568183,1.04476834780928,FALSE
"verify",49,38,451397,0.257953494719717,0.65447,23.2594155915238,FALSE
"verify",1,39,58230,0.307657111789387,0.719702,7.85369629079582,FALSE
"verify",4,39,82803,0.232305520498243,0.797466,3.51775404965849,FALSE
"verify",7,39,107376,0.332521802697925,0.789834,3.82324445311477,FALSE
"verify",10,39,131949,0.229692263459294,0.785991,2.5189466358994,FALSE
"verify",13,39,156522,0.396004022272856,0.786398,14.463750110364,FALSE
"verify",16,39,181095,1.49512018645734e-05,0.789414,-4.12796907767188e-10,TRUE
"verify",19,39,205668,0.472531251766092,0.811015,30.4987689480308,FALSE
"verify",22,39,230241,0.522261877843984,0.933319,11.1707139215226,FALSE
"verify",25,39,254814,0.0457037459362009,0.60115,0.00807290972281294,FALSE
"verify",28,39,279387,8.33655971887615e-06,0.559247,-5.23070298186212e-09,TRUE
"verify",31,39,303960,0.0703584309235481,0.55071,0.31000831810988,FALSE
"verify",34,39,328533,9.34873417940622e-06,0.544869,-2.81648482314267e-09,TRUE
"verify",37,39,353106,8.71883161781326e-06,0.609685,-6.25179552571353e-09,TRUE
"verify",40,39,377679,0.0832694102489031,0.59778,0.438837410797277,FALSE
"verify",43,39,402252,0.342505386914143,0.713241,6.30754832917416,FALSE
"verify",46,39,426825,0.137439393489724,0.659071,0.863177342058734,FALSE
"verify",49,39,451398,0.250046041217721,0.651821,21.9058531550092,FALSE
"verify",1,40,58231,1.23857945540284e-05,0.75363,-6.2328808780876e-10,TRUE
"verify",4,40,82804,0.160595025946716,0.753803,0.616995242710345,FALSE
"verify",7,40,107377,1.13618229389927e-05,0.647776,-3.91509047403815e-09,TRUE
"verify",10,40,131950,0.209788222003788,0.784542,1.45357564975109,FALSE
"verify",13,40,156523,5.12850059361858e-05,0.94646,-1.69893610291183e-09,TRUE
"verify",16,40,181096,0.227734892424912,0.814356,1.96235452216445,FALSE
"verify",19,40,205669,3.81915643895395e-05,0.801921,-5.3609028327628e-10,TRUE
"verify",22,40,230242,0.203095355702572,0.782883,0.770166097277411,FALSE
"verify",25,40,254815,1.92676713334934e-05,0.630452,-4.01247746140143e-09,TRUE
"verify",28,40,279388,1.53837384241518e-05,0.642801,-9.6099483926082e-09,TRUE
"verify",31,40,303961,0.0381572183975705,0.558728,0.0281208819911853,FALSE
"verify",34,40,328534,7.01725237338212e-06,0.64185,-3.90669896432883e-09,TRUE
"verify",37,40,353107,0.144219602377029,0.5433,1.99723288475737,FALSE
"verify",40,40,377680,0.16871242880087,0.587855,6.9659789326827,FALSE
"verify",43,40,402253,0.210824162140106,0.592964,4.1985418439962,FALSE
"verify",46,40,426826,0.262685774295997,0.623576,6.82258119581164,FALSE
"verify",49,40,451399,0.243116717598127,0.602515,19.8792714930127,FALSE
"verify",1,41,58232,1.2244832610134e-05,0.728364,-1.12100906335399e-09,TRUE
"verify",4,41,82805,0.100544165635414,0.769249,0.0984962058323617,FALSE
"verify",7,41,107378,0.262181413546213,0.77306,1.95338880979133,FALSE
"verify",10,41,131951,1.99443714368109e-05,0.736581,-2.6112729756278e-09,TRUE
"verify",13,41,156524,6.53312943708604e-05,0.85877,-1.40204292620183e-09,TRUE
"verify",16,41,181097,0.187533825199883,0.775502,0.844150021004168,FALSE
"verify",19,41,205670,0.000115033068065847,0.934649,-7.48343609302538e-10,TRUE
"verify",22,41,230243,0.467619300200008,0.863828,21.2277984405231,FALSE
"verify",25,41,254816,9.40525007202146e-06,0.601243,-3.62388874464159e-09,TRUE
"verify",28,41,279389,0.13607379901165,0.627041,0.956578467874394,FALSE
"verify",31,41,303962,8.8403002305287e-06,0.578284,-1.70421401435306e-08,TRUE
"verify",34,41,328535,0.135157226119616,0.603311,0.386220274626879,FALSE
"verify",37,41,353108,0.156015590897314,0.593943,1.58936440258944,FALSE
"verify",40,41,377681,0.129333992369864,0.575785,2.80709717066597,FALSE
"verify",43,41,402254,0.290324121036876,0.560105,5.75597188544121,FALSE
"verify",46,41,426827,0.293906114683315,0.70219,9.05595356022984,FALSE
"verify",49,41,451400,0.353619121076776,0.710131,43.5567708958385,FALSE
"verify",1,42,58233,0.255627134128452,0.694414,3.02249898126823,FALSE
"verify",4,42,82806,1.67480138227208e-06,0.761217,-1.48475010064431e-10,TRUE
"verify",7,42,107379,1.2156505221354e-05,0.77719,-1.21093535199179e-09,TRUE
"verify",10,42,131952,0.150783851246033,0.754735,0.268790294357188,FALSE
"verify",13,42,156525,0.393983780437583,0.931214,2.91418641255785,FALSE
"verify",16,42,181098,0.0776949108721487,0.863866,0.00574851455081671,FALSE
"verify",19,42,205671,0.626453059177469,0.962904,17.8738085978186,FALSE
"verify",22,42,230244,0.451594038862996,0.879899,10.2159231510736,FALSE
"verify",25,42,254817,0.0246479408557746,0.692088,0.000306170755443702,TRUE
"verify",28,42,279390,2.09287369741641e-05,0.624082,-5.64578783723846e-09,TRUE
"verify",31,42,303963,0.0467308413778467,0.547086,0.0730538642465319,FALSE
"verify",34,42,328536,6.86750758214479e-06,0.604105,-2.38699016108512e-09,TRUE
"verify",37,42,353109,0.184199698708027,0.596939,3.74702208958713,FALSE
"verify",40,42,377682,1.51973988349866e-05,0.59343,-2.2453207293438e-08,TRUE
"verify",43,42,402255,0.440675038767589,0.689038,13.1592948539604,FALSE
"verify",46,42,426828,0.25143427579271,0.59319,5.82055897811325,FALSE
"verify",49,42,451401,0.21662154664189,0.592958,12.5083651177997,FALSE
"verify",1,43,58234,0.256836192613106,0.795839,3.18943407365487,FALSE
"verify",4,43,82807,1.09241827050587e-05,0.735968,-1.35082700580824e-09,TRUE
"verify",7,43,107380,0.292357858431737,0.767317,5.11056373844343,FALSE
"verify",10,43,131953,1.29160723634858e-05,0.802442,-5.57122348254779e-10,TRUE
"verify",13,43,156526,0.364308213898988,0.866829,2.28415216802713,FALSE
"verify",16,43,181099,0.209599642924395,0.916426,0.20554612995187,FALSE
"verify",19,43,205672,0.492631057456698,0.996687,2.78225296567231,FALSE
"verify",22,43,230245,0.409641994185053,0.837295,11.671692111668,FALSE
"verify",25,43,254818,8.39048982440309e-06,0.63035,-3.48207862543859e-09,TRUE
"verify",28,43,279391,2.65752953811869e-05,0.716367,-7.171891525104e-09,TRUE
"verify",31,43,303964,9.2700246858806e-06,0.590265,-1.76674745944183e-08,TRUE
"verify",34,43,328537,0.141906471674976,0.600202,0.661195360414766,FALSE
"verify",37,43,353110,0.071339215976602,0.614661,0.0996033940826209,FALSE
"verify",40,43,377683,0.113473848735426,0.565116,2.08339902780659,FALSE
"verify",43,43,402256,0.332869394224001,0.661573,7.74292734599695,FALSE
"verify",46,43,426829,0.232654230672752,0.628461,5.59356774706248,FALSE
"verify",49,43,451402,0.344413722725279,0.666942,46.338841109614,FALSE
"verify",1,44,58235,2.36680238807662e-05,0.756623,-1.99349869944854e-09,TRUE
"verify",4,44,82808,5.97198688059284e-05,0.758087,-1.1623342288658e-09,TRUE
"verify",7,44,107381,3.6300671527489e-05,0.771872,-1.63913682627026e-09,TRUE
"verify",10,44,131954,0.15191403668565,0.762312,0.579384452895511,FALSE
"verify",13,44,156527,7.43574501118942e-06,0.799193,-2.23053575609811e-10,TRUE
"verify",16,44,181100,7.48142473134749e-06,0.853483,-3.33102434524335e-10,TRUE
"verify",19,44,205673,0.668034116620462,1.00004,37.9072518182665,FALSE
"verify",22,44,230246,0.16925478503117,0.81217,0.165015739773821,FALSE
"verify",25,44,254819,3.87928420559034e-06,0.541538,-1.86358306564216e-09,TRUE
"verify",28,44,279392,6.85492086037263e-06,0.496713,-3.99850819121639e-09,TRUE
"verify",31,44,303965,1.03126096870321e-05,0.553323,-2.51184530952742e-08,TRUE
"verify",34,44,328538,2.8190074363045e-05,0.579063,-3.58466678562763e-09,TRUE
"verify",37,44,353111,0.114301802422105,0.6061,0.476083553853897,FALSE
"verify",40,44,377684,0.0986447957309429,0.565061,1.01328357690861,FALSE
"verify",43,44,402257,0.410109085125418,0.688724,13.9246176216602,FALSE
"verify",46,44,426830,0.0854255967593642,0.545671,0.170504609915497,FALSE
"verify",49,44,451403,0.34045610973661,0.71348,36.1825993112904,FALSE
"verify",1,45,58236,0.300355697428183,0.809091,6.29551226455288,FALSE
"verify",4,45,82809,8.22628830391286e-06,0.745623,-3.80907749786275e-10,TRUE
"verify",7,45,107382,0.248562808016689,0.82433,0.478447297609335,FALSE
"verify",10,45,131955,8.7511065185792e-06,0.771516,-1.46530965139391e-09,TRUE
"verify",13,45,156528,0.237979289636196,0.821572,0.571775983717515,FALSE
"verify",16,45,181101,0.22611137363984,0.808969,0.640870602999541,FALSE
"verify",19,45,205674,0.391233566453592,0.857271,2.3929765350365,FALSE
"verify",22,45,230247,0.676703848741596,1.03331,42.8980797163108,FALSE
"verify",25,45,254820,7.96224459175689e-06,0.674386,-3.3423788181608e-09,TRUE
"verify",28,45,279393,7.61239416188199e-06,0.582838,-5.11197129071661e-09,TRUE
"verify",31,45,303966,0.122324145469821,0.579156,2.16626906599276,FALSE
"verify",34,45,328539,0.0736302138886391,0.592171,0.0565197880794273,FALSE
"verify",37,45,353112,1.45966243100863e-05,0.621823,-7.52640971768415e-09,TRUE
"verify",40,45,377685,0.0442986417111833,0.576445,0.0496313121930712,FALSE
"verify",43,45,402258,0.255270270786312,0.61603,3.24946000021965,FALSE
"verify",46,45,426831,0.171949447489246,0.579483,3.47999230778284,FALSE
"verify",49,45,451404,0.308800833461235,0.620732,42.5313343336215,FALSE
"verify",1,46,58237,2.7917646152402e-05,0.699892,-1.50140522237052e-09,TRUE
"verify",4,46,82810,2.9455505720565e-06,0.745537,-4.178559720458e-10,TRUE
"verify",7,46,107383,1.06551083913835e-05,0.79519,-7.92681476013968e-10,TRUE
"verify",10,46,131956,1.06090725570719e-05,0.814808,-2.13469775189878e-09,TRUE
"verify",13,46,156529,2.44283263346728e-05,0.831561,-1.62754076882266e-09,TRUE
"verify",16,46,181102,0.212410834798018,0.790053,0.576860624780466,FALSE
"verify",19,46,205675,0.541702330647114,0.986335,9.7196308239586,FALSE
"verify",22,46,230248,0.287600148446324,0.837965,3.93410687577142,FALSE
"verify",25,46,254821,8.10351028506251e-06,0.609725,-3.5306939594193e-09,TRUE
"verify",28,46,279394,9.07280647324792e-06,0.561276,-6.17693274307385e-09,TRUE
"verify",31,46,303967,0.0713827906400117,0.590314,0.247124277998182,FALSE
"verify",34,46,328540,5.79273426285895e-06,0.476044,-2.92159896275734e-09,TRUE
"verify",37,46,353113,8.08130352758752e-06,0.562853,-7.39873939892277e-09,TRUE
"verify",40,46,377686,0.108221349659679,0.579551,1.5090242081076,FALSE
"verify",43,46,402259,0.163891108862604,0.654996,0.605749544131726,FALSE
"verify",46,46,426832,0.241688023289978,0.588537,6.67537879493025,FALSE
"verify",49,46,451405,0.241177440101131,0.632979,15.9971114106726,FALSE
"verify",1,47,58238,8.22284447500236e-06,0.717765,-1.12169118438032e-09,TRUE
"verify",4,47,82811,4.74702485230851e-06,0.770211,-2.53351117862621e-10,TRUE
"verify",7,47,107384,0.300518237056974,0.776543,5.55726021011839,FALSE
"verify",10,47,131957,5.64385350272758e-06,0.799035,-7.86712917033583e-10,TRUE
"verify",13,47,156530,0.349242634085902,0.791859,6.01525984958573,FALSE
"verify",16,47,181103,3.00845152412733e-05,0.802045,-1.13345777208451e-09,TRUE
"verify",19,47,205676,5.68030138357704e-06,0.80533,-3.40151018463075e-10,TRUE
"verify",22,47,230249,0.403995181034595,0.87299,10.4573255779929,FALSE
"verify",25,47,254822,0.0722720699988371,0.5793,0.0421014324236921,FALSE
"verify",28,47,279395,2.81953613055229e-05,0.623051,-5.64286040116713e-09,TRUE
"verify",31,47,303968,1.73704849280851e-05,0.596865,-2.41722091232077e-08,TRUE
"verify",34,47,328541,0.0788826933264343,0.65144,0.057122151608155,FALSE
"verify",37,47,353114,2.40223258560239e-05,0.564603,-7.73650299379369e-09,TRUE
"verify",40,47,377687,2.54244231336558e-05,0.565614,-2.21145342038653e-08,TRUE
"verify",43,47,402260,0.249731079578867,0.604442,3.253752522879,FALSE
"verify",46,47,426833,0.330336134507779,0.741099,18.1827516985757,FALSE
"verify",49,47,451406,0.21932467832976,0.628362,13.0395896070345,FALSE
"verify",1,48,58239,0.108200015963799,0.737588,0.0617114636585825,FALSE
"verify",4,48,82812,0.0711919854385854,0.761166,0.0528409407986032,FALSE
"verify",7,48,107385,4.14113681661416e-05,0.69878,-2.02834371521021e-09,TRUE
"verify",10,48,131958,8.90973220630791e-06,0.783399,-8.24002199806273e-10,TRUE
"verify",13,48,156531,0.410767835165507,0.83928,10.7766541984276,FALSE
"verify",16,48,181104,0.471945961908129,0.859596,26.5303539092877,FALSE
"verify",19,48,205677,2.01707844719052e-05,0.780037,-7.40215000405442e-10,TRUE
"verify",22,48,230250,0.309187594074865,0.891647,0.685729720028064,FALSE
"verify",25,48,254823,8.75686510202245e-06,0.617048,-3.13885095692967e-09,TRUE
"verify",28,48,279396,0.0917961397213337,0.544557,0.327181388045659,FALSE
"verify",31,48,303969,0.060732750579709,0.590652,0.133488945053415,FALSE
"verify",34,48,328542,2.93607117937399e-05,0.597216,-3.68171271247775e-09,TRUE
"verify",37,48,353115,0.19263828968822,0.64291,2.06535595259462,FALSE
"verify",40,48,377688,0.0718243659746564,0.568964,0.2757490736183,FALSE
"verify",43,48,402261,0.170754911802399,0.635419,1.25647868902616,FALSE
"verify",46,48,426834,0.139496151853093,0.631142,0.930154419817697,FALSE
"verify",49,48,451407,0.142854494368162,0.68217,2.38890067537386,FALSE
"verify",1,49,58240,0.238795542520386,0.777917,0.917708734280154,FALSE
"verify",4,49,82813,3.84901611064356e-06,0.774646,-3.41401573678013e-10,TRUE
"verify",7,49,107386,1.43454429471784e-05,0.833646,-1.94108906725887e-09,TRUE
"verify",10,49,131959,2.0693296689293e-05,0.813155,-3.77167452825233e-09,TRUE
"verify",13,49,156532,5.40166762060125e-05,0.894604,-2.85240275843535e-09,TRUE
"verify",16,49,181105,0.158708939888244,0.788534,0.327473236315768,FALSE
"verify",19,49,205678,3.62042183114986e-05,0.90303,-1.0637108971423e-09,TRUE
"verify",22,49,230251,0.577835244865019,0.968533,21.0600533944021,FALSE
"verify",25,49,254824,0.0246667611788365,0.50728,0.000863677764286308,TRUE
"verify",28,49,279397,7.20402630924041e-06,0.493395,-3.87940701784828e-09,TRUE
"verify",31,49,303970,1.04525426197864e-05,0.567493,-2.22167670926865e-08,TRUE
"verify",34,49,328543,9.2070241590739e-06,0.578628,-3.86712883937435e-09,TRUE
"verify",37,49,353116,1.50918812734334e-05,0.602422,-7.78246089794266e-09,TRUE
"verify",40,49,377689,0.118085217666122,0.611498,1.72059692352826,FALSE
"verify",43,49,402262,0.186447788604973,0.585844,1.15061608628228,FALSE
"verify",46,49,426835,0.311961057499232,0.629722,14.990550737775,FALSE
"verify",49,49,451408,0.318723616344479,0.665972,35.1558426817747,FALSE
"verify",1,50,58241,0.117178288150466,0.731675,0.0918250664808511,FALSE
"verify",4,50,82814,0.164524623329315,0.81485,0.543976004525689,FALSE
"verify",7,50,107387,0.283174729856335,0.803627,2.22467397827637,FALSE
"verify",10,50,131960,1.44974592496457e-05,0.756281,-2.47263187702629e-09,TRUE
"verify",13,50,156533,1.51871338088826e-05,0.737061,-2.16994067159249e-09,TRUE
"verify",16,50,181106,0.379166788457507,0.846476,4.73604071114937,FALSE
"verify",19,50,205679,0.496012230651021,0.88595,15.4900422190105,FALSE
"verify",22,50,230252,0.430730400896101,0.880057,9.89783799803206,FALSE
"verify",25,50,254825,0.170724562090201,0.601982,0.926489363784846,FALSE
"verify",28,50,279398,8.22850171601994e-06,0.602793,-8.37057712033129e-09,TRUE
"verify",31,50,303971,1.15793713526719e-05,0.575696,-2.58948489317845e-08,TRUE
"verify",34,50,328544,0.00463854016772594,0.589874,1.05571044173303e-06,TRUE
"verify",37,50,353117,0.160809366348452,0.505806,3.1884367361789,FALSE
"verify",40,50,377690,0.0943363980715407,0.536954,1.0524772824763,FALSE
"verify",43,50,402263,0.298382002496879,0.659009,5.16355113601347,FALSE
"verify",46,50,426836,0.249837558235159,0.620805,5.73397585175958,FALSE
"verify",49,50,451409,0.245363525814799,0.62569,20.6405402679513,FALSE
"verify",1,51,58242,2.18637814942445e-06,0.796844,-6.30961949354969e-11,TRUE
"verify",4,51,82815,7.06678066912682e-06,0.771083,-3.23586846207036e-09,TRUE
"verify",7,51,107388,5.83493959718596e-06,0.854702,-2.38344455283368e-10,TRUE
"verify",10,51,131961,3.93788205756978e-06,0.780958,-4.22346602135804e-10,TRUE
"verify",13,51,156534,0.381674648686311,0.837915,4.01494643092076,FALSE
"verify",16,51,181107,0.332879259330292,0.800842,5.84398108788253,FALSE
"verify",19,51,205680,0.513934467383822,0.866694,39.8719348214054,FALSE
"verify",22,51,230253,0.346167632683558,0.933773,1.13912698103115,FALSE
"verify",25,51,254826,8.79605916055585e-06,0.601545,-4.42086189877955e-09,TRUE
"verify",28,51,279399,0.0711412582784867,0.605598,0.0708546749812626,FALSE
"verify",31,51,303972,1.39976393091366e-05,0.607435,-2.39447501826362e-08,TRUE
"verify",34,51,328545,1.23860470449371e-05,0.588926,-4.61942306628771e-09,TRUE
"verify",37,51,353118,3.32014396834618e-05,0.576137,-8.54502957281511e-09,TRUE
"verify",40,51,377691,4.73166132118851e-05,0.547034,-1.33057369566814e-08,TRUE
"verify",43,51,402264,0.254586998001053,0.627677,3.4766929152571,FALSE
"verify",46,51,426837,0.415010737758779,0.770899,18.2619504923292,FALSE
"verify",49,51,451410,0.263954030099614,0.613114,24.5526613912721,FALSE
"verify",1,52,58243,0.287045612330844,0.761053,6.05071996514334,FALSE
"verify",4,52,82816,1.70485062809884e-05,0.780673,-2.68414623860735e-09,TRUE
"verify",7,52,107389,2.66532843624127e-05,0.763795,-1.79289827428875e-09,TRUE
"verify",10,52,131962,0.12318425901555,0.80347,0.126794192582452,FALSE
"verify",13,52,156535,0.300435616408487,0.841117,4.8241703856782,FALSE
"verify",16,52,181108,0.276567432266182,0.846814,1.77640586287112,FALSE
"verify",19,52,205681,0.154337097773426,0.855794,0.0806491488472432,FALSE
"verify",22,52,230254,0.507806894538396,0.943487,10.2926882545584,FALSE
"verify",25,52,254827,6.54827859430081e-06,0.590505,-3.10190984009751e-09,TRUE
"verify",28,52,279400,0.128945633737517,0.535954,0.997557205102396,FALSE
"verify",31,52,303973,0.0449114099621083,0.570126,0.0454178639862448,FALSE
"verify",34,52,328546,7.08875349478994e-06,0.652871,-3.2734845945015e-09,TRUE
"verify",37,52,353119,0.0416507345558605,0.511561,0.0134170462499981,FALSE
"verify",40,52,377692,0.0624672641803489,0.570114,0.168571863334307,FALSE
"verify",43,52,402265,0.0542323610352649,0.537822,0.0183823120603819,FALSE
"verify",46,52,426838,0.400999485116239,0.615569,35.416254532791,FALSE
"verify",49,52,451411,0.263640201478897,0.659416,19.2071402655344,FALSE
"verify",1,53,58244,3.05033818450934e-05,0.741416,-3.72904196410673e-09,TRUE
"verify",4,53,82817,0.151106370756412,0.709757,0.707339067426119,FALSE
"verify",7,53,107390,1.93736988940907e-05,0.730297,-1.63464619618026e-09,TRUE
"verify",10,53,131963,0.311322440508882,0.761559,11.6990968870871,FALSE
"verify",13,53,156536,0.471389970882237,0.903379,4.58124984780267,FALSE
"verify",16,53,181109,0.167324482554916,0.777604,0.599807999284394,FALSE
"verify",19,53,205682,0.472574163930355,0.848191,28.9365118512493,FALSE
"verify",22,53,230255,2.68488695987354e-05,0.925769,-2.55755594480434e-09,TRUE
"verify",25,53,254828,0.142988971553256,0.527039,0.881221304661558,FALSE
"verify",28,53,279401,0.0826839694973875,0.614608,0.140337411515503,FALSE
"verify",31,53,303974,1.54522684483123e-05,0.58309,-1.68377312093071e-08,TRUE
"verify",34,53,328547,1.40410244487981e-05,0.632516,-4.73609418349952e-09,TRUE
"verify",37,53,353120,9.6489692625405e-06,0.509686,-3.81155729201055e-09,TRUE
"verify",40,53,377693,0.0821252650518177,0.584203,0.568597223845217,FALSE
"verify",43,53,402266,0.199065357377966,0.607844,1.90965757834552,FALSE
"verify",46,53,426839,0.412568101273481,0.772929,18.6301020829201,FALSE
"verify",49,53,451412,0.330379121551564,0.653939,42.7292934047138,FALSE
"verify",1,54,58245,0.26288671656695,0.782101,2.61512188794646,FALSE
"verify",4,54,82818,1.91287525395545e-05,0.817017,-4.14024725614581e-09,TRUE
"verify",7,54,107391,0.326549566096118,0.777228,6.55847973509208,FALSE
"verify",10,54,131964,0.119385296004112,0.761025,0.228660274797789,FALSE
"verify",13,54,156537,0.227978072989054,0.731473,1.5780520307996,FALSE
"verify",16,54,181110,0.433572509220697,0.834775,19.87922508209,FALSE
"verify",19,54,205683,0.419618303060546,0.807799,5.51955252490754,FALSE
"verify",22,54,230256,0.0915568052663914,0.958342,0.00205256336801085,FALSE
"verify",25,54,254829,9.39329562786624e-06,0.608341,-4.1347689716531e-09,TRUE
"verify",28,54,279402,8.42656865665358e-06,0.555964,-5.57851365101669e-09,TRUE
"verify",31,54,303975,0.000110996961257982,0.576026,-2.7018728587791e-08,TRUE
"verify",34,54,328548,5.53997132640273e-06,0.574097,-2.84119039406505e-09,TRUE
"verify",37,54,353121,0.0923102616303855,0.498308,0.430652824065376,FALSE
"verify",40,54,377694,0.140204349177637,0.587433,3.39602364379601,FALSE
"verify",43,54,402267,0.0997174851317057,0.598377,0.17879785019926,FALSE
"verify",46,54,426840,0.338055400417699,0.671289,14.8409905575082,FALSE
"verify",49,54,451413,0.343722865289186,0.680762,40.842413937888,FALSE
"verify",1,55,58246,1.42273011180228e-05,0.732392,-2.76099854090717e-09,TRUE
"verify",4,55,82819,2.15916960340868e-05,0.703383,-2.71847966359928e-09,TRUE
"verify",7,55,107392,5.04583725842442e-05,0.731225,-1.98258476302726e-09,TRUE
"verify",10,55,131965,1.1138360409907e-05,0.834292,-2.78919287666213e-09,TRUE
"verify",13,55,156538,0.194573437056241,0.821602,0.12224980411105,FALSE
"verify",16,55,181111,0.234847086330268,0.845855,0.521850994907027,FALSE
"verify",19,55,205684,0.470092834980232,0.886631,13.1905619103324,FALSE
"verify",22,55,230257,0.440129575324533,0.892864,9.46037834804554,FALSE
"verify",25,55,254830,0.0655669586144391,0.693334,0.0228672431735006,FALSE
"verify",28,55,279403,8.42837653691196e-06,0.601103,-5.30589261416026e-09,TRUE
"verify",31,55,303976,0.0785173233102267,0.564375,0.458348045915301,FALSE
"verify",34,55,328549,0.206806688145705,0.594705,1.96062327456537,FALSE
"verify",37,55,353122,0.183995536354967,0.608939,3.50643637660444,FALSE
"verify",40,55,377695,0.111981081093237,0.604279,1.09870501051338,FALSE
"verify",43,55,402268,0.196623266757271,0.621513,1.21631455142722,FALSE
"verify",46,55,426841,0.23343965015386,0.589206,7.10679931585,FALSE
"verify",49,55,451414,0.262412170350576,0.588931,23.5709824245195,FALSE
"verify",1,56,58247,5.60707757152987e-05,0.732055,-1.30683019960998e-09,TRUE
"verify",4,56,82820,0.0964096557777573,0.746318,0.116655121103577,FALSE
"verify",7,56,107393,6.04676994653573e-06,0.715278,-4.77314188174205e-10,TRUE
"verify",10,56,131966,1.25520039001645e-05,0.724397,-2.77577782981098e-09,TRUE
"verify",13,56,156539,0.00010391112740223,0.812221,-8.24741164251463e-10,TRUE
"verify",16,56,181112,0.246900895855647,0.721864,7.89506151539479,FALSE
"verify",19,56,205685,4.93573421411448e-05,0.822907,-1.01101704785833e-09,TRUE
"verify",22,56,230258,0.533486559643181,0.896304,29.8936588918692,FALSE
"verify",25,56,254831,9.00500814110359e-06,0.649652,-3.37550432050193e-09,TRUE
"verify",28,56,279404,8.90753538468415e-06,0.607666,-8.49944115088874e-09,TRUE
"verify",31,56,303977,1.30220287012418e-05,0.591334,-1.76857781752915e-08,TRUE
"verify",34,56,328550,0.204058442056851,0.589709,3.1913223009888,FALSE
"verify",37,56,353123,1.497112183757e-05,0.544959,-5.85701087629786e-09,TRUE
"verify",40,56,377696,0.072118545818897,0.593932,0.284294145715307,FALSE
"verify",43,56,402269,0.431611807877564,0.70801,13.0260503792853,FALSE
"verify",46,56,426842,0.39823058779943,0.721982,19.2807402092647,FALSE
"verify",49,56,451415,0.242240519981814,0.615298,19.8254969902739,FALSE
"verify",1,57,58248,5.96992993429316e-06,0.75149,-5.47970557818189e-10,TRUE
"verify",4,57,82821,0.216340882653862,0.775246,2.49719300886352,FALSE
"verify",7,57,107394,0.335548601048941,0.841729,6.41917301549302,FALSE
"verify",10,57,131967,0.128766221384987,0.732324,0.377601264088582,FALSE
"verify",13,57,156540,4.66317479495776e-05,0.934947,-1.78459913513507e-09,TRUE
"verify",16,57,181113,0.322744283530328,0.829286,5.75171443017604,FALSE
"verify",19,57,205686,0.585155331846873,0.908926,28.1750853591153,FALSE
"verify",22,57,230259,0.56884648020776,0.935738,33.5297599777618,FALSE
"verify",25,57,254832,0.0726564004917064,0.559307,0.0830674401855127,FALSE
"verify",28,57,279405,0.0680077932625417,0.561805,0.10887645298827,FALSE
"verify",31,57,303978,1.40321739238382e-05,0.591823,-1.83151769306278e-08,TRUE
"verify",34,57,328551,0.2314561253481,0.612727,2.50063195937486,FALSE
"verify",37,57,353124,1.21051801600074e-05,0.630916,-6.11551342899475e-09,TRUE
"verify",40,57,377697,0.0678214123123896,0.560093,0.284802299439264,FALSE
"verify",43,57,402270,0.0969321971625732,0.557531,0.140896305168795,FALSE
"verify",46,57,426843,0.3102176940638,0.69581,9.85636048106821,FALSE
"verify",49,57,451416,0.311269609769498,0.671842,33.5128502264783,FALSE
"verify",1,58,58249,3.09790608417435e-06,0.809247,-5.74686964682769e-11,TRUE
"verify",4,58,82822,0.164485949776655,0.797097,0.879862118227379,FALSE
"verify",7,58,107395,0.271467433545017,0.773234,3.13925618894831,FALSE
"verify",10,58,131968,0.245110248170475,0.829668,2.37628531109215,FALSE
"verify",13,58,156541,2.8339070052674e-05,0.870353,-9.50933554122457e-10,TRUE
"verify",16,58,181114,0.305160460233829,0.764648,7.81191918734152,FALSE
"verify",19,58,205687,0.395052917640232,0.763662,11.7094832423302,FALSE
"verify",22,58,230260,0.507251203802615,0.893482,58.5962343712967,FALSE
"verify",25,58,254833,7.19879169724123e-06,0.602028,-3.66783581284835e-09,TRUE
"verify",28,58,279406,1.34624811459201e-05,0.567304,-7.0305503641066e-09,TRUE
"verify",31,58,303979,1.08299297334394e-05,0.578376,-1.90644016129227e-08,TRUE
"verify",34,58,328552,8.3182294752515e-06,0.586262,-2.55352006206522e-09,TRUE
"verify",37,58,353125,0.17496653483067,0.525778,2.75470123551266,FALSE
"verify",40,58,377698,0.0478023427591571,0.623765,0.0565693684418704,FALSE
"verify",43,58,402271,7.03600374600149e-06,0.569322,-3.03145242241953e-09,TRUE
"verify",46,58,426844,0.2984200901247,0.657766,10.4020860310105,FALSE
"verify",49,58,451417,0.232374064724336,0.634872,13.894195473274,FALSE
"verify",1,59,58250,9.22914772655969e-06,0.776622,-3.49871243088273e-10,TRUE
"verify",4,59,82823,0.10997680113029,0.807671,0.0536430338623859,FALSE
"verify",7,59,107396,1.19096766255814e-05,0.847196,-5.8321347751189e-10,TRUE
"verify",10,59,131969,0.380934077223471,0.88873,8.1719178448156,FALSE
"verify",13,59,156542,2.23725044850662e-05,0.829921,-3.63399976777146e-10,TRUE
"verify",16,59,181115,0.390738158479126,0.859672,14.0217005454367,FALSE
"verify",19,59,205688,4.43241131221264e-05,1.02846,-1.00550323622883e-09,TRUE
"verify",22,59,230261,0.533695103280183,0.938151,23.666160454254,FALSE
"verify",25,59,254834,1.03144773169943e-05,0.644587,-4.64245175635369e-09,TRUE
"verify",28,59,279407,0.0412391699109765,0.642933,0.00789019409910452,FALSE
"verify",31,59,303980,0.0525570362164386,0.568826,0.0788197632654715,FALSE
"verify",34,59,328553,5.29316139347502e-06,0.591216,-2.31870700417858e-09,TRUE
"verify",37,59,353126,0.137779299173905,0.604267,0.91595393631431,FALSE
"verify",40,59,377699,1.36917262280666e-05,0.58319,-2.62982666754397e-08,TRUE
"verify",43,59,402272,0.228196287132323,0.60887,2.65897404477629,FALSE
"verify",46,59,426845,0.12693654900588,0.71631,0.481866987297735,FALSE
"verify",49,59,451418,0.223848860899919,0.609848,14.0421800067523,FALSE
"verify",1,60,58251,0.342637239099572,0.861299,4.32042371882312,FALSE
"verify",4,60,82824,7.58894939983273e-06,0.743711,-3.47199602401815e-10,TRUE
"verify",7,60,107397,7.84389926202621e-06,0.833806,-1.17097442853265e-10,TRUE
"verify",10,60,131970,7.83447130619515e-06,0.748279,-6.48299192107515e-10,TRUE
"verify",13,60,156543,0.404150969994789,0.830579,5.82585896615191,FALSE
"verify",16,60,181116,0.277770897886776,0.82808,2.57382801862855,FALSE
"verify",19,60,205689,0.438144723887188,0.829401,17.400376330244,FALSE
"verify",22,60,230262,0.420522406179397,0.91259,9.79874527540119,FALSE
"verify",25,60,254835,5.74674281017414e-06,0.650622,-2.80325451740282e-09,TRUE
"verify",28,60,279408,0.122651627369829,0.586188,0.894597620550428,FALSE
"verify",31,60,303981,0.0320099309174448,0.607628,0.0104443911079954,FALSE
"verify",34,60,328554,0.193278906385543,0.688229,1.46691316524933,FALSE
"verify",37,60,353127,1.0556249037863e-05,0.63712,-1.09460387420768e-08,TRUE
"verify",40,60,377700,2.05601692344182e-05,0.606376,-2.97895610401611e-08,TRUE
"verify",43,60,402273,0.0852064845418021,0.643576,0.0991647755061678,FALSE
"verify",46,60,426846,0.323593632375724,0.624204,12.9150205178338,FALSE
"verify",49,60,451419,0.273937367418923,0.64198,24.018909769024,FALSE
"verify",1,61,58252,0.195566594024115,0.661049,1.5284526320149,FALSE
"verify",4,61,82825,8.76071593327159e-06,0.789479,-1.59525370690972e-09,TRUE
"verify",7,61,107398,1.14436866246215e-05,0.746368,-1.31444721773732e-09,TRUE
"verify",10,61,131971,5.91265307956135e-06,0.789832,-8.98751295608236e-10,TRUE
"verify",13,61,156544,1.53645731767957e-05,0.799121,-6.52448761684354e-10,TRUE
"verify",16,61,181117,0.227487439901562,0.799792,2.76580073206912,FALSE
"verify",19,61,205690,3.84366429348245e-05,0.851911,-1.87378645932768e-09,TRUE
"verify",22,61,230263,0.376840615502263,0.794291,11.970775467448,FALSE
"verify",25,61,254836,8.28799893957664e-06,0.593429,-4.4240877627999e-09,TRUE
"verify",28,61,279409,0.115905646662745,0.576767,0.655304038971721,FALSE
"verify",31,61,303982,6.15943916589759e-05,0.620486,-1.86979036698176e-08,TRUE
"verify",34,61,328555,1.5533738261455e-05,0.58,-3.00512681405962e-09,TRUE
"verify",37,61,353128,0.182150160680498,0.52623,3.91834918098255,FALSE
"verify",40,61,377701,0.125050350430784,0.564514,2.5707176780374,FALSE
"verify",43,61,402274,0.278244230603606,0.7172,3.47881129232461,FALSE
"verify",46,61,426847,0.217181033844414,0.644173,4.77318903745341,FALSE
"verify",49,61,451420,0.233985053184595,0.64986,12.6816848843103,FALSE
"verify",1,62,58253,0.0273728219944317,0.665974,0.000304291885328212,TRUE
"verify",4,62,82826,1.23856888728992e-05,0.707549,-2.46404852077831e-09,TRUE
"verify",7,62,107399,1.25874582894354e-05,0.80521,-6.7041128204437e-10,TRUE
"verify",10,62,131972,1.24189596446338e-05,0.868257,-2.1387336346379e-09,TRUE
"verify",13,62,156545,0.350447224434202,0.739152,8.74351355206846,FALSE
"verify",16,62,181118,0.422182405022582,0.88498,16.1073632703187,FALSE
"verify",19,62,205691,0.558510466873771,0.915465,28.842895762277,FALSE
"verify",22,62,230264,0.27850095639525,0.815749,2.46003892118773,FALSE
"verify",25,62,254837,6.98456655789972e-06,0.497396,-2.2272352850905e-09,TRUE
"verify",28,62,279410,6.24299753350552e-06,0.570896,-5.59452928428072e-09,TRUE
"verify",31,62,303983,1.23848963969399e-05,0.572216,-1.77614083440858e-08,TRUE
"verify",34,62,328556,0.231805369045249,0.56654,4.15677172880286,FALSE
"verify",37,62,353129,0.178075590411774,0.60875,2.00131276104048,FALSE
"verify",40,62,377702,0.0897344208794313,0.590404,0.658741658862567,FALSE
"verify",43,62,402275,0.259104266016618,0.589471,4.72281011279834,FALSE
"verify",46,62,426848,0.286763566363685,0.667163,7.78309634177785,FALSE
"verify",49,62,451421,0.229883502033532,0.604254,15.1055233237922,FALSE
"verify",1,63,58254,1.0758583811816e-05,0.758421,-1.40022393679828e-09,TRUE
"verify",4,63,82827,6.59592694405479e-06,0.728534,-1.63572622113861e-09,TRUE
"verify",7,63,107400,0.180510951840799,0.728948,0.559029138592621,FALSE
"verify",10,63,131973,7.05878597297729e-06,0.745561,-5.31997557118302e-10,TRUE
"verify",13,63,156546,1.14190505323481e-05,0.756362,-9.60369561653351e-10,TRUE
"verify",16,63,181119,0.257410298931605,0.830519,1.83030122939772,FALSE
"verify",19,63,205692,0.505331981000144,0.870004,12.6962342563621,FALSE
"verify",22,63,230265,0.439920757258942,0.854621,17.181446593392,FALSE
"verify",25,63,254838,7.79544013718855e-06,0.616384,-3.21915649692528e-09,TRUE
"verify",28,63,279411,2.83410159559309e-05,0.639411,-9.0011127440448e-09,TRUE
"verify",31,63,303984,0.0667569086627677,0.581574,0.237519410693608,FALSE
"verify",34,63,328557,8.62814513387872e-06,0.562673,-4.02172872782103e-09,TRUE
"verify",37,63,353130,0.0710348050897104,0.533451,0.0842928557195535,FALSE
"verify",40,63,377703,0.103071458062388,0.579631,1.03132808191472,FALSE
"verify",43,63,402276,0.351854165966885,0.697653,10.6863035732618,FALSE
"verify",46,63,426849,0.382693788786579,0.686066,19.4701282568888,FALSE
"verify",49,63,451422,0.311462493269163,0.658153,33.0158057946459,FALSE
"verify",1,64,58255,8.88076648787632e-06,0.760945,-7.93022536527133e-10,TRUE
"verify",4,64,82828,0.18690624960075,0.838123,0.587718608959563,FALSE
"verify",7,64,107401,0.171441685216835,0.668677,1.25308505492018,FALSE
"verify",10,64,131974,0.0581010708043741,0.83421,0.00825414555015413,FALSE
"verify",13,64,156547,0.425451914602158,0.8177,16.9196307691443,FALSE
"verify",16,64,181120,0.252819426565817,0.763589,2.80291115463592,FALSE
"verify",19,64,205693,0.646214643825715,0.968671,38.8864416637297,FALSE
"verify",22,64,230266,0.480564716002434,0.879485,18.1737804492628,FALSE
"verify",25,64,254839,0.0841304386221417,0.568965,0.100483206550265,FALSE
"verify",28,64,279412,1.35063831386976e-05,0.500821,-5.15755971264298e-09,TRUE
"verify",31,64,303985,3.53652646798454e-05,0.585399,-2.94808160106186e-08,TRUE
"verify",34,64,328558,1.38082279544349e-05,0.561909,-2.92692448056187e-09,TRUE
"verify",37,64,353131,4.90868276930085e-05,0.483681,-3.57933771510943e-09,TRUE
"verify",40,64,377704,0.147834590985117,0.599659,3.40788607748439,FALSE
"verify",43,64,402277,0.160245058041826,0.63655,0.774809126072839,FALSE
"verify",46,64,426850,0.251670393200513,0.614813,6.19521362889495,FALSE
"verify",49,64,451423,0.261665644079515,0.627992,23.5051565392074,FALSE
"verify",1,65,58256,2.97122337510131e-06,0.763173,-2.7222313292441e-10,TRUE
"verify",4,65,82829,1.2324324970241e-05,0.722825,-4.52473614132032e-10,TRUE
"verify",7,65,107402,1.53892474354455e-05,0.786941,-1.3690168998437e-09,TRUE
"verify",10,65,131975,7.97492945376713e-06,0.745127,-4.55258941656211e-10,TRUE
"verify",13,65,156548,0.203043150828086,0.967239,0.0930714181687904,FALSE
"verify",16,65,181121,1.24357396075278e-05,0.814995,-1.20257936941925e-09,TRUE
"verify",19,65,205694,0.509910996416559,1.04475,4.95200408981009,FALSE
"verify",22,65,230267,0.516491613628903,0.891729,30.4112441310216,FALSE
"verify",25,65,254840,9.37051155441705e-06,0.667622,-4.90879870085337e-09,TRUE
"verify",28,65,279413,0.0949035004231334,0.58837,0.297171603573872,FALSE
"verify",31,65,303986,0.0985465906328275,0.565347,1.16266392888241,FALSE
"verify",34,65,328559,0.159966960757342,0.58528,0.869262090449787,FALSE
"verify",37,65,353132,0.109035254242733,0.621312,0.480198862147219,FALSE
"verify",40,65,377705,0.0741948970317256,0.597183,0.296134442760263,FALSE
"verify",43,65,402278,1.09575458615484e-05,0.592617,-4.43650804982099e-09,TRUE
"verify",46,65,426851,0.312884251960452,0.637916,11.8943772699141,FALSE
"verify",49,65,451424,0.260065458011963,0.614571,26.5526705127231,FALSE
"verify",1,66,58257,1.29900477450494e-05,0.791843,-4.08135747420602e-10,TRUE
"verify",4,66,82830,0.0540118627069892,0.771258,0.00523986998121018,FALSE
"verify",7,66,107403,5.55540304883508e-06,0.80352,-2.24304130824748e-10,TRUE
"verify",10,66,131976,2.47888091243593e-05,0.771559,-5.92478954786202e-10,TRUE
"verify",13,66,156549,2.25843194736475e-05,0.842287,-1.24572352433461e-09,TRUE
"verify",16,66,181122,0.257173746281908,0.783695,2.49216585758126,FALSE
"verify",19,66,205695,0.688593874064842,1.00207,45.3641616593511,FALSE
"verify",22,66,230268,0.513210359652559,0.877106,42.2819451431388,FALSE
"verify",25,66,254841,7.20841283802946e-06,0.625511,-3.42652128892951e-09,TRUE
"verify",28,66,279414,0.11902515323117,0.605479,0.518757905205405,FALSE
"verify",31,66,303987,9.49694906728632e-06,0.590798,-1.86908266641694e-08,TRUE
"verify",34,66,328560,0.167466641343936,0.618505,1.00564982552732,FALSE
"verify",37,66,353133,1.15329135365423e-05,0.58367,-8.91078855147498e-09,TRUE
"verify",40,66,377706,0.116948239427784,0.629591,1.41345477511032,FALSE
"verify",43,66,402279,0.187920989094318,0.622145,1.1211911246377,FALSE
"verify",46,66,426852,0.235466131344977,0.558096,7.09025784957896,FALSE
"verify",49,66,451425,0.23628960638917,0.643497,14.4915461490671,FALSE
"verify",1,67,58258,0.352326974935763,0.789466,7.82077881713366,FALSE
"verify",4,67,82831,0.258042967609143,0.806123,1.81753248997762,FALSE
"verify",7,67,107404,7.27292042450483e-06,0.7848,-5.09601250087144e-10,TRUE
"verify",10,67,131977,0.141037281306888,0.766933,0.309939220173987,FALSE
"verify",13,67,156550,2.1160170675528e-05,0.781889,-1.74850356415845e-09,TRUE
"verify",16,67,181123,0.0977972878045492,0.767329,0.0549971840954413,FALSE
"verify",19,67,205696,0.575283997741044,0.872385,26.4887432227264,FALSE
"verify",22,67,230269,0.32727537538343,0.815575,6.46798786056746,FALSE
"verify",25,67,254842,7.47662197333744e-06,0.588712,-2.8476847546699e-09,TRUE
"verify",28,67,279415,7.75159000961147e-06,0.618396,-6.9778280931132e-09,TRUE
"verify",31,67,303988,2.25980471298019e-05,0.610733,-2.93183006760955e-08,TRUE
"verify",34,67,328561,0.163177310366356,0.588787,0.976322628949767,FALSE
"verify",37,67,353134,5.74867626808813e-06,0.537521,-4.79454342894314e-09,TRUE
"verify",40,67,377707,0.0270348051531026,0.610564,0.00538064610074684,FALSE
"verify",43,67,402280,0.394357700457842,0.731219,10.5970115977279,FALSE
"verify",46,67,426853,0.321783042447211,0.586804,16.8656827826542,FALSE
"verify",49,67,451426,0.25181060599779,0.584446,21.7252347240338,FALSE
"verify",1,68,58259,2.1348362564075e-05,0.832991,-1.53045220940839e-09,TRUE
"verify",4,68,82832,4.08910203763361e-06,0.747536,-5.20344656251837e-10,TRUE
"verify",7,68,107405,0.172487167681377,0.771986,0.495160508052038,FALSE
"verify",10,68,131978,0.0828716254370309,0.758193,0.0343082919857807,FALSE
"verify",13,68,156551,0.232045192315064,0.862482,0.251642982355065,FALSE
"verify",16,68,181124,1.09386152069026e-05,0.797929,-1.61759317052201e-09,TRUE
"verify",19,68,205697,3.92848261144721e-05,0.913833,-8.46227976580849e-10,TRUE
"verify",22,68,230270,0.57664102395268,0.963183,26.0312988506646,FALSE
"verify",25,68,254843,0.0701123656967483,0.502644,0.102203757800137,FALSE
"verify",28,68,279416,0.0977481473611944,0.559669,0.402297836947369,FALSE
"verify",31,68,303989,9.52264032472287e-06,0.614092,-2.41449811255734e-08,TRUE
"verify",34,68,328562,2.33338890956187e-05,0.603624,-3.95083077364689e-09,TRUE
"verify",37,68,353135,1.04780570601226e-05,0.550123,-4.47293757588341e-09,TRUE
"verify",40,68,377708,0.123661441351176,0.56483,1.8936155932137,FALSE
"verify",43,68,402281,0.161878196022116,0.674486,0.53996862216195,FALSE
"verify",46,68,426854,0.200996551457499,0.647552,2.55186898274992,FALSE
"verify",49,68,451427,0.321757459212742,0.65424,40.9872432186086,FALSE
"verify",1,69,58260,4.98986471095426e-06,0.813773,-1.16017417894909e-10,TRUE
"verify",4,69,82833,0.0772509331916484,0.803794,0.0304366188651102,FALSE
"verify",7,69,107406,0.410593253518555,0.83676,14.222764755925,FALSE
"verify",10,69,131979,0.326521932263483,0.777157,10.2775276214658,FALSE
"verify",13,69,156552,0.221730995593889,0.820645,0.334471847935475,FALSE
"verify",16,69,181125,0.135142435506009,0.861449,0.0436689483439636,FALSE
"verify",19,69,205698,0.503212492260329,0.920623,8.94023551103126,FALSE
"verify",22,69,230271,0.422175112129708,0.946767,2.44031652991163,FALSE
"verify",25,69,254844,2.85070674381962e-05,0.503419,-3.67742458706743e-09,TRUE
"verify",28,69,279417,6.14974916744009e-06,0.589049,-5.28184784798214e-09,TRUE
"verify",31,69,303990,1.56996910599726e-05,0.604381,-2.47074467552011e-08,TRUE
"verify",34,69,328563,8.87782388805662e-06,0.67245,-4.14712530982797e-09,TRUE
"verify",37,69,353136,0.100578066037775,0.496212,0.46173315684797,FALSE
"verify",40,69,377709,0.145491744142831,0.570611,4.00842399139901,FALSE
"verify",43,69,402282,1.11303418654854e-05,0.580755,-2.9413484980978e-09,TRUE
"verify",46,69,426855,0.2124326365477,0.581956,4.42924425148023,FALSE
"verify",49,69,451428,0.23776173668392,0.626159,17.0237639672553,FALSE
"verify",1,70,58261,3.24114712440494e-05,0.802345,-7.77959030529018e-10,TRUE
"verify",4,70,82834,1.88024973452888e-05,0.748257,-4.40934400103288e-10,TRUE
"verify",7,70,107407,5.65763811569909e-06,0.812205,-2.51020537689328e-10,TRUE
"verify",10,70,131980,6.16970149268991e-06,0.752779,-5.59396085009212e-10,TRUE
"verify",13,70,156553,0.0263804381555577,0.742765,9.29719566897802e-05,TRUE
"verify",16,70,181126,0.367688750639398,0.893989,2.69739236735074,FALSE
"verify",19,70,205699,0.617611466469571,1.00503,22.7911086907126,FALSE
"verify",22,70,230272,0.493321097048665,0.908395,18.9445513687521,FALSE
"verify",25,70,254845,0.0300264924792393,0.660752,0.00127523356011494,FALSE
"verify",28,70,279418,5.7532420339099e-06,0.564091,-4.79973039091419e-09,TRUE
"verify",31,70,303991,9.85484790443636e-06,0.581901,-2.36054802371655e-08,TRUE
"verify",34,70,328564,5.60895742351306e-06,0.619783,-2.34937402865398e-09,TRUE
"verify",37,70,353137,0.120626630947263,0.564841,0.583324914134991,FALSE
"verify",40,70,377710,0.0220623384193715,0.596105,0.00242121280911078,FALSE
"verify",43,70,402283,0.221185091047769,0.559469,2.47256099362288,FALSE
"verify",46,70,426856,0.323248258183463,0.675815,11.786940214412,FALSE
"verify",49,70,451429,0.307526149141753,0.648478,32.6590349515482,FALSE
"verify",1,71,58262,2.22304857829198e-05,0.720399,-2.37201902564266e-09,TRUE
"verify",4,71,82835,0.086158134673887,0.783575,0.0457737168404719,FALSE
"verify",7,71,107408,9.20522069094826e-06,0.756603,-8.0126483226195e-10,TRUE
"verify",10,71,131981,0.195165977784421,0.776027,0.520212913616774,FALSE
"verify",13,71,156554,1.66746156787557e-05,0.805635,-7.65453478379641e-10,TRUE
"verify",16,71,181127,1.81621889797144e-05,0.852328,-1.02647845778847e-09,TRUE
"verify",19,71,205700,0.274348295301086,0.802373,0.630752585544911,FALSE
"verify",22,71,230273,0.498535022674699,0.963337,6.00561303252459,FALSE
"verify",25,71,254846,1.8667232261893e-05,0.508659,-3.63165497674345e-09,TRUE
"verify",28,71,279419,6.92138119857246e-06,0.495608,-5.44744693797838e-09,TRUE
"verify",31,71,303992,1.99233521116343e-05,0.630907,-2.59269370417314e-08,TRUE
"verify",34,71,328565,0.0930302471462932,0.55418,0.156666207622287,FALSE
"verify",37,71,353138,8.46577841819628e-06,0.582699,-8.71054339768307e-09,TRUE
"verify",40,71,377711,0.122571666611489,0.595001,1.91299649655713,FALSE
"verify",43,71,402284,0.3266008294595,0.616501,8.99522814295189,FALSE
"verify",46,71,426857,0.15307892160425,0.649797,1.00754500902403,FALSE
"verify",49,71,451430,0.272850440684512,0.671768,20.5116052383998,FALSE
"verify",1,72,58263,8.79156147241311e-06,0.725723,-1.15056764116162e-09,TRUE
"verify",4,72,82836,6.97755273953588e-06,0.769119,-9.17452780413441e-10,TRUE
"verify",7,72,107409,0.288179644575411,0.745949,3.31910055022931,FALSE
"verify",10,72,131982,1.00144022280333e-05,0.798613,-4.84533302369528e-10,TRUE
"verify",13,72,156555,0.54477719701886,0.978684,11.5441167828783,FALSE
"verify",16,72,181128,0.425100169130383,0.846209,23.5822912880517,FALSE
"verify",19,72,205701,9.72712775092674e-06,0.910182,-4.18367562815547e-11,TRUE
"verify",22,72,230274,0.404846907403877,0.941368,4.73469195657833,FALSE
"verify",25,72,254847,1.48870101953354e-05,0.560995,-2.57744403597826e-09,TRUE
"verify",28,72,279420,7.26816545906206e-06,0.509139,-3.44638806382136e-09,TRUE
"verify",31,72,303993,1.68087863275718e-05,0.618303,-2.74530975730158e-08,TRUE
"verify",34,72,328566,9.7685883891134e-06,0.616113,-4.50033610377432e-09,TRUE
"verify",37,72,353139,1.58280897113401e-05,0.586262,-6.80803680097597e-09,TRUE
"verify",40,72,377712,1.01133220053157e-05,0.54238,-1.84411135251139e-08,TRUE
"verify",43,72,402285,0.446151663175072,0.705146,18.002148612167,FALSE
"verify",46,72,426858,0.335440469612679,0.661967,14.0662205735082,FALSE
"verify",49,72,451431,0.229593581061038,0.606405,15.2921697935141,FALSE
"verify",1,73,58264,1.93115758352419e-05,0.744756,-2.63696620095288e-09,TRUE
"verify",4,73,82837,1.47705713673837e-05,0.797894,-2.29675833907095e-09,TRUE
"verify",7,73,107410,1.36562479294993e-05,0.757168,-1.74168235389516e-09,TRUE
"verify",10,73,131983,8.29476298978402e-06,0.77787,-5.5649707064731e-10,TRUE
"verify",13,73,156556,0.320459389898907,0.768517,3.93181727178415,FALSE
"verify",16,73,181129,0.297569167800273,0.823865,2.58690472289817,FALSE
"verify",19,73,205702,0.590131563528816,0.898304,45.0774967375892,FALSE
"verify",22,73,230275,0.306912780390519,0.847271,3.07403668144696,FALSE
"verify",25,73,254848,4.83390362886495e-06,0.577468,-1.91722904219205e-09,TRUE
"verify",28,73,279421,7.7716708824515e-06,0.663583,-5.52684298327222e-09,TRUE
"verify",31,73,303994,0.152533978523091,0.605826,3.57070852935252,FALSE
"verify",34,73,328567,8.61469853828548e-06,0.573502,-4.35770175499783e-09,TRUE
"verify",37,73,353140,0.137239412173923,0.530824,1.39214499243761,FALSE
"verify",40,73,377713,0.11540957850337,0.614187,1.64122944100677,FALSE
"verify",43,73,402286,0.358273600213209,0.797726,7.16730370148625,FALSE
"verify",46,73,426859,0.25626104388324,0.704232,4.20396680981352,FALSE
"verify",49,73,451432,0.344516876550989,0.668628,43.682026249701,FALSE
"verify",1,74,58265,5.3419044145718e-06,0.778218,-1.56433088704944e-10,TRUE
"verify",4,74,82838,7.93998717133143e-06,0.787029,-1.02068042906467e-09,TRUE
"verify",7,74,107411,0.0138487747229208,0.705234,3.57277664875255e-05,TRUE
"verify",10,74,131984,0.0955094680947572,0.768485,0.0429407704676237,FALSE
"verify",13,74,156557,0.365677172338535,0.820346,5.03645008242466,FALSE
"verify",16,74,181130,0.274689987821782,0.802035,3.80224059423062,FALSE
"verify",19,74,205703,0.302901317081995,0.915092,1.02529049323655,FALSE
"verify",22,74,230276,0.459097529126852,0.903669,8.72490410883512,FALSE
"verify",25,74,254849,0.0578411246327646,0.557956,0.0279577174370544,FALSE
"verify",28,74,279422,1.78853501983411e-05,0.637291,-6.00478244905389e-09,TRUE
"verify",31,74,303995,1.06227283345835e-05,0.585532,-2.71099622750626e-08,TRUE
"verify",34,74,328568,9.95616309261674e-06,0.579245,-4.51895942887859e-09,TRUE
"verify",37,74,353141,0.0698324836094269,0.571314,0.0776668067140491,FALSE
"verify",40,74,377714,0.134270834780386,0.582569,2.88403590844152,FALSE
"verify",43,74,402287,0.203071042929853,0.516668,2.27577319147317,FALSE
"verify",46,74,426860,0.284695326345585,0.632962,12.2165789956116,FALSE
"verify",49,74,451433,0.349895791210185,0.693246,46.1134088604177,FALSE
"verify",1,75,58266,0.187091109779858,0.807408,0.93379756971467,FALSE
"verify",4,75,82839,6.48385907687871e-06,0.725122,-2.2768062990508e-09,TRUE
"verify",7,75,107412,0.284881036015534,0.74688,9.86134378471957,FALSE
"verify",10,75,131985,0.226028456339426,0.728374,4.59771947872179,FALSE
"verify",13,75,156558,4.75879608949786e-05,0.886655,-1.46559386848821e-09,TRUE
"verify",16,75,181131,0.421517806172431,0.871735,12.0558526236103,FALSE
"verify",19,75,205704,0.418767759046722,0.912501,1.50638782865644,FALSE
"verify",22,75,230277,0.379734316567797,0.884704,5.73469894110445,FALSE
"verify",25,75,254850,6.90374944143034e-06,0.538764,-3.37383099235922e-09,TRUE
"verify",28,75,279423,7.23847215791184e-06,0.538317,-5.43030864719185e-09,TRUE
"verify",31,75,303996,1.54398266361171e-05,0.605528,-2.23975860080827e-08,TRUE
"verify",34,75,328569,0.0971349086164923,0.558137,0.304585438108425,FALSE
"verify",37,75,353142,0.0541123401828612,0.586152,0.0355888757407996,FALSE
"verify",40,75,377715,4.34603852851803e-05,0.575218,-2.0312285187174e-08,TRUE
"verify",43,75,402288,0.282716831543696,0.599121,5.3264591071045,FALSE
"verify",46,75,426861,0.418163810411669,0.661981,32.7110381415971,FALSE
"verify",49,75,451434,0.32933942081026,0.658315,42.4293694704927,FALSE
"verify",1,76,58267,1.14377569176289e-05,0.781396,-1.62458491104189e-09,TRUE
"verify",4,76,82840,1.94844228868007e-05,0.80582,-3.84238774131518e-09,TRUE
"verify",7,76,107413,1.05726395172861e-05,0.737017,-2.39850805883179e-09,TRUE
"verify",10,76,131986,0.166921732605636,0.767755,0.599772786621884,FALSE
"verify",13,76,156559,0.567281830924759,0.881575,24.126659026266,FALSE
"verify",16,76,181132,1.11757708450542e-05,0.824408,-1.36878952616826e-10,TRUE
"verify",19,76,205705,8.16335080782104e-06,0.80241,-1.70473413163563e-10,TRUE
"verify",22,76,230278,0.354105554388736,0.896921,3.72202453905908,FALSE
"verify",25,76,254851,5.3472651732311e-06,0.491446,-3.07335312754731e-09,TRUE
"verify",28,76,279424,5.90313354538122e-06,0.51831,-4.01988131670805e-09,TRUE
"verify",31,76,303997,1.43613560168146e-05,0.589191,-2.11340704936447e-08,TRUE
"verify",34,76,328570,1.28865354578458e-05,0.616562,-4.30001989570883e-09,TRUE
"verify",37,76,353143,0.0831398669020386,0.550873,0.185851686704211,FALSE
"verify",40,76,377716,0.101832080204463,0.564887,1.0426885542484,FALSE
"verify",43,76,402289,0.219936620847764,0.491992,5.96514460128784,FALSE
"verify",46,76,426862,0.349221599277482,0.681044,15.9134934576852,FALSE
"verify",49,76,451435,0.400194229139036,0.702387,60.9568170935071,FALSE
"verify",1,77,58268,0.160517511104233,0.713789,0.41243870181566,FALSE
"verify",4,77,82841,6.87623186039083e-06,0.693105,-2.79669620795175e-09,TRUE
"verify",7,77,107414,9.00690263581137e-06,0.754943,-1.00982333606225e-09,TRUE
"verify",10,77,131987,4.97592750311217e-05,0.740504,-8.9625018517836e-10,TRUE
"verify",13,77,156560,0.221272694685233,0.791272,0.565286000520643,FALSE
"verify",16,77,181133,2.42771518934324e-05,0.777919,-1.1397105481592e-09,TRUE
"verify",19,77,205706,4.89345227503159e-05,0.968004,-1.77345782503835e-09,TRUE
"verify",22,77,230279,0.466054730679237,0.925831,9.95502796631973,FALSE
"verify",25,77,254852,0.0870351593541872,0.61603,0.0777508455044256,FALSE
"verify",28,77,279425,5.99004470468895e-06,0.60549,-5.47812106788115e-09,TRUE
"verify",31,77,303998,1.47146172546106e-05,0.587401,-2.15994759855676e-08,TRUE
"verify",34,77,328571,0.180495708154616,0.584942,1.58326347250456,FALSE
"verify",37,77,353144,0.0944206457933708,0.522022,0.451263562851025,FALSE
"verify",40,77,377717,0.0758123562463799,0.596794,0.309890207126585,FALSE
"verify",43,77,402290,0.154183951286427,0.583316,0.648760098784173,FALSE
"verify",46,77,426863,0.289998086763747,0.67264,6.87390237851649,FALSE
"verify",49,77,451436,0.272098296330167,0.652531,20.4690590737782,FALSE
"verify",1,78,58269,0.255090446200251,0.764925,2.24233747554561,FALSE
"verify",4,78,82842,0.049177542254272,0.7671,0.00784825384107535,FALSE
"verify",7,78,107415,0.178162174483044,0.759934,0.525778231503409,FALSE
"verify",10,78,131988,7.87045568891766e-06,0.75618,-1.82950543603511e-09,TRUE
"verify",13,78,156561,0.477105826665149,0.875725,6.15550785417344,FALSE
"verify",16,78,181134,3.46946861681299e-05,0.833998,-2.04090611077845e-09,TRUE
"verify",19,78,205707,0.617534361080929,1.02878,23.6266771815805,FALSE
"verify",22,78,230280,0.0791725816344106,0.817878,0.0109973818011326,FALSE
"verify",25,78,254853,1.03811071224387e-05,0.638024,-3.5658516139847e-09,TRUE
"verify",28,78,279426,7.53085403421237e-06,0.583846,-5.27759880242229e-09,TRUE
"verify",31,78,303999,1.79691788883475e-05,0.569469,-2.04072136966715e-08,TRUE
"verify",34,78,328572,0.131695483583225,0.595365,0.432526035064363,FALSE
"verify",37,78,353145,0.0537808147366105,0.556102,0.0333449677097519,FALSE
"verify",40,78,377718,0.148215591729622,0.619821,3.73385006013504,FALSE
"verify",43,78,402291,1.44509238615862e-05,0.605208,-4.79867168223791e-09,TRUE
"verify",46,78,426864,0.405531210723646,0.734973,20.5735256683894,FALSE
"verify",49,78,451437,0.245231569262386,0.630183,16.9423051471399,FALSE
"verify",1,79,58270,1.4616685764953e-05,0.67667,-4.52365611636196e-09,TRUE
"verify",4,79,82843,2.71918931717128e-06,0.760878,-2.07137418328784e-10,TRUE
"verify",7,79,107416,1.59622675770768e-05,0.819694,-8.78515038493788e-10,TRUE
"verify",10,79,131989,0.149755615439046,0.785262,0.329890654136932,FALSE
"verify",13,79,156562,3.77146224801492e-05,0.744416,-2.4695623324078e-09,TRUE
"verify",16,79,181135,0.22449860285727,0.747856,2.45611178519511,FALSE
"verify",19,79,205708,0.458620466338147,0.860217,7.54475999194614,FALSE
"verify",22,79,230281,0.694044539978514,1.00043,138.735234014928,FALSE
"verify",25,79,254854,0.139879242135135,0.576041,0.568843745916922,FALSE
"verify",28,79,279427,8.45853461994809e-06,0.546305,-7.96941890257585e-09,TRUE
"verify",31,79,304000,0.067269099961597,0.603981,0.201135979547786,FALSE
"verify",34,79,328573,2.74118210023963e-05,0.636554,-5.0444697308194e-09,TRUE
"verify",37,79,353146,0.0882280850992995,0.537955,0.265837952747233,FALSE
"verify",40,79,377719,0.123705375028835,0.632295,1.71178529928716,FALSE
"verify",43,79,402292,0.290011181076751,0.604903,6.26073349574121,FALSE
"verify",46,79,426865,0.242785688312384,0.638221,5.9676860070644,FALSE
"verify",49,79,451438,0.336468832697212,0.678093,46.3672017212773,FALSE
"verify",1,80,58271,3.11194716841518e-05,0.737127,-7.19751369615551e-10,TRUE
"verify",4,80,82844,9.63976348937389e-06,0.814812,-5.55246515432373e-10,TRUE
"verify",7,80,107417,1.04597526785726e-05,0.744003,-1.1310135050735e-09,TRUE
"verify",10,80,131990,1.46508376473907e-05,0.843143,-4.24699919676641e-09,TRUE
"verify",13,80,156563,0.437574800795861,0.831596,11.0968123357412,FALSE
"verify",16,80,181136,0.403322383342739,0.826379,7.36692486558837,FALSE
"verify",19,80,205709,4.32564343533946e-05,0.94504,-1.23901600090903e-09,TRUE
"verify",22,80,230282,0.309244409315224,0.85144,7.02073175212035,FALSE
"verify",25,80,254855,5.874010533495e-06,0.574559,-2.79099765521096e-09,TRUE
"verify",28,80,279428,0.14602600525087,0.616989,1.16125718691754,FALSE
"verify",31,80,304001,0.0419724017385753,0.610046,0.0305895581937534,FALSE
"verify",34,80,328574,6.59364512831388e-06,0.577107,-3.06870617805544e-09,TRUE
"verify",37,80,353147,1.18352391448745e-05,0.623682,-5.90117110732535e-09,TRUE
"verify",40,80,377720,0.0874950448036115,0.570704,0.578377454167793,FALSE
"verify",43,80,402293,0.0591139738241749,0.609754,0.0178768106747285,FALSE
"verify",46,80,426866,0.409260374493119,0.723242,20.8810117598886,FALSE
"verify",49,80,451439,0.336574583193483,0.671596,46.2084902740263,FALSE
"verify",1,81,58272,2.12441653260664e-05,0.764659,-8.00412180979038e-10,TRUE
"verify",4,81,82845,3.38906146707676e-05,0.803494,-1.92233073903481e-09,TRUE
"verify",7,81,107418,1.35541750515827e-05,0.774197,-1.145508576883e-09,TRUE
"verify",10,81,131991,1.08158965518885e-05,0.749747,-2.9573357096524e-09,TRUE
"verify",13,81,156564,6.6587999042986e-06,0.852239,-1.51317181007471e-10,TRUE
"verify",16,81,181137,0.329371226479203,0.801188,5.75823271177774,FALSE
"verify",19,81,205710,0.477310526771389,0.887652,10.4400687035115,FALSE
"verify",22,81,230283,0.604051818623437,0.969844,27.4739892331663,FALSE
"verify",25,81,254856,5.14502422868768e-06,0.482032,-2.7424746917859e-09,TRUE
"verify",28,81,279429,0.0682572252804296,0.552873,0.0808791334653165,FALSE
"verify",31,81,304002,1.24162782938166e-05,0.60617,-2.02888088551845e-08,TRUE
"verify",34,81,328575,0.169973726073565,0.581756,1.17187189906383,FALSE
"verify",37,81,353148,9.13101329100743e-06,0.56976,-5.13534814672312e-09,TRUE
"verify",40,81,377721,1.91864582833847e-05,0.599017,-2.60866102053114e-08,TRUE
"verify",43,81,402294,1.6456052234886e-05,0.607301,-3.59428042884247e-09,TRUE
"verify",46,81,426867,0.23305971495718,0.640994,5.50275393719063,FALSE
"verify",49,81,451440,0.316060043450277,0.654615,40.6328468977866,FALSE
"verify",1,82,58273,4.92972284710491e-06,0.78523,-4.77712092106231e-10,TRUE
"verify",4,82,82846,0.0575272600947917,0.707554,0.0483591287106151,FALSE
"verify",7,82,107419,0.220708496356758,0.770547,0.841362044041119,FALSE
"verify",10,82,131992,0.130944068878466,0.736946,0.470252283302443,FALSE
"verify",13,82,156565,4.9446676519813e-05,0.840866,-2.21797336052987e-09,TRUE
"verify",16,82,181138,0.316979810933526,0.880803,2.5213967833588,FALSE
"verify",19,82,205711,1.66046218792944e-05,0.865707,-8.53617621032754e-10,TRUE
"verify",22,82,230284,0.542328513137705,0.959495,19.8451918205889,FALSE
"verify",25,82,254857,0.153300199443722,0.571608,0.941583816159593,FALSE
"verify",28,82,279430,1.02302523624477e-05,0.577692,-6.84636347614287e-09,TRUE
"verify",31,82,304003,1.03643139091188e-05,0.556942,-2.17351328046789e-08,TRUE
"verify",34,82,328576,1.82232523061191e-05,0.625902,-3.90930665616906e-09,TRUE
"verify",37,82,353149,0.0764112846493146,0.639496,0.109337658137733,FALSE
"verify",40,82,377722,0.121968056224332,0.600282,2.08937302657839,FALSE
"verify",43,82,402295,0.0911013479635995,0.567186,0.0968053890561364,FALSE
"verify",46,82,426868,0.287377574532923,0.600896,13.6046117661668,FALSE
"verify",49,82,451441,0.338932003278493,0.708755,36.9290386620868,FALSE
"verify",1,83,58274,6.76703713822485e-06,0.77726,-2.76429545920109e-10,TRUE
"verify",4,83,82847,0.201235985333628,0.750451,1.93159955770096,FALSE
"verify",7,83,107420,0.0748458657856305,0.742438,0.00864339187870655,FALSE
"verify",10,83,131993,0.132265709662597,0.712005,0.567440005381457,FALSE
"verify",13,83,156566,1.29551803944752e-05,0.784526,-1.07354480860522e-09,TRUE
"verify",16,83,181139,0.360701834351029,0.887533,3.75515310736745,FALSE
"verify",19,83,205712,3.94247911505841e-05,0.946882,-3.93526988773374e-10,TRUE
"verify",22,83,230285,0.398847642162453,0.858215,21.0330478130695,FALSE
"verify",25,83,254858,0.0599532438598935,0.566836,0.0241607111981494,FALSE
"verify",28,83,279431,0.0877177358275154,0.578963,0.204043199203781,FALSE
"verify",31,83,304004,1.66788150037812e-05,0.591205,-1.56903467996017e-08,TRUE
"verify",34,83,328577,5.05325669933168e-06,0.552025,-2.06726014084779e-09,TRUE
"verify",37,83,353150,1.06947236136579e-05,0.615869,-7.7033206480337e-09,TRUE
"verify",40,83,377723,0.140531468692245,0.57761,3.80416839570495,FALSE
"verify",43,83,402296,0.0984232967652972,0.621723,0.189937050009107,FALSE
"verify",46,83,426869,0.264814369406943,0.651986,6.42135599415039,FALSE
"verify",49,83,451442,0.29810530303615,0.650717,30.4173161019131,FALSE
"verify",1,84,58275,2.84532468310004e-06,0.786554,-1.22838628158206e-10,TRUE
"verify",4,84,82848,3.92244771949379e-06,0.737613,-6.55063558951952e-10,TRUE
"verify",7,84,107421,0.312972185376569,0.710967,9.92038466110444,FALSE
"verify",10,84,131994,0.0915966409572728,0.796703,0.0340486486625764,FALSE
"verify",13,84,156567,0.272243147559661,0.815948,1.10277792893427,FALSE
"verify",16,84,181140,0.210833621758464,0.874664,0.710931665967394,FALSE
"verify",19,84,205713,1.93622239059787e-05,0.867297,-2.15663931157906e-10,TRUE
"verify",22,84,230286,0.602866947377427,0.995958,17.4140090872754,FALSE
"verify",25,84,254859,6.48787890539002e-06,0.623921,-2.85067613958745e-09,TRUE
"verify",28,84,279432,8.96203552448371e-06,0.605294,-5.71633052004472e-09,TRUE
"verify",31,84,304005,1.59623029512786e-05,0.593079,-1.86654460776481e-08,TRUE
"verify",34,84,328578,0.0981760736056214,0.52271,0.215111345838295,FALSE
"verify",37,84,353151,0.167778241002681,0.533336,1.95314306731466,FALSE
"verify",40,84,377724,0.0784946657238162,0.576134,0.48334378294345,FALSE
"verify",43,84,402297,1.07535922165959e-05,0.599163,-5.26853938254135e-09,TRUE
"verify",46,84,426870,0.232109703935107,0.611078,5.32051447820176,FALSE
"verify",49,84,451443,0.363660667966703,0.740681,43.1321916829415,FALSE
"verify",1,85,58276,4.85902997831163e-06,0.731304,-3.88013177143876e-10,TRUE
"verify",4,85,82849,0.140485526350385,0.715123,0.420949207443755,FALSE
"verify",7,85,107422,3.7420564965817e-07,0.793333,-1.64845914696343e-12,TRUE
"verify",10,85,131995,0.104122709375453,0.774866,0.0685750639012213,FALSE
"verify",13,85,156568,0.284905492586323,0.79281,0.895980955255425,FALSE
"verify",16,85,181141,0.430875473188259,0.848694,12.589478152757,FALSE
"verify",19,85,205714,0.377933550035788,0.964281,0.96609279127145,FALSE
"verify",22,85,230287,0.390614065521313,0.853511,6.76038800155544,FALSE
"verify",25,85,254860,8.99615882282808e-06,0.624653,-4.00569888370228e-09,TRUE
"verify",28,85,279433,0.14623656728432,0.598635,1.10811861629595,FALSE
"verify",31,85,304006,0.0827496053658516,0.590242,0.426406987679911,FALSE
"verify",34,85,328579,0.17569478557234,0.524516,2.33251199064303,FALSE
"verify",37,85,353152,0.11699478843999,0.633649,0.563398352859963,FALSE
"verify",40,85,377725,0.138331888476507,0.570254,2.98937864308948,FALSE
"verify",43,85,402298,0.329029940999207,0.728507,5.75503537006229,FALSE
"verify",46,85,426871,0.303505743808015,0.636072,10.4088022453138,FALSE
"verify",49,85,451444,0.28162686552918,0.602679,33.9438047336613,FALSE
"verify",1,86,58277,7.76258896819924e-06,0.770356,-9.38314315135358e-10,TRUE
"verify",4,86,82850,0.115401151793839,0.710203,0.591220544778707,FALSE
"verify",7,86,107423,0.241544922372371,0.759577,1.97038193832162,FALSE
"verify",10,86,131996,0.151627427542547,0.839859,0.173319403644882,FALSE
"verify",13,86,156569,0.402568637076156,0.865029,6.09831599615814,FALSE
"verify",16,86,181142,0.401543664439762,0.859599,15.7792430416871,FALSE
"verify",19,86,205715,0.609861888303051,0.925025,53.4837586781888,FALSE
"verify",22,86,230288,0.404779687918565,0.879398,7.94741230751572,FALSE
"verify",25,86,254861,0.0482992849459723,0.571824,0.0135760408387853,FALSE
"verify",28,86,279434,4.8318694265396e-06,0.538337,-4.8505910399399e-09,TRUE
"verify",31,86,304007,1.50011460320457e-05,0.571131,-1.854459696915e-08,TRUE
"verify",34,86,328580,5.69297173317323e-06,0.565703,-2.31178631793227e-09,TRUE
"verify",37,86,353153,0.0954879203581602,0.572951,0.259057768311195,FALSE
"verify",40,86,377726,0.00745506613201961,0.592252,3.6924573350916e-05,TRUE
"verify",43,86,402299,0.205659996488541,0.474886,3.02384597609763,FALSE
"verify",46,86,426872,0.2633330954449,0.612356,8.29150334668051,FALSE
"verify",49,86,451445,0.31449659395702,0.659297,30.4246577483152,FALSE
"verify",1,87,58278,0.269935782667005,0.717935,6.05176096024945,FALSE
"verify",4,87,82851,0.191687625358794,0.819453,0.657029682006169,FALSE
"verify",7,87,107424,9.16887415014675e-06,0.727244,-9.69009761320194e-10,TRUE
"verify",10,87,131997,0.0489088276223075,0.755615,0.00673095299487159,FALSE
"verify",13,87,156570,1.44183169511235e-05,0.841365,-1.58587454279768e-09,TRUE
"verify",16,87,181143,0.28554569037095,0.783797,7.60196965040933,FALSE
"verify",19,87,205716,0.370644455921927,0.749673,6.57504492219095,FALSE
"verify",22,87,230289,0.686015660145857,1.02755,41.6090024198585,FALSE
"verify",25,87,254862,0.165354133008953,0.597906,0.823465781784087,FALSE
"verify",28,87,279435,1.20125854185378e-05,0.606942,-7.0601799961878e-09,TRUE
"verify",31,87,304008,2.16174601579163e-05,0.6225,-2.13963744499779e-08,TRUE
"verify",34,87,328581,0.0632601229190805,0.67684,0.035710472119618,FALSE
"verify",37,87,353154,7.54524120503146e-06,0.617713,-6.99009206073242e-09,TRUE
"verify",40,87,377727,0.115764610545613,0.601897,1.6236119567493,FALSE
"verify",43,87,402300,0.333570267222143,0.676886,8.26961743521252,FALSE
"verify",46,87,426873,0.281214777130457,0.676727,8.27438414665806,FALSE
"verify",49,87,451446,0.278781682058465,0.607362,28.512825658388,FALSE
"verify",1,88,58279,9.30562388415189e-06,0.770351,-4.02962996304268e-10,TRUE
"verify",4,88,82852,4.47841957178192e-06,0.749634,-7.7386630437104e-10,TRUE
"verify",7,88,107425,5.91149121769203e-06,0.711993,-1.20519416668685e-09,TRUE
"verify",10,88,131998,0.000282367208188446,0.795392,-1.08656195152435e-09,TRUE
"verify",13,88,156571,0.335533047669785,0.883476,1.21308601420361,FALSE
"verify",16,88,181144,0.397575619060191,0.860901,7.40551964446092,FALSE
"verify",19,88,205717,9.54317047601542e-05,0.86922,-1.6675016922818e-09,TRUE
"verify",22,88,230290,0.572845947327822,0.975532,20.0830091199538,FALSE
"verify",25,88,254863,1.4154478452493e-05,0.679486,-3.16525472499052e-09,TRUE
"verify",28,88,279436,6.4141436775762e-06,0.579922,-5.83713699597865e-09,TRUE
"verify",31,88,304009,0.0709916754913715,0.575825,0.294462175739397,FALSE
"verify",34,88,328582,7.61414688387778e-06,0.626782,-2.82685164165741e-09,TRUE
"verify",37,88,353155,0.139148252836135,0.602655,1.27029535381827,FALSE
"verify",40,88,377728,0.0639166082762479,0.605518,0.172850709676823,FALSE
"verify",43,88,402301,0.535888353483634,0.814723,19.8702026039788,FALSE
"verify",46,88,426874,0.377965259458271,0.710241,16.0876107078171,FALSE
"verify",49,88,451447,0.210228079494802,0.61861,11.9218577632155,FALSE
"verify",1,89,58280,6.16785001437056e-06,0.789515,-3.84034137823619e-10,TRUE
"verify",4,89,82853,2.52274147468088e-05,0.740002,-9.05288288777228e-10,TRUE
"verify",7,89,107426,1.22010688667141e-05,0.761648,-1.85104909178335e-09,TRUE
"verify",10,89,131999,0.277788411535946,0.811798,3.85399676410441,FALSE
"verify",13,89,156572,0.160041714757487,0.738727,0.341682349997058,FALSE
"verify",16,89,181145,0.350787989526318,0.890037,1.77598757954223,FALSE
"verify",19,89,205718,0.452221905934224,0.83468,17.9297384024048,FALSE
"verify",22,89,230291,0.419280261715177,0.910219,4.49802046630771,FALSE
"verify",25,89,254864,4.9875179233454e-05,0.621288,-3.82900111617346e-09,TRUE
"verify",28,89,279437,1.39567598589201e-05,0.558005,-7.65348318054748e-09,TRUE
"verify",31,89,304010,0.0793641562041817,0.540571,0.502605251443072,FALSE
"verify",34,89,328583,0.180618749035853,0.573237,1.50376602702115,FALSE
"verify",37,89,353156,1.14208212124253e-05,0.594421,-6.09459505085397e-09,TRUE
"verify",40,89,377729,0.155302481040045,0.664615,3.99715885726499,FALSE
"verify",43,89,402302,0.0708145632279224,0.604979,0.0439906848349381,FALSE
"verify",46,89,426875,0.411731996118899,0.67,29.2425404018809,FALSE
"verify",49,89,451448,0.202542875823874,0.601861,9.18796167680478,FALSE
"verify",1,90,58281,2.21496910477074e-05,0.766811,-2.32762431551237e-09,TRUE
"verify",4,90,82854,2.11659461947257e-06,0.738601,-2.97973201668356e-10,TRUE
"verify",7,90,107427,0.29660923887277,0.759554,4.90115427352475,FALSE
"verify",10,90,132000,0.177261795009385,0.794322,1.13884174157761,FALSE
"verify",13,90,156573,0.281226306299651,0.773097,2.32054236440101,FALSE
"verify",16,90,181146,2.492795173684e-05,0.814489,-3.16845216730144e-09,TRUE
"verify",19,90,205719,0.602545768125589,0.929671,44.4514895260976,FALSE
"verify",22,90,230292,0.486638870161222,0.934616,7.9685033385793,FALSE
"verify",25,90,254865,7.53259031614315e-06,0.526345,-2.54538434774076e-09,TRUE
"verify",28,90,279438,6.79102722132567e-06,0.543957,-5.73707836792892e-09,TRUE
"verify",31,90,304011,1.28737709921491e-05,0.587386,-1.74585466083954e-08,TRUE
"verify",34,90,328584,0.100297093965704,0.587736,0.140532671555178,FALSE
"verify",37,90,353157,7.55148538211911e-06,0.523636,-5.1707615966734e-09,TRUE
"verify",40,90,377730,0.0844541214414369,0.558245,0.59854076726333,FALSE
"verify",43,90,402303,0.223349094786365,0.603237,2.75949856461645,FALSE
"verify",46,90,426876,0.258182972050036,0.665379,4.48683781271198,FALSE
"verify",49,90,451449,0.292989352807373,0.655738,26.5268431854595,FALSE
"verify",1,91,58282,1.70242440498143e-05,0.823876,-3.67322172678541e-10,TRUE
"verify",4,91,82855,1.92065638007928e-05,0.767938,-1.57911017595325e-09,TRUE
"verify",7,91,107428,9.52611550746383e-06,0.738928,-5.71333202969981e-10,TRUE
"verify",10,91,132001,1.04227579317228e-05,0.772854,-2.74769718089374e-09,TRUE
"verify",13,91,156574,1.72952823441524e-05,0.814465,-9.17452780413441e-11,TRUE
"verify",16,91,181147,0.252608681227198,0.78589,2.89385784687693,FALSE
"verify",19,91,205720,1.75208541630471e-05,0.76909,-7.94898369349539e-10,TRUE
"verify",22,91,230293,0.404128803325598,0.845155,12.4564119341869,FALSE
"verify",25,91,254866,0.109919602904085,0.495559,0.352141139150532,FALSE
"verify",28,91,279439,0.0346683044224773,0.610637,0.00491292572816349,FALSE
"verify",31,91,304012,1.28449008354442e-05,0.606985,-1.89889703960944e-08,TRUE
"verify",34,91,328585,0.154373843316821,0.609259,0.908357925421491,FALSE
"verify",37,91,353158,2.47123925315268e-05,0.610909,-6.26994278718485e-09,TRUE
"verify",40,91,377731,0.0828919527499831,0.555077,0.692954477312497,FALSE
"verify",43,91,402304,0.205160084702547,0.655878,2.06553243769621,FALSE
"verify",46,91,426877,0.318069276355044,0.691198,10.6713325324293,FALSE
"verify",49,91,451450,0.184876790689906,0.599811,8.10055359656047,FALSE
"verify",1,92,58283,0.213994866664242,0.742849,1.36644026933135,FALSE
"verify",4,92,82856,0.113808879411441,0.741116,0.129861498398213,FALSE
"verify",7,92,107429,0.0413650614792273,0.722252,0.00253145193957494,FALSE
"verify",10,92,132002,3.93762367443529e-06,0.774072,-4.97607288707513e-10,TRUE
"verify",13,92,156575,2.58312035515482e-06,0.875542,-7.61701812734827e-12,TRUE
"verify",16,92,181148,0.306405243204348,0.807569,3.78577468168896,FALSE
"verify",19,92,205721,0.588927218584047,0.863782,87.9376239261554,FALSE
"verify",22,92,230294,0.49522861424628,0.954179,9.05481710140589,FALSE
"verify",25,92,254867,1.55603696370103e-05,0.663733,-3.6628833299801e-09,TRUE
"verify",28,92,279440,0.0463892472104586,0.592152,0.0184590841663805,FALSE
"verify",31,92,304013,2.61313410329312e-05,0.620158,-1.68012377343985e-08,TRUE
"verify",34,92,328586,6.52323581202885e-06,0.61618,-3.12398640289757e-09,TRUE
"verify",37,92,353159,1.53588597235903e-05,0.611105,-9.08164565771585e-09,TRUE
"verify",40,92,377732,2.27496077726037e-05,0.591821,-2.00021474938694e-08,TRUE
"verify",43,92,402305,0.33975180018508,0.586066,9.26416796179811,FALSE
"verify",46,92,426878,0.109774180859834,0.614195,0.451344963998665,FALSE
"verify",49,92,451451,0.32157916199768,0.676513,36.9635657315642,FALSE
"verify",1,93,58284,0.146913591923251,0.738888,0.243197880743821,FALSE
"verify",4,93,82857,0.0802897090838513,0.795418,0.026242786919056,FALSE
"verify",7,93,107430,0.416686713521564,0.745614,17.5453839295963,FALSE
"verify",10,93,132003,1.26487894639048e-05,0.827925,-3.81402287530364e-09,TRUE
"verify",13,93,156576,2.1859938884182e-05,0.774382,-6.46707576379413e-10,TRUE
"verify",16,93,181149,0.258351347604364,0.817563,1.90788062804035,FALSE
"verify",19,93,205722,0.64117346315483,0.911862,33.7422723091635,FALSE
"verify",22,93,230295,0.508174625869754,0.889985,15.649961034751,FALSE
"verify",25,93,254868,1.14806500475276e-05,0.579797,-3.87313292549152e-09,TRUE
"verify",28,93,279441,0.0892362890194652,0.65027,0.269630757932006,FALSE
"verify",31,93,304014,6.87079157376749e-06,0.545523,-1.5079876902746e-08,TRUE
"verify",34,93,328587,8.53849254310792e-06,0.59543,-4.45169234808418e-09,TRUE
"verify",37,93,353160,0.0847544096526402,0.586072,0.181863899378541,FALSE
"verify",40,93,377733,0.0797101282051231,0.62336,0.325575010790288,FALSE
"verify",43,93,402306,0.340358399109038,0.71927,5.57631955533579,FALSE
"verify",46,93,426879,0.318919954340234,0.69435,12.3749961288468,FALSE
"verify",49,93,451452,0.306167542185113,0.641514,34.3089755964849,FALSE
"verify",1,94,58285,1.49924986631175e-20,0.763771,0,TRUE
"verify",4,94,82858,6.51700333979271e-06,0.669468,-7.03960267856019e-09,TRUE
"verify",7,94,107431,4.28542855070287e-06,0.715415,-1.42563294502907e-10,TRUE
"verify",10,94,132004,1.64589135123856e-05,0.801273,-1.72354930327856e-09,TRUE
"verify",13,94,156577,0.237151621168231,0.848959,0.54526275463445,FALSE
"verify",16,94,181150,0.439561969783882,0.879384,15.0089478155832,FALSE
"verify",19,94,205723,0.563154733403842,0.954122,8.40244067943686,FALSE
"verify",22,94,230296,0.392359966141793,0.851842,9.16595803148675,FALSE
"verify",25,94,254869,1.04426880125824e-05,0.557639,-3.53520590579137e-09,TRUE
"verify",28,94,279442,6.19031920475596e-06,0.489425,-4.79539608022606e-09,TRUE
"verify",31,94,304015,9.75786031944723e-06,0.57896,-1.7362111748298e-08,TRUE
"verify",34,94,328588,8.72716566281345e-06,0.594394,-3.28558513729149e-09,TRUE
"verify",37,94,353161,0.101797180293195,0.545632,0.42410269844676,FALSE
"verify",40,94,377734,0.0326465918752248,0.589957,0.0142531654592517,FALSE
"verify",43,94,402307,0.337590067277485,0.743663,9.98264876958083,FALSE
"verify",46,94,426880,0.390305895934172,0.709717,19.5419630453203,FALSE
"verify",49,94,451453,0.356288092548388,0.680383,50.800298237359,FALSE
"verify",1,95,58286,0.310986599043974,0.724873,16.6464865965115,FALSE
"verify",4,95,82859,8.42935344245675e-06,0.785757,-1.70575731317513e-09,TRUE
"verify",7,95,107432,3.89525731190469e-06,0.780564,-1.10276232589968e-11,TRUE
"verify",10,95,132005,0.105692201783277,0.792856,0.0736794113764745,FALSE
"verify",13,95,156578,0.438696232104063,0.891383,9.54114954201756,FALSE
"verify",16,95,181151,0.338807370817789,0.82398,7.22229453803226,FALSE
"verify",19,95,205724,0.000104751545984776,0.938574,-1.9359731595614e-09,TRUE
"verify",22,95,230297,0.358627238800419,0.869319,6.5300827302965,FALSE
"verify",25,95,254870,7.82219503917947e-06,0.560934,-2.34105357321823e-09,TRUE
"verify",28,95,279443,0.0928960285290857,0.621392,0.242588363258974,FALSE
"verify",31,95,304016,1.00615300482231e-05,0.61258,-1.49728123233217e-08,TRUE
"verify",34,95,328589,0.178580637925397,0.590904,1.20928656167928,FALSE
"verify",37,95,353162,0.135962889248946,0.681598,0.73700793338331,FALSE
"verify",40,95,377735,0.0609522721971674,0.615358,0.143318488789987,FALSE
"verify",43,95,402308,6.70476886256589e-06,0.456035,-2.30463115258317e-09,TRUE
"verify",46,95,426881,0.31342905502786,0.704438,7.91040447928023,FALSE
"verify",49,95,451454,0.267095949869191,0.648902,22.9484765005163,FALSE
"verify",1,96,58287,0.177076359376094,0.720187,1.07923755550655,FALSE
"verify",4,96,82860,0.207059900036192,0.713023,2.34478263055877,FALSE
"verify",7,96,107433,0.0817171622898985,0.736391,0.0100678718484914,FALSE
"verify",10,96,132006,1.47360119091418e-05,0.782757,-1.0381882020738e-09,TRUE
"verify",13,96,156579,0.311242528812442,0.815631,2.17377099431263,FALSE
"verify",16,96,181152,0.187369059408255,0.809752,1.10947222168795,FALSE
"verify",19,96,205725,0.527061517020312,0.897619,8.2372495719452,FALSE
"verify",22,96,230298,0.573080204251935,0.961924,16.6262409767339,FALSE
"verify",25,96,254871,0.0796969596043097,0.537304,0.1144956213301,FALSE
"verify",28,96,279444,7.52427321523816e-06,0.519948,-5.32702415512176e-09,TRUE
"verify",31,96,304017,0.0861557452795614,0.533863,0.690047552424176,FALSE
"verify",34,96,328590,0.0797059022290587,0.713261,0.0353263606135741,FALSE
"verify",37,96,353163,2.36390024610411e-05,0.618346,-6.66969413032348e-09,TRUE
"verify",40,96,377736,0.121338603558364,0.548429,2.27882406131545,FALSE
"verify",43,96,402309,0.318903324853424,0.70883,5.17848455064042,FALSE
"verify",46,96,426882,0.0124687697943433,0.538511,0.000137764597262446,TRUE
"verify",49,96,451455,0.281482195896074,0.637224,32.0570708642136,FALSE
"verify",1,97,58288,2.20439592488536e-06,0.76029,-2.76259015663527e-11,TRUE
"verify",4,97,82861,1.20013655048521e-05,0.743667,-7.063363227644e-10,TRUE
"verify",7,97,107434,1.33448205702752e-05,0.801596,-4.43094450019998e-10,TRUE
"verify",10,97,132007,4.52608361387326e-06,0.745278,-7.88304532761686e-10,TRUE
"verify",13,97,156580,0.284597418056468,0.819933,1.00698963149568,FALSE
"verify",16,97,181153,0.24288952851573,0.762419,2.2617613641101,FALSE
"verify",19,97,205726,2.23446702771119e-05,0.970639,-4.47130332759116e-10,TRUE
"verify",22,97,230299,0.258630477051556,0.859095,1.54231846117358,FALSE
"verify",25,97,254872,1.33125477644817e-05,0.585288,-2.79913336953541e-09,TRUE
"verify",28,97,279445,0.0583448441005691,0.597214,0.0426557948842401,FALSE
"verify",31,97,304018,2.09818133499725e-05,0.595613,-2.58853276591253e-08,TRUE
"verify",34,97,328591,0.144992768172267,0.642216,0.586925006739882,FALSE
"verify",37,97,353164,0.0921988583465973,0.477332,0.411036340454196,FALSE
"verify",40,97,377737,0.0657062882765455,0.59193,0.211461319173424,FALSE
"verify",43,97,402310,0.463492932781295,0.676168,17.0737102416047,FALSE
"verify",46,97,426883,0.33342026726067,0.60867,18.4567741091446,FALSE
"verify",49,97,451456,0.400872314501263,0.726167,58.2523931194534,FALSE
"verify",1,98,58289,7.52199227367998e-06,0.793942,-7.99104782345239e-10,TRUE
"verify",4,98,82862,0.174325394774409,0.762978,1.02159079422063,FALSE
"verify",7,98,107435,0.160423800102668,0.695826,0.319766179578153,FALSE
"verify",10,98,132008,0.115929006989329,0.678819,0.682170302775546,FALSE
"verify",13,98,156581,0.0842438335876424,0.755042,0.0178943419617497,FALSE
"verify",16,98,181154,0.420368956046681,0.833043,18.0137284019848,FALSE
"verify",19,98,205727,0.503101776311771,0.881087,18.474603275604,FALSE
"verify",22,98,230300,0.476181177810588,0.868567,20.6502082466408,FALSE
"verify",25,98,254873,8.42516677134759e-06,0.648007,-2.80306267086416e-09,TRUE
"verify",28,98,279446,0.0948114672641336,0.555104,0.308781042278781,FALSE
"verify",31,98,304019,0.0509282097969167,0.536506,0.116883684852979,FALSE
"verify",34,98,328592,9.36810632989893e-06,0.750343,-3.55364448978435e-09,TRUE
"verify",37,98,353165,8.58157686802576e-06,0.687214,-6.10488370966777e-09,TRUE
"verify",40,98,377738,0.1304030129478,0.631991,2.3286400600195,FALSE
"verify",43,98,402311,0.325902649179981,0.616045,7.39922709301534,FALSE
"verify",46,98,426884,0.15002106063842,0.613098,1.16369629911617,FALSE
"verify",49,98,451457,0.252469406688816,0.62057,18.5683693608328,FALSE
"verify",1,99,58290,8.02877959357651e-07,0.756529,-1.51771928358357e-11,TRUE
"verify",4,99,82863,6.15996496486073e-06,0.760168,-6.1345417634584e-10,TRUE
"verify",7,99,107436,9.48112172171429e-06,0.745968,-1.70257408171892e-09,TRUE
"verify",10,99,132009,9.9199982482706e-06,0.749243,-3.74825503968168e-10,TRUE
"verify",13,99,156582,5.70913989139016e-05,0.866124,-1.05944764072774e-09,TRUE
"verify",16,99,181155,0.447627601842498,0.819309,33.8801461519157,FALSE
"verify",19,99,205728,0.489064605846859,0.869514,17.1697562753116,FALSE
"verify",22,99,230301,0.50816525140549,0.878633,30.4413055876976,FALSE
"verify",25,99,254874,0.0753495104569313,0.495783,0.0669278666449031,FALSE
"verify",28,99,279447,1.01071352859915e-05,0.550794,-8.88010731614486e-09,TRUE
"verify",31,99,304020,0.0434854030709307,0.585159,0.0414058311605743,FALSE
"verify",34,99,328593,0.0693989982582707,0.629689,0.0213028099282511,FALSE
"verify",37,99,353166,0.143139315033263,0.625294,0.852944962582185,FALSE
"verify",40,99,377739,0.115463269707818,0.593582,1.59906003115455,FALSE
"verify",43,99,402312,1.74618771685659e-05,0.593924,-4.00598310079658e-09,TRUE
"verify",46,99,426885,0.259348621961479,0.655565,7.73358355933904,FALSE
"verify",49,99,451458,0.376470066635626,0.700779,54.7331208075156,FALSE
"verify",1,100,58291,1.6619324675798e-05,0.803412,-6.97241375746671e-10,TRUE
"verify",4,100,82864,6.8758536299341e-06,0.816396,-2.77537992587895e-09,TRUE
"verify",7,100,107437,0.0958455578654243,0.792461,0.031815634310334,FALSE
"verify",10,100,132010,4.57525078818476e-06,0.78868,-5.02609509567264e-10,TRUE
"verify",13,100,156583,0.324962980165361,0.790773,4.83833113730248,FALSE
"verify",16,100,181156,0.340380129633828,0.820419,7.96011719561818,FALSE
"verify",19,100,205729,0.51676059521115,0.942656,6.5603507980363,FALSE
"verify",22,100,230302,0.369740236494619,0.857568,2.2631238936039,FALSE
"verify",25,100,254875,1.852289904146e-05,0.634317,-4.97426100309895e-09,TRUE
"verify",28,100,279448,0.138793204831613,0.595326,1.03947295518975,FALSE
"verify",31,100,304021,1.24030445282852e-05,0.557179,-1.65319136158359e-08,TRUE
"verify",34,100,328594,0.182783930306947,0.606992,1.52978994724629,FALSE
"verify",37,100,353167,1.33745630148776e-05,0.51135,-6.19253626155114e-09,TRUE
"verify",40,100,377740,0.166778398346063,0.622719,4.84183086896118,FALSE
"verify",43,100,402313,0.554141929233859,0.739396,32.9367760032962,FALSE
"verify",46,100,426886,0.216826732550972,0.632815,3.36617657356133,FALSE
"verify",49,100,451459,0.299913911907513,0.665539,28.0157234058315,FALSE
